language,glottocode,family,correlation
Southeastern Tepehuan,sout2976,Uto-Aztecan,0.3213299013638198
Karadjeri,kara1476,Pama-Nyungan,0.2496158614636167
Comanche,coma1245,Uto-Aztecan,0.31718102931472997
Arosi,aros1241,Austronesian,0.3439717512890985
Alamblak,alam1246,Sepik,0.18440858487302586
Tiri-Mea,tiri1258,Austronesian,0.3888784631834711
Adnyamathanha,adny1235,Pama-Nyungan,0.21741508678800267
Copper Inuit,copp1244,Eskimo-Aleut,0.42675318833018994
Dari,dari1249,Indo-European,0.44370198507836994
Nehan,neha1247,Austronesian,0.2647300291067596
Ngaanyatjarra,ngaa1240,Pama-Nyungan,0.29107574932146213
East Uvean,wall1257,Austronesian,0.23482300764793573
Casiguran-Nagtipunan Agta,casi1235,Austronesian,0.34494679509954584
Tiale,tial1239,Austronesian,0.4589030244618938
Huarijio,huar1255,Uto-Aztecan,0.1923692722232119
Kazym Khanty,nort2672,Uralic,0.17159748672374026
Southeast Babar,sout2883,Austronesian,0.24864919736996716
Iowa-Oto,iowa1245,,0.24469477682478968
Nengone,neng1238,Austronesian,0.2615849588794444
Judeo-Tat,jude1256,Indo-European,0.36584329513106223
Agob-Ende-Kawam,agob1244,Pahoturi,0.15388108165063413
Meyah,meya1236,,0.32457049766047974
Sibe,sibe1248,South Bougainville,0.20859518002622526
Bila,bila1255,Atlantic-Congo,0.24491237225777363
Lahnda,lahn1241,Indo-European,0.3833922736989902
Bunganditj,bung1264,Pama-Nyungan,0.3645658722981769
Western Low Navarrese,west1508,,0.3401575807735037
Ukrainian,ukra1253,Indo-European,0.3761644051601131
Magam,maga1262,Austronesian,0.26950627050926584
Zuni,zuni1245,,0.39719942768993544
Shanghainese,shan1293,Sino-Tibetan,0.2937022191055982
Anuta,anut1237,Austronesian,0.2661090075294289
Wang-The,wang1287,Sino-Tibetan,0.3280951454892155
Central Tagbanwa,cent2090,Austronesian,0.4242077509403577
Isirawa,isir1237,Greater Kwerba,0.24287201061066208
Kawaiisu,kawa1283,Uto-Aztecan,0.32193158876933864
Tolaki,tola1247,Austronesian,0.34011393990882655
Larevat,lare1249,Austronesian,0.17847360767277115
Bafia,bafi1243,Atlantic-Congo,0.3558889977046019
Polish,poli1260,Indo-European,0.3859358922213796
Yuracaré,yura1255,,0.19161265591092586
Macushi,macu1259,Cariban,0.38424814105640426
Hupa-Chilula,hupa1239,,0.21972901599389177
Punu,punu1239,Atlantic-Congo,0.2787750009157425
Songoora,song1300,Atlantic-Congo,0.3473935140334284
Qawasqar,qawa1238,,0.4803874115598692
Paakantyi,darl1243,Pama-Nyungan,0.27935703995821926
Warumungu,waru1265,Pama-Nyungan,0.28493750173633126
Kuman,kuma1280,Nuclear Trans New Guinea,0.17089950210182814
Chepang,chep1245,Sino-Tibetan,0.40812860125646117
Ulawa,ulaw1237,Austronesian,0.3274030301362102
Suki,suki1245,,0.17336708433978895
Blood,bloo1239,Algic,0.284855044600576
Cocopa,coco1261,,0.28292124833467414
Ganda,gand1255,Atlantic-Congo,0.2813861745135897
Nuu-chah-nulth,nuuc1236,,0.4993359433706217
Kambera,kamb1299,Austronesian,0.17720564252892113
Takia,taki1248,Austronesian,0.10920374133735364
Trumai,trum1247,,0.42035192366463947
Western Canadian Inuktitut,west2618,,0.24812466329394822
Avestan,aves1237,Indo-European,0.4274845326239086
Wappo,wapp1239,,0.16856888011316612
East Futuna,east2447,Austronesian,0.3392069077247347
I'saka,kris1246,Sko,0.1426996951834481
Cinta Larga,cint1239,Tupian,0.14883507634510956
Duungidjawu,duun1241,Pama-Nyungan,0.2875950570019673
Kurukh,kuru1302,Dravidian,0.28141851375376703
Yavitero,yavi1244,Arawakan,0.46095540432825005
Warta Thuntai,gunt1241,,0.3709875095435138
Iau,iauu1242,Lakes Plain,0.31103712951345075
South Tuvaluan,sout2865,Austronesian,0.22121519502219025
Plains Cree,plai1258,Algic,0.20361494976123323
Kom (Cameroon),komc1235,Atlantic-Congo,0.5115518353014901
Pipil,pipi1250,Uto-Aztecan,0.6646365622180119
Sake,sake1247,Atlantic-Congo,0.20934450840094918
Berik,beri1254,Tor-Orya,0.31699087290832584
Atta,atta1244,Austronesian,0.3723514250089448
Pagu,pagu1249,,0.4750147936185788
Tetela,tete1250,Atlantic-Congo,0.43075967523925424
Nyulnyul,nyul1247,,0.3838464782741443
Ratagnon,rata1245,Austronesian,0.43150601348275774
Central Aymara,cent2142,,0.48932819574219605
Zinza,zinz1238,Atlantic-Congo,0.3291686054885747
Tok Pisin,tokp1240,Indo-European,0.22834989430972516
Meru,meru1245,Atlantic-Congo,0.18482369244777608
Araweté,araw1273,Tupian,0.24340061504577212
Margany,marg1253,Pama-Nyungan,0.26750449621730726
Ma'anyan,maan1238,Austronesian,0.3590997865481729
Phende,phen1239,Atlantic-Congo,0.40887853255168105
Classical Nahuatl,clas1250,Uto-Aztecan,0.28905896664074454
Vao,vaoo1237,Austronesian,0.26893341637263835
Gumatj,guma1253,Pama-Nyungan,0.29690579660684574
Western Mari,west2392,Uralic,0.3418907734067906
Serbian-Croatian-Bosnian,sout1528,Indo-European,0.3396789037006185
Muna,muna1247,Austronesian,0.34726385437503726
Bardic,bard1254,,0.2810468274764784
Southern Cook Island Maori,raro1241,Austronesian,0.38214786518371685
Numbami,numb1247,Austronesian,0.28081899889173545
Southeast Ambrym,sout2859,Austronesian,0.08605145334942066
Wangkajunga,wang1288,Pama-Nyungan,0.40373850346342927
Madak linkage,mada1284,Austronesian,0.18781938781130053
Bengali,beng1280,Indo-European,0.41567719679303117
Kinshasa Lingala,ling1263,Atlantic-Congo,0.3616543007390814
Tolowa-Chetco,tolo1259,,0.27781369512815257
Eudeve,eude1234,Uto-Aztecan,0.2519447751495246
Modern Ossetic,osse1243,Indo-European,0.4135320838203492
Amis,amis1246,Austronesian,0.42659792305296973
Yurok,yuro1248,Algic,0.4084129093573874
Yaqui,yaqu1251,Uto-Aztecan,0.17932662526551305
Waimiri-Atroari,waim1253,Cariban,0.22304219402285072
Winnebago-Chiwere,winn1245,,0.1711009145271783
Shoshoni,shos1248,Uto-Aztecan,0.2980982101712111
Mori Atas,mori1269,Austronesian,0.3690461330764191
Narrinyeri,narr1259,Pama-Nyungan,0.5441024208992856
Emae,emae1237,Austronesian,0.3419816908063434
Ute,utee1244,Uto-Aztecan,0.1610669615356654
Neve'ei,vinm1237,Austronesian,0.19967145909157624
Aniwa,aniw1237,Austronesian,0.2222021176091802
Sangtam Naga,sang1321,Sino-Tibetan,0.33746109198268154
Talise,tali1259,Austronesian,0.2680607421229968
Kashaya,kash1280,,0.2520636677874918
Sawai,sawa1247,Austronesian,0.3815353414015107
Tuamotuan,tuam1242,Austronesian,0.336342422040131
Tonga (Tonga Islands),tong1325,Austronesian,0.2555846169503192
Nen,nenn1238,,0.20023050055338712
Mapudungun,mapu1245,,0.3401598864053108
Chihuahua Pima Bajo,chih1238,Uto-Aztecan,0.382331591081436
Tetun Dili,tetu1246,Austronesian,0.30532991594866354
Idi,nucl1597,,0.21673202219165177
Mbala,mbal1257,Atlantic-Congo,0.3204128583903114
Gela,gela1263,Austronesian,0.47526775218714856
Muruwari,muru1266,Pama-Nyungan,0.22830660059782795
Shina (Nakh-Daghestan),shin1265,Nakh-Daghestanian,0.3739643580506875
Farafi,butm1237,Austronesian,0.37389861751759734
Lewo,lewo1242,Austronesian,0.24631201102547326
Bali,bali1275,Atlantic-Congo,0.6895219506741047
Sangu (Gabon),sang1333,Atlantic-Congo,0.33719158459075493
Dehong,deho1238,Tai-Kadai,0.22354753601329314
Watut,watu1246,Austronesian,0.15322989073837545
Yugambal,yuga1244,Pama-Nyungan,0.2550105469315761
Oto,otoo1241,,0.24945932190264494
Manange,mana1288,Sino-Tibetan,0.41532510191627536
Kosraean,kosr1238,Austronesian,0.36420383297790626
Murriny Patha,murr1258,,0.23965751453155765
Wangganguru,wang1290,Pama-Nyungan,0.3240020918945633
Baure,baur1253,Arawakan,0.5605193375212072
Chirag,chir1284,Nakh-Daghestanian,0.4257254380402005
Pintupi-Luritja,pint1250,Pama-Nyungan,0.2847915512881745
Kaiwá,kaiw1246,Tupian,0.23438632615079014
Sinhala,sinh1246,Indo-European,0.2754449397086214
Cree,cree1272,Algic,0.19273200272542718
Osage,osag1243,,0.15474733018593495
Tungag,tung1290,Austronesian,0.23911917094067223
Danish,dani1285,Indo-European,0.39443812704063846
Meadow Mari,gras1239,Uralic,0.3001757018719851
Ems-Weser Frisian,sate1242,Indo-European,0.35797967126167307
Tajik,taji1245,Indo-European,0.3593585373928898
Makonde,mako1251,Atlantic-Congo,0.3516672846278509
Xibe,xibe1242,,0.29577596825643077
Minigir,mini1251,Austronesian,0.38012915557785726
Kemtuik,kemt1242,Nimboranic,0.1493829376629333
Selk'nam,onaa1245,,0.35797928646016464
Munggava,mung1271,Austronesian,0.20524755111209242
Panamint,pana1305,Uto-Aztecan,0.41175278434399964
Tulambatu,tula1253,Austronesian,0.34469756798845685
Ida'an,idaa1241,Austronesian,0.3429142683702165
Karruwali,karr1236,Pama-Nyungan,0.5887689287098588
Lipan Apache,lipa1241,,0.28523366254235505
Jingulu,djin1251,,0.4654224826258196
Old Aramaic-Sam'alian,olda1245,Afro-Asiatic,0.4307222493800026
Parakanã,para1312,Tupian,0.2907698420392816
Choctaw,choc1276,,0.2733967177201255
Balangao,bala1310,Austronesian,0.3241875256009976
Paluai,balu1257,Austronesian,0.2381458813008541
Tamil,tami1289,Dravidian,0.2736322741754985
Erzya,erzy1239,Uralic,0.34962673390619275
Ingrian,ingr1248,Uralic,0.4255819871372806
Roviana,rovi1238,Austronesian,0.30950426931507236
Wangkumara,wong1246,Pama-Nyungan,0.4066783609542869
Old Prussian,prus1238,Indo-European,0.5285570285479374
Kuot,kuot1243,,0.21496934751092578
Binongan Itneg,bino1237,Austronesian,0.38208127680004833
Nama (Papua New Guinea),nama1266,,0.16588438907491115
Taumako,taum1237,Austronesian,0.2336684156796443
Malua Bay,malu1245,Austronesian,0.2225601936732395
Maguindanao,magu1243,Austronesian,0.3415017250353027
Mbuun,mpuo1241,Atlantic-Congo,0.3112770988113785
Shipibo-Conibo,ship1254,Pano-Tacanan,0.4101862723400372
Toda,toda1252,Dravidian,0.4015902162412781
Lenakel,lena1238,Austronesian,0.3072364142852786
Auslan,aust1271,,0.3520627937110504
Bannock,bann1248,Uto-Aztecan,0.20755349294510447
Mungaka,mung1266,Atlantic-Congo,0.28477147898158106
Yulparija,yulp1239,Pama-Nyungan,0.29380118706944525
Warlpiri,warl1254,Pama-Nyungan,0.24803639837114025
South Slavey,sout2959,,0.35565517760724885
Kashmiri,kash1277,Indo-European,0.42091260955462406
Ngamini-Yarluyandi-Karangura,ngam1265,Pama-Nyungan,0.2749366803598266
Kosarek Yale,kosa1249,Nuclear Trans New Guinea,0.37710746781331494
Fipa,fipa1238,Atlantic-Congo,0.27600223710446836
North Tanna,nort2847,Austronesian,0.22417649088712832
Alyawarr,alya1239,Pama-Nyungan,0.2994356138024288
Lauje,lauj1238,Austronesian,0.3895480733073362
Eastern Bolivian Guaraní,east2555,Tupian,0.40084714324719256
Mayo,mayo1264,Uto-Aztecan,0.4612925959256803
Termanu,term1237,Austronesian,0.2130151472563539
Buli,buli1256,Austronesian,0.3851674404946378
Marind,nucl1622,,0.27936301601876384
Wanman,wanm1242,Pama-Nyungan,0.4515903779500645
Tuscarora,tusc1257,,0.27624410518371884
Cherokee,cher1273,,0.25817496936865647
Arabana,arab1267,Pama-Nyungan,0.26411849619240646
Udmurt,udmu1245,Uralic,0.34147174404315583
Ngoni,ngon1269,Atlantic-Congo,0.4241667719260562
Urak Lawoi',urak1238,Austronesian,0.38531691760626463
Māori,maor1246,Austronesian,0.31402594740595524
Bierebo,bier1244,Austronesian,0.2814963639561362
Tubar,tuba1279,Uto-Aztecan,0.446776661081022
Common Delaware,comm1246,Algic,0.2819356363680213
Dobu,dobu1241,Austronesian,0.34641795122983376
Seneca,sene1264,,0.3423770066237194
West Futuna,west2515,Austronesian,0.10519296054887756
Ga'dang,gada1258,Austronesian,0.3877573088541464
Mocoví,moco1246,,0.348685388992796
Omaha-Ponca,omah1247,,0.20037042884119916
Ngiyambaa,wang1291,Pama-Nyungan,0.47707566688210334
North Northern Paiute,nort1551,Uto-Aztecan,0.21354054164050598
Paraguayan Guaraní,para1311,Tupian,0.35298417581386654
Ampibabo,ampi1237,Austronesian,0.41516072776713075
Onondaga,onon1246,,0.32057073236920697
Highland Puebla Nahuatl,high1278,Uto-Aztecan,0.54174867396735
Dhuwal,dhuw1249,Pama-Nyungan,0.3429550915956849
Muduapa,mudu1242,Austronesian,0.31577343507015826
Latin,lati1261,Indo-European,0.42059505133717584
Dakota,dako1258,,0.23166124972252894
Dehu,dehu1237,Austronesian,0.3239007643254798
Māngarongaro,penr1237,Austronesian,0.3381885766932579
Shi,shii1238,Atlantic-Congo,0.25932748218057355
Yorta Yorta,yort1237,Pama-Nyungan,0.2850627847620144
Yinhawangka,yinh1234,Pama-Nyungan,0.3832506995566078
Sogeram,soge1235,Nuclear Trans New Guinea,0.19624259539939937
Vili,vili1238,Atlantic-Congo,0.4900980294098034
Tsaangi,tsaa1242,Atlantic-Congo,0.4900980294098035
Mouk,mouk1240,Austronesian,0.1793338277777609
Paicî,paic1239,Austronesian,0.25847763397493095
Sikaiana,sika1261,Austronesian,0.19051128255221406
Meta',meta1238,Atlantic-Congo,0.49297319554410063
Sateré-Mawé,sate1243,Tupian,0.2763608562741421
Kikuyu,kiku1240,Atlantic-Congo,0.3823942626685068
Southern-Coastal Tsimshian,nucl1649,,0.4746539250671897
Umbundu,umbu1257,Atlantic-Congo,0.3495834745282666
Atchin,atch1238,Austronesian,0.30463492466958914
Ngulu,ngul1246,Atlantic-Congo,0.25160204590547053
Yabem,yabe1254,Austronesian,0.25756824106743115
Iwam,iwam1256,Sepik,0.2894015376471264
Gigatl,giga1238,Nakh-Daghestanian,0.39077442530869094
Avar,avar1256,Nakh-Daghestanian,0.384238652478748
Quechan,quec1382,,0.20591846529822166
Langi,lang1320,Atlantic-Congo,0.3208872292716901
Icelandic,icel1247,Indo-European,0.3906335181905316
Lunda,lund1266,Atlantic-Congo,0.28068361320014484
Czech,czec1258,Indo-European,0.4404648567041123
Batlux,batl1238,Nakh-Daghestanian,0.39265516205114476
Central Sama,cent2092,Austronesian,0.4147303542589424
Maranao,mara1404,Austronesian,0.43662864532351686
Estonian,esto1258,Uralic,0.26813087340559755
Mongolian,mong1331,,0.36330304421722237
Achuar,achu1249,Chicham,0.27972737198574715
Pokomo,poko1261,Atlantic-Congo,0.1703356555655557
Ende (Papua New Guinea),ende1235,,0.3569020893080671
Pampanga,pamp1243,Austronesian,0.4376204438707978
Sundanese,sund1252,Austronesian,0.3559293221436808
Ganggalida,gang1267,,0.1533162560950989
North Marquesan,nort2845,Austronesian,0.31102323100278795
Meskwaki,mesk1242,Algic,0.2310229168365998
North Muyu,nort2916,Nuclear Trans New Guinea,0.2569292374026034
Sula,sula1245,Austronesian,0.19995452172708475
Malecite,male1293,Algic,0.20016178447249558
Old Russian,oldr1238,Indo-European,0.5604640182850431
Southwestern Alaya-Athima,kunj1248,Pama-Nyungan,0.17823139625097917
Tswana,tswa1253,Atlantic-Congo,0.24687304799401683
Balochic,balo1260,Indo-European,0.4424638256521012
Ura (Vanuatu),urav1235,Austronesian,0.2939102235009345
Yugumbir,yugu1249,Pama-Nyungan,0.3777544476474457
Waffa,waff1241,Nuclear Trans New Guinea,0.23094100936484058
Lavatbura-Lamusong,lava1239,Austronesian,0.37058269651553205
Ancient Greek,anci1242,Indo-European,0.4766600871977357
Totoli,toto1304,Austronesian,0.39539281398185777
El Nayar Cora,elna1235,Uto-Aztecan,0.3608703380386167
Djambarrpuyngu,djam1256,Pama-Nyungan,0.3015976695491974
Mokpwe,mokp1239,Atlantic-Congo,0.24807267246094214
Kwasio,kwas1243,Atlantic-Congo,0.36839303929870504
Wogeo,woge1237,Austronesian,0.29278452931971183
Kala Lagaw Ya,kala1377,Pama-Nyungan,0.2506218126022843
Colombian Sign Language,colo1249,,0.5071776493539532
Ponca,ponc1241,,0.2715541548649093
Yir-Yoront,yiry1245,Pama-Nyungan,0.24028435142663016
Panare,enap1235,Cariban,0.3102021558678282
Bunun,bunu1267,Austronesian,0.46904190159997766
Waru,waru1266,Austronesian,0.27107924946557016
Sinitic,sini1245,Sino-Tibetan,0.2128155418184541
Hidatsa,hida1246,,0.22992459247282174
Frisian,fris1239,Indo-European,0.3901181367458524
Angaité,anga1316,,0.33469906549468575
Western Farsi,west2369,Indo-European,0.45392345342191714
Varisi,vari1239,Austronesian,0.29314022570418075
Sosva Mansi,nort2677,Uralic,0.25541055007523067
Manam,mana1295,Austronesian,0.30372256118972113
Mangei,mang1407,Austronesian,0.2840233103514761
Tamambo,malo1243,Austronesian,0.28270419447313155
Indonesian Bajau,indo1317,Austronesian,0.4141944162790358
Kriol (Roper River),krio1252,Indo-European,0.18805352751440038
Ayoreo,ayor1240,,0.4414568095435997
Ottawa,otta1242,Algic,0.23875998341570456
Balinese,bali1278,Austronesian,0.3667810173395821
Waia (Bungku),waia1242,Austronesian,0.27340417506804804
Dzongkha,dzon1239,Sino-Tibetan,0.262371406243603
Amanab,aman1265,Border,0.1727032521035301
Yelmek,yelm1242,,0.17888007522874655
Sardinian,sard1257,Indo-European,0.45376480752293413
Chipewyan,chip1261,,0.4109415235946834
Galela,gale1259,North Halmahera,0.2774993477587754
Bende,bend1258,Atlantic-Congo,0.2678170360763163
Shasta,shas1239,,0.2068398990765146
Masaaba,masa1299,Atlantic-Congo,0.3093139136960071
Wari',wari1268,,0.8660254037844388
Uab Meto,uabm1237,Austronesian,0.30844780857506776
Telugu,telu1262,Dravidian,0.23253432214377462
Kayardild-Yangkaal,kaya1318,,0.26353713354286756
Kombai,komb1274,Nuclear Trans New Guinea,0.2815323128304842
Thao,thao1240,Austronesian,0.3789296542400559
Kamayurá,kama1373,Tupian,0.3031220359266692
Brunei-Sabah Malay,saba1263,Austronesian,0.4121089326294355
Northern Haida,nort2938,,0.3850382701754551
Tapirapé,tapi1254,Tupian,0.1885174935080357
Tiv,tivv1240,Atlantic-Congo,0.3410542139219865
Kumyk,kumy1244,Turkic,0.38253477439370165
Marwari (India),marw1260,Indo-European,0.3686734378328503
Meriam,meri1244,,0.25607615876853435
Bamun,bamu1253,Atlantic-Congo,0.49333352526529767
Ili'uun,iliu1237,Austronesian,0.1706127107895083
Wirangu,wira1265,Pama-Nyungan,0.2709185097651825
Mohawk,moha1258,,0.3777851784493491
Hiligaynon,hili1240,Austronesian,0.40700551116621875
Mali,mali1284,,0.24453096732885823
Palauan,pala1344,Austronesian,0.2911230852539294
Guarayu,guar1292,Tupian,0.16142164945941723
Wawonii,wawo1239,Austronesian,0.3851902653174494
Badimaya,badi1246,Pama-Nyungan,0.39109185175718864
Suundi,suun1239,Atlantic-Congo,0.3850623299356743
Kayabí,kaya1329,Tupian,0.417021847405071
Mussau-Emira,muss1246,Austronesian,0.20099474917227178
Mwotlap,motl1237,Austronesian,0.23414431485391252
Avá-Canoeiro,avac1239,Tupian,0.036723379957332845
Tirax,maee1241,Austronesian,0.3556200645583501
Lala-Bisa,lala1264,Atlantic-Congo,0.2530296737125431
Puluwatese,pulu1242,Austronesian,0.15643542925550996
Tomini,tomi1243,Austronesian,0.419905350126739
Aneityum,anei1239,Austronesian,0.3065954521219061
Tuvalu,tuva1244,Austronesian,0.36208405891772777
Weda,weda1240,Austronesian,0.4204844562966967
Rennell-Bellona,renn1242,Austronesian,0.2162644664959207
Gane,gane1237,Austronesian,0.40262757856873166
Lamba,lamb1271,Atlantic-Congo,0.23516171758403312
Movono,tang1347,Austronesian,0.554696235362335
Eel River Athabaskan,wail1244,,0.20510682920730056
Umiray Dumaget Agta,umir1236,Austronesian,0.30852869218040685
Okanagan,okan1243,Salishan,0.2562850232478575
Menui,menu1237,Austronesian,0.2704313098637967
Latvian,latv1249,Indo-European,0.4352001433319923
Vlax Romani,vlax1238,Indo-European,0.43024145572661654
Awiakay,awia1234,Arafundi,0.2121741938814522
Guugu Yimidhirr,gugu1255,Pama-Nyungan,0.18436022696733181
Zigula,zigu1242,Atlantic-Congo,0.30141670127418796
Serbian Standard,serb1264,Indo-European,0.39467906687546317
Äiwoo,ayiw1239,Austronesian,0.27446928675389015
Tasiko,tasi1237,Austronesian,0.19724796195452848
Marathi,mara1378,Indo-European,0.38697599348066897
Nuclear Woleaian,nucl1479,Austronesian,0.2556893376426476
Sirionó,siri1273,Tupian,0.1962049449765378
Buhid,buhi1245,Austronesian,0.41048364587163344
Gayo,gayo1244,Austronesian,0.31187993588853213
Bena (Tanzania),bena1262,Atlantic-Congo,0.26938819456959956
Lubuagan Kalinga,lubu1243,Austronesian,0.3890217141584634
Marshallese,mars1254,Austronesian,0.20875315847168302
Nepali,nepa1254,Indo-European,0.3333449713923592
Proto-Tupi-Guarani,tupi1239,Tupian,0.22460992737423252
Usarufa,usar1243,Nuclear Trans New Guinea,0.28999427179204573
Doutai,dout1240,Lakes Plain,0.2550420479266515
Yadhaykenu,yadh1237,Pama-Nyungan,0.22417191896479374
Catalan,stan1289,Indo-European,0.4476596474183565
Yucatec Maya,yuca1254,,0.30230937851114326
Dyirbal,dyir1250,Pama-Nyungan,0.3023814142261037
Mala,mala1494,,0.1802923209752948
Alangan,alan1249,Austronesian,0.3454967537444559
Atsugewi,atsu1245,,0.46275139272125954
Araki,arak1252,Austronesian,0.19786259556405056
Lau,lauu1247,Austronesian,0.2089526367681221
Adang,adan1251,,0.23288581939314607
Cocama-Cocamilla,coca1259,Tupian,0.32572848921973974
Bwaidoga,bwai1243,Austronesian,0.6259898282378901
Umbu-Ungu,umbu1258,Nuclear Trans New Guinea,0.19801861212771543
Lake Miwok,lake1258,,0.4989102783994313
Sanapaná,sana1298,,0.3335016380506209
Tucano,tuca1252,,0.15088262564839855
Tajio,taji1246,Austronesian,0.4174521396821774
Yanomám,yano1262,,0.43363874242661743
Paliyan,pali1274,Dravidian,0.32518531790812877
Kwaio,kwai1243,Austronesian,0.20361570561561965
Naman,litz1237,Austronesian,0.17847360767277115
Selkup,selk1253,Uralic,0.25123073160594755
Anambé,anam1249,Tupian,0.2787836782209312
Kanum,kanu1280,,0.8660254037844386
Kagulu,kagu1239,Atlantic-Congo,0.3398785502093586
Karok,karo1304,,0.2880512525874026
Assiniboine,assi1247,,0.19825756718002957
Gupapuyngu,gupa1247,Pama-Nyungan,0.23515367274458168
Neme,neme1244,,0.2094959877869677
Chokwe,chok1245,Atlantic-Congo,0.2365026289964764
Karenic,kare1337,Sino-Tibetan,0.4159707647131001
Karitiâna,kari1311,Tupian,0.32979038069921784
Peoria,peor1238,Algic,0.18296900547389539
Yalarnnga,yala1262,Pama-Nyungan,0.3239714754436285
Bungku,bung1269,Austronesian,0.36708617605228655
Wathawurrung,wath1238,Pama-Nyungan,0.4007795510871557
Dandami Maria,dand1238,Dravidian,0.30739741508647384
Kunimaipa,kuni1267,Goilalan,0.15966134259074552
Hoti,yuwa1244,,0.2943911786464641
Martu Wangka,mart1256,Pama-Nyungan,0.2853263999676383
Ekari,ekar1243,Nuclear Trans New Guinea,0.20576018963283244
Sawi,sawi1257,Nuclear Trans New Guinea,0.3222180052871555
Macedonian,mace1250,Indo-European,0.41470664704961097
Laiwui,laiw1239,Austronesian,0.2875856824425933
Tzeltal,tzel1254,,0.516617589762357
Old Rapa,rapa1245,Austronesian,0.39104249444681194
Southwestern Tepehuan,sout2977,Uto-Aztecan,
Wagaya,waga1260,Pama-Nyungan,0.22071759344430297
Kuanua,kuan1248,Austronesian,0.1479591433168474
Kazakh,kaza1248,Turkic,0.35468534526987894
Tsogo,tsog1243,Atlantic-Congo,0.42456969386188526
Chamalal,cham1309,Nakh-Daghestanian,0.3763626671439365
Sarangani Blaan,sara1326,Austronesian,0.338362384922285
Pacoh,paco1243,Austroasiatic,0.3017803660529143
Western Bukidnon Manobo,west2555,Austronesian,0.2520968646057773
Inxokvari,inxo1238,Nakh-Daghestanian,0.38586810056462173
Japanese,nucl1643,,0.4086483994942236
Kodava,koda1255,Dravidian,0.311037438420101
Mbyá Guaraní,mbya1239,Tupian,0.13041250266150844
Lingua Geral Paulista,tupi1274,Tupian,0.30774355675901494
Pitta Pitta,pitt1247,Pama-Nyungan,0.18623147161188808
Umpila,umpi1239,Pama-Nyungan,0.2324842090494537
East Ambae,east2443,Austronesian,0.2807011864463975
Riuk Bekati',beka1241,Austronesian,0.47535358125838634
Piegan,pieg1239,Algic,0.30314386192630893
Vera'a,vera1241,Austronesian,0.3655290878747738
Lauan,laua1243,Austronesian,0.12379857014939696
Solu-Khumbu Sherpa,sher1255,Sino-Tibetan,0.4077969871933243
Northern Emberá,nort2972,,0.40266624208176943
Northern Kurdish,nort2641,Indo-European,0.334830625236482
Jamaican Creole English,jama1262,Indo-European,0.3769723480744032
Yaka-Pelende-Lonzo,yaka1269,Atlantic-Congo,0.3236829310518871
Ding,ding1239,Atlantic-Congo,0.3752237573748938
Waropen,waro1242,Austronesian,0.348771201742775
Cahuilla,cahu1264,Uto-Aztecan,0.24206277503759233
Tübatulabal,tuba1278,Uto-Aztecan,0.3287086651633177
Mori Bawah,mori1268,Austronesian,0.3474768792008679
Irish,iris1253,Indo-European,0.34406950609363585
Kei,keii1239,Austronesian,0.6323106069415214
Ifugaw,ifug1247,Austronesian,0.356079344884297
Tikopia,tiko1237,Austronesian,0.17777194608940705
Cheke Holo,chek1238,Austronesian,0.24549133504825835
Paiwan,paiw1248,Austronesian,0.3409862082887837
Unua,unua1237,Austronesian,0.33300498018928604
Kumbainggar,kumb1268,Pama-Nyungan,0.2411422835749168
Marquesan,marq1246,Austronesian,0.2311444051626913
Huichol,huic1243,Uto-Aztecan,0.5165004508187838
Loniu,loni1238,Austronesian,0.471945418210922
Teiwa,teiw1235,,0.15328806865606628
West Kewa,west2599,Nuclear Trans New Guinea,0.24798768816812156
Iban,iban1264,Austronesian,0.39353313934797257
Mohegan-Montauk-Narragansett,mohe1244,Algic,0.2165804378713311
Yagwoia,yagw1240,Angan,0.3562955465533167
Akhvakh,akhv1239,Nakh-Daghestanian,0.41090750760347755
Portuguese,port1283,Indo-European,0.5274274757100522
English,stan1293,Indo-European,0.3451136245251239
Mortlockese,mort1237,Austronesian,0.50268515180195
Nyakyusa-Ngonde,nyak1260,Atlantic-Congo,0.26554253903713
Aklanon,akla1241,Austronesian,0.44240497632255654
Tupinambá,tupi1273,Tupian,0.29467330160001703
South Efate,sout2856,Austronesian,0.31342631297374185
Lozi,lozi1239,Atlantic-Congo,0.34746455214031735
Swedish,swed1254,Indo-European,0.35024095718184145
Nakanai,naka1262,Austronesian,0.33462566454731607
Northern Kankanay,nort2877,Austronesian,0.20087428384532477
French,stan1290,Indo-European,0.4079267857661505
Kilivila,kili1267,Austronesian,0.18297064714110076
Motu,motu1246,Austronesian,0.21240068996429637
To'abaita,toab1237,Austronesian,0.3096644648842194
Tenharim-Parintintin-Diahoi,tenh1241,Tupian,0.2707473423103027
Banjar,banj1239,Austronesian,0.4288359937402248
Paama,paam1238,Austronesian,0.4208409282222175
Biak,biak1248,Austronesian,0.2101445052994641
Northwest Sahaptin,yaki1237,,0.2672825440855631
Hano,hano1246,Austronesian,0.15141450456278063
Kimaama,kima1246,Kolopom,0.32794201378399634
Edopi,edop1238,Lakes Plain,0.212837298559556
Finnish,finn1318,Uralic,0.28184757935105453
Northern Mansi,mans1258,Uralic,0.35555495036624263
Yaka (Central African Republic),yaka1272,Atlantic-Congo,0.34911081276836486
Chipaya,chip1262,,0.2621962759956345
Miami,miam1252,Algic,0.1785755498578313
Western Keres,west2632,,0.3211003916469493
Niuafo'ou,niua1240,Austronesian,0.2084954091831545
Bali (Democratic Republic of Congo),bali1274,Atlantic-Congo,0.7224714262200101
Assamese,assa1263,Indo-European,0.31972859107245905
Sakata,saka1287,Atlantic-Congo,0.46599988425250327
Cebuano,cebu1242,Austronesian,0.37476144987057175
Bulgarian,bulg1262,Indo-European,0.42775579089528615
Icari,icar1234,Nakh-Daghestanian,0.41211967443254144
Yandruwandha,yand1253,Pama-Nyungan,0.19811664443224672
Mundurukú,mund1330,Tupian,0.29456759423548207
Maybrat-Karon,maib1239,Maybrat-Karon,0.15213880225912702
Sunwadia,mari1426,Austronesian,0.15953561906293198
Waiwai,waiw1244,Cariban,0.40829729257864755
Midob,mido1240,,0.4110424663734716
Northern Paiute,nort2954,Uto-Aztecan,0.41010371505045934
Northern Yukian,yuki1243,,0.3159341543227967
Western Armenian,homs1234,Indo-European,0.38751898182285105
Yámana,yama1264,,0.41098338797654327
Baruya,baru1267,Angan,0.26468292858216813
Kuvi,kuvi1243,Dravidian,0.1566227535566218
Mahasu Pahari,maha1287,Indo-European,0.3483475013807362
Mosetén-Chimané,mose1249,,0.25867678630409363
Pinji,pinj1243,Atlantic-Congo,0.2412874577798766
Soga,soga1242,Atlantic-Congo,0.35651032310990743
Awetí,awet1244,Tupian,0.33294558122010165
Wiwirano,wiwi1237,Austronesian,0.27107924946557016
Uripiv-Wala-Rano-Atchin,urip1239,Austronesian,0.24737792164001546
Maithili,mait1250,Indo-European,0.4458500478690193
Waorani,waor1240,,0.3771125536113854
Tenetehara,temb1276,Tupian,0.2059584561988094
Ketengban,kete1254,Nuclear Trans New Guinea,0.3745244919639578
Dondo,dond1249,Austronesian,0.42158917511995025
Duma,duma1253,Atlantic-Congo,0.58252425474977
Slave,slav1253,,0.2589258747925397
Flinders Island,flin1247,Pama-Nyungan,0.5820048501268026
Skolt Saami,skol1241,Uralic,0.25542686462425973
Wulguru,wulg1239,Pama-Nyungan,0.32654296664616234
Kyaka,kyak1244,Nuclear Trans New Guinea,0.23214756347714954
Patani,pata1260,Austronesian,0.4053853460043394
Dadibi,dadi1250,Teberan,0.11393729213644502
Gothic,goth1244,Indo-European,0.5193525395285736
Balaesang,bala1314,Austronesian,0.4036340760119972
Carolinian,caro1242,Austronesian,0.3700747106388689
Western Shoshoni,west2622,Uto-Aztecan,
Oceanic,ocea1241,Austronesian,0.2525588427068908
South Marquesan,sout2866,Austronesian,0.4394873624967358
Yansi,yans1239,Atlantic-Congo,0.4945183844237539
Atampaya,atam1239,Pama-Nyungan,0.332495031024178
Dieri,dier1241,Pama-Nyungan,0.14824581395819791
Kickapoo,kick1244,Algic,0.24363493749626164
Cupeño,cupe1243,Uto-Aztecan,0.22761336856306236
Yakan,yaka1277,Austronesian,0.3799870978192521
Brulé,brul1239,,0.2345041511783268
Kartujarra,kart1247,Pama-Nyungan,0.2841220811361473
Polci,polc1243,Afro-Asiatic,0.41380891966705097
Ute-Southern Paiute,utes1238,Uto-Aztecan,0.28099973112996945
Yele,yele1255,Yele,0.10547912730915174
Fordata,ford1242,Austronesian,0.43765335218359996
Chibcha,chib1270,,0.30679572492834184
Satawalese,sata1237,Austronesian,0.4041778100603448
Onobasulu,onob1238,Bosavi,0.178768826628435
Cubeo,cube1242,,0.25946477247428673
Old High German (ca. 750-1050),oldh1241,Indo-European,0.33649284610872715
Odia,oriy1255,Indo-European,0.4336863077297157
Tokharian B,tokh1243,Indo-European,0.3033370209769529
Wolio,woli1241,Austronesian,0.47924821021521974
'Are'are,area1240,Austronesian,0.24883523339370023
Huli,huli1244,Nuclear Trans New Guinea,0.25934378766979566
Kadar,kada1242,Dravidian,0.3164521252354557
Binja,binj1250,Atlantic-Congo,0.8660254037844386
Seki,seki1238,Atlantic-Congo,0.45383890882775996
Monumbo,nucl1458,Bogia,0.2852352552572127
Malapandaram,mala1468,Dravidian,0.26219989057092175
Pashto,pash1269,Indo-European,0.34844141139378715
Chuukese,chuu1238,Austronesian,0.24717566191325419
Ngadjunmaya,ngad1258,Pama-Nyungan,0.34967352636388394
Wayampi,waya1270,Tupian,0.26245201505533966
Tukang Besi South,tuka1249,Austronesian,0.23891804583350706
Kuuku-Ya'u,kuuk1238,Pama-Nyungan,0.24136800806152134
Thayore,thay1249,Pama-Nyungan,0.2917310823532149
Basque,basq1248,,0.3872598071669223
Jingpho,jing1260,Sino-Tibetan,0.220863614530021
Nanggu,nang1262,Austronesian,0.519520886637484
Tongva,tong1329,Uto-Aztecan,0.46045235442715093
Oroko,orok1266,Atlantic-Congo,0.8660254037844388
Southern Tepehuan,sout2975,Uto-Aztecan,0.4279192327259903
Nimboran,nucl1633,Nimboranic,0.24238338546076837
Wiradhuri,wira1262,Pama-Nyungan,0.4252641175945829
Komo (Democratic Republic of Congo),komo1260,Atlantic-Congo,0.29321058916174314
Mele-Fila,mele1250,Austronesian,0.3558375877373384
Central Cagayan Agta,cent2084,Austronesian,0.39358690173619315
Iraya,iray1237,Austronesian,0.37438838882185754
Ibanag,iban1267,Austronesian,0.4258730680039734
Hewa,hewa1241,Sepik,0.21668098999055602
Ahin-Kayapa Kalanguya,ahin1234,Austronesian,0.4507430771778239
Korowai,koro1312,Nuclear Trans New Guinea,0.31942565467944095
Rahambuu,raha1237,Austronesian,0.27107924946557016
Andalal-Gxdatl,anda1281,Nakh-Daghestanian,0.3532445525589557
Luiseno-Juaneño,luis1253,Uto-Aztecan,0.23474809002052097
Luba-Katanga,luba1250,Atlantic-Congo,0.2674313251756427
Eastern Mari,east2328,Uralic,0.35306303087919666
Buin,buin1247,,0.28682636938625083
Breton,bret1244,Indo-European,0.4645922033059956
Abui,abui1241,,0.30408592412004676
Routa,rout1237,Austronesian,0.36249040391116394
Godoberi,ghod1238,Nakh-Daghestanian,0.3847630949617688
Ojibwa,ojib1241,Algic,0.21939147767473766
Chamorro,cham1312,Austronesian,0.5229961312729778
Pendau,pend1242,Austronesian,0.38558898025156363
Central Subanen,cent2089,Austronesian,0.31848006653104355
Modole,modo1249,North Halmahera,0.3815856385725093
Church Slavic,chur1257,Indo-European,0.47206536303149993
Veps,veps1250,Uralic,0.21722911579087872
Ndumu,ndum1239,Atlantic-Congo,0.6326577550463062
Northwest Maidu,nort2951,,0.1380844330192911
Kalaallisut,kala1399,,0.1953880854700349
Huasteca Nahuatl,huas1257,Uto-Aztecan,0.764176753473676
Talaandig-Binukid,binu1244,Austronesian,0.43862623333237893
Madurese,nucl1460,Austronesian,0.36008753332514
Tundra Nenets,nene1249,Uralic,0.34144588371065154
Acehnese,achi1257,Austronesian,0.37199904740783957
Central Melanau,cent2101,Austronesian,0.3652574360697591
Kadai,kada1286,Austronesian,0.3147051621789311
Kwere,kwer1261,Atlantic-Congo,0.2940444634239071
Aché,ache1246,Tupian,0.373911101436192
Wapishana,wapi1253,Arawakan,0.3467524245848572
Cayuga,cayu1261,,0.3490718260149068
Ekonda Mongo,ekon1238,Atlantic-Congo,0.2828211670369793
Takuu,taku1257,Austronesian,0.37304325618453477
Kodi-Gaura,kodi1247,Austronesian,0.5097574379218426
Middle English,midd1317,Indo-European,0.313046316383394
Negerhollands,nege1244,Indo-European,0.5078724729714739
Northern Tepehuan,nort2959,Uto-Aztecan,0.2975695134576987
Tuyuca,tuyu1244,,0.34565769673187885
Welsh,wels1247,Indo-European,0.4294632835271896
Pilagá,pila1245,,0.38736664390459624
Telefol,tele1256,Nuclear Trans New Guinea,0.1933319774679853
Chenchu,chen1255,Dravidian,0.2681798270189114
Bayungu,bayu1240,Pama-Nyungan,0.3312964912394301
S'gaw Karen,sgaw1245,Sino-Tibetan,0.3458419141971741
Suzhou,suzh1234,Sino-Tibetan,0.294222710901394
Chemehuevi,chem1251,Uto-Aztecan,0.4389434334850096
Northern Pomo,nort2966,,0.34124388686275886
Tetum,tetu1245,Austronesian,0.3227147344627575
North Ambrym,nort2839,Austronesian,0.22130006189798973
Bario,bari1288,Austronesian,0.39045783661693545
Cusco Quechua,cusc1236,,0.3900914333263687
Budukh,budu1248,Nakh-Daghestanian,0.38226135566620334
Bacanese Malay,baca1243,Austronesian,0.41078772469166114
Car Nicobarese,carn1240,Austroasiatic,0.30797065215624925
Iyojwa'ja Chorote,iyoj1235,,0.5190454208280771
Ngarinman,ngar1235,Pama-Nyungan,0.23247393939021102
Kiramang,kira1248,,0.39128793241583903
Woleaian,wole1240,Austronesian,0.35061491179603904
Tomadino,toma1248,Austronesian,0.31142775812157164
Dampelas,damp1237,Austronesian,0.40003522973395533
Kalkutung,kalk1246,Pama-Nyungan,0.2253066837538648
Rade,rade1240,Austronesian,0.2648981273495973
Kansa,kans1243,,0.22890018215216365
Nuclear Miami,nucl1653,Algic,0.18154506019628974
Buru (Indonesia),buru1303,Austronesian,0.25324514603725157
East Kewa,east2516,Nuclear Trans New Guinea,0.2037121729415642
Eyak,eyak1241,,0.32120739474960347
Setaman,seta1246,Nuclear Trans New Guinea,0.20504806197202158
Kankanaey,kank1243,Austronesian,0.430820006325907
Bemba (Zambia),bemb1257,Atlantic-Congo,0.29044962831722165
Kómnjo,komn1238,,0.18039293196575787
Taje,taje1237,Austronesian,0.38558898025156363
Barí,bari1297,,0.4030220929611924
Bukat,buka1261,Austronesian,0.2990525291905584
Cornish,corn1251,Indo-European,0.37867542686879774
Wiyot,wiyo1248,Algic,0.40931184309730556
Momu-Fas,fass1245,Baibai-Fas,0.1286378835062476
Port Sandwich,port1285,Austronesian,0.2452316565326511
Bagvalal,bagv1239,Nakh-Daghestanian,0.39793718828264124
Rakahanga-Manihiki,raka1237,Austronesian,0.315910645035001
Laurentian,laur1250,,0.3962980647843073
Afrikaans,afri1274,Indo-European,0.3971959934643997
Jaru,jaru1254,Pama-Nyungan,0.15177977800624337
Northern Gondi,nort2702,Dravidian,0.3278045321486946
Oneida,onei1249,,0.28082612699632437
Warázu,paus1244,Tupian,0.31701987644051394
Pukapuka,puka1242,Austronesian,0.2804375127555211
Vurës,vure1239,Austronesian,0.23861618098319107
Javanese,java1254,Austronesian,0.4222173663373955
Mungiki,mung1270,Austronesian,0.44308516330095954
Lower Grand Valley Dani,lowe1415,Nuclear Trans New Guinea,0.22916201375455486
Tagalog,taga1270,Austronesian,0.38022587065402585
Jicarilla Apache,jica1244,,0.1801299237847665
Zabana,zaba1237,Austronesian,0.3983039200100811
Hunzib,hunz1247,Nakh-Daghestanian,0.3795071136280682
Gwich'in,gwic1235,,0.16370458059703857
Tesuque,tesu1245,,0.21367022831461366
Eastern Panjabi,panj1256,Indo-European,0.38880226277337304
Sukuma,suku1261,Atlantic-Congo,0.2695584531314015
Wersing,wers1238,,0.29315193515645255
Bininj Kun-Wok,gunw1252,,0.291424620943606
Asera,aser1237,Austronesian,0.2856428917921424
Fijian,fiji1243,Austronesian,0.18928891186518032
Imbongu,imbo1238,Nuclear Trans New Guinea,0.33348742130064724
Bushoong,bush1247,Atlantic-Congo,0.2845505164564299
Njebi,njeb1242,Atlantic-Congo,0.22644272278126903
Menominee,meno1252,Algic,0.231613545453267
Bahonsuai,baho1237,Austronesian,0.26387286812283284
Naasioi,naas1242,South Bougainville,0.23758793702055314
Saaroa,saar1237,Austronesian,0.4509931008796167
Merei,mere1242,Austronesian,0.23821819246387468
Bandjalangic,band1339,Pama-Nyungan,0.3557635851642086
Kaonde,kaon1241,Atlantic-Congo,0.28288305120921897
Mashco Piro,mash1270,Arawakan,0.4562809295353426
Old-Middle Welsh,oldw1239,Indo-European,0.3719710702093919
Malacca-Batavia Portuguese Creole,mala1533,Indo-European,0.5023465601596004
Chavacano,chav1241,Indo-European,0.5486233677276411
Kamano,kama1370,Nuclear Trans New Guinea,0.3304281117267918
Woiwurrung-Thagungwurrung,woiw1237,Pama-Nyungan,0.19880545339698555
Lamogai,lamo1244,Austronesian,0.1658149551580877
Seke (Vanuatu),seke1241,Austronesian,0.3389114806547656
Mbere,mber1257,Atlantic-Congo,0.1968820003731318
Western Pantar,lamm1241,,0.2041904514593867
Central Tarahumara,cent2131,Uto-Aztecan,0.2736361509362606
Teguima,opat1246,Uto-Aztecan,0.3553961166511101
Korafe,kora1295,Nuclear Trans New Guinea,0.2473378373069819
Southern Paiute,sout2969,Uto-Aztecan,0.3742923285527652
Nyamal,nyam1271,Pama-Nyungan,0.2885987218597812
Samoan,samo1305,Austronesian,0.242605295490845
Sa'a,saaa1240,Austronesian,0.3505675913065474
Hittite,hitt1242,Indo-European,0.47539143399319667
Pitjantjatjara,pitj1243,Pama-Nyungan,0.21549621367182986
Siona-Tetete,sion1247,,0.359454378763075
Western Tawbuid,west2559,Austronesian,0.4278663424073202
Sira,sira1266,Atlantic-Congo,0.33719158459075493
Temi,temi1247,Atlantic-Congo,0.3231044785232412
Kilmeri,kilm1241,Border,0.22214074326542269
Walloon,wall1255,Indo-European,0.43130661305277446
Spokane,spok1245,Salishan,0.22071899002195328
Hinuq,hinu1240,Nakh-Daghestanian,0.39832307251870214
Dharumbal,dhar1248,Pama-Nyungan,0.2898952999815375
Prakaa,prak1243,Sino-Tibetan,0.36231979832319605
Letemboi-Repanbitip,lete1241,Austronesian,0.29392196248305846
Norwegian Bokmål,norw1259,Indo-European,0.3166391332381564
Tanala,tana1285,Austronesian,0.362101670771615
Western Dani,west2594,Nuclear Trans New Guinea,0.2291288427982022
Wambayan,wamb1258,,0.35909739306003324
Eastern Yiddish,east2295,Indo-European,0.42218190899497093
Kalamang,kara1499,,0.30317555777254457
Kunzakh,kunz1243,Nakh-Daghestanian,0.3665399708474055
Foi,foii1241,East Kutubu,0.21067560231707233
Malgana,malg1242,Pama-Nyungan,0.1477034164708457
Teko,emer1243,Tupian,0.3194751518374721
Mota,mota1237,Austronesian,0.2148434652168562
Rejang,reja1240,Austronesian,0.4420859188427204
Kélé,kele1257,Atlantic-Congo,0.0038474730839942422
Malayalam,mala1464,Dravidian,0.23587858566471623
Mescalero-Chiricahua Apache,mesc1238,,0.31571313866878314
German,stan1295,Indo-European,0.38189269570786255
Indonesian,indo1316,Austronesian,0.3731279947425386
Huron-Wyandot,wyan1247,,0.27603676304796954
Slovenian,slov1268,Indo-European,0.425459554835657
Hunza,hunz1248,Isolate,0.2352210727586954
Pwo,pwoo1239,Sino-Tibetan,0.3935598460841325
Suruí,suru1262,Tupian,0.40496208119170896
Lalomerui,lalo1239,Austronesian,0.3269883234088773
Bannoni,bann1247,Austronesian,0.39045783661693545
Nage,nage1237,Austronesian,0.24319158192912194
Mangaia,mang1402,Austronesian,0.37773194723153736
Romanian,roma1327,Indo-European,0.37895737039840854
Algonquin,algo1255,Algic,0.17959892654593446
Old Norse,oldn1244,Indo-European,0.33040122003918604
Tabasco Chontal,taba1266,,0.27603458214036825
Forest Enets,fore1265,Uralic,0.2415867924356423
Mangole,mang1408,Austronesian,0.34681558590076006
Taliabu,tali1262,Austronesian,0.289498010784901
Tocantins Asurini,toca1235,Tupian,0.22648304793228685
Yombe,yomb1244,Atlantic-Congo,0.40095443957513366
Neverver,ling1265,Austronesian,0.35506875359390655
Koya,koya1251,Dravidian,0.3583509305726641
Slaveyic,hare1243,,0.25675680943349855
Tadyawan,tady1237,Austronesian,0.3973859853566336
Pangasinan,pang1290,Austronesian,0.5218116825139066
Komi-Zyrian,komi1268,Uralic,0.3836566288711306
North Slavey,nort2942,,0.33227086259873445
Nyangumarta,nyan1301,Pama-Nyungan,0.28062074931866116
Ninam,nina1238,,0.34652370444260994
Hiw,hiww1237,Austronesian,0.31478219551868025
Rapanui,rapa1244,Austronesian,0.4301055834237947
Livonian,livv1244,Uralic,0.1631498498212061
Atayal,atay1247,Austronesian,0.19217165983870868
Slovak,slov1269,Indo-European,0.4543096872471919
Kerewe,kere1283,Atlantic-Congo,0.34862980784091624
Nambo,namb1293,,0.22515996070903838
Lisu,lisu1250,Sino-Tibetan,0.35843923659995924
Asu (Tanzania),asut1235,Atlantic-Congo,0.3696107142014583
Manggarai,mang1405,Austronesian,0.26097468165148785
Kuku-Yalanji,kuku1273,Pama-Nyungan,0.21296922877037194
Padoe,pado1242,Austronesian,0.2541892493294731
Shila,shil1264,Atlantic-Congo,0.4018175762949386
Creek,cree1270,,0.18595867694366294
Northern Tosk Albanian,tosk1239,Indo-European,0.38233726852253974
Dakaka,daka1243,Austronesian,0.10164858159169726
Tombulu,tomb1243,Austronesian,0.39824027141744245
Aghul,aghu1253,Nakh-Daghestanian,0.3660652569807362
MokshaMordvin,moks1248,Uralic,0.2739931233087308
Gogo,gogo1263,Atlantic-Congo,0.19118749188697756
Tonsea,tons1240,Austronesian,0.4186962382056474
Belarusian,bela1254,Indo-European,0.4632069789281661
Bihari,biha1245,Indo-European,0.40363023500428746
North Efate,nort2836,Austronesian,0.3131120137669158
Nogai,noga1249,Turkic,0.36273938226955854
Yami,yami1254,Austronesian,0.4527653776857381
Yao,yaoo1241,Atlantic-Congo,-0.024220589578477475
Sika,sika1262,Austronesian,0.42885421453479877
Andi,andi1255,Nakh-Daghestanian,0.3532445525589557
Hopi,hopi1249,Uto-Aztecan,0.33914958792012584
Old English (ca. 450-1100),olde1238,Indo-European,0.3432173065171756
Colloquial Malay,mala1479,Austronesian,0.3775286562011069
Digo,digo1243,Atlantic-Congo,0.2727157031417551
Shawnee,shaw1249,Algic,0.1406771157800341
Puinave,puin1248,,0.30239791522150694
Minangkabau,mina1268,Austronesian,0.2864273047971053
Yawa,nucl1454,Yawa-Saweru,0.1849086547411326
Kaure-Narau,kaur1271,Kaure-Narau,0.18295869104994938
Nalik,nali1244,Austronesian,0.31642142318069305
Kiowa Apache,kiow1264,,0.24705565823338574
Avatime,avat1244,Atlantic-Congo,0.31459263687552425
Crow,crow1244,,0.2620308293186805
Hehe,hehe1240,Atlantic-Congo,0.32734527224432836
Kota (Gabon),kota1274,Atlantic-Congo,0.17807866306455994
Italian,ital1282,Indo-European,0.40082751530355354
Limilngan-Wulna,limi1242,,0.33474587019515073
Pawnee,pawn1254,,0.29906801446756415
Ancux,ancu1238,Nakh-Daghestanian,0.3838693165142173
Tooro,toor1238,Atlantic-Congo,0.36758009877408526
Kariyarra,kari1304,Pama-Nyungan,0.13603707652946773
Hawaiian,hawa1245,Austronesian,0.39755986362779644
Olal,olal1237,Austronesian,0.17005315220652858
Cha'palaa,chac1249,,0.35825984467266736
Potawatomi,pota1247,Algic,0.17063425395242088
North Azerbaijani,nort2697,Turkic,0.36779070771917377
Gimi (Eastern Highlands),gimi1243,Nuclear Trans New Guinea,0.2838434724234851
Gros Ventre,gros1243,Algic,0.20991798741104817
Kunza,kunz1244,,0.5403791757911479
Futuna-Aniwa,futu1245,Austronesian,0.31453897891125177
Vaeakau-Taumako,pile1238,Austronesian,0.2337342504037224
Mono (USA),mono1275,Uto-Aztecan,0.2455534819616537
Dupaninan Agta,dupa1235,Austronesian,0.3641621198401196
Tidore,tido1248,,0.3083240965144879
Tonga (Nyasa),tong1321,Atlantic-Congo,0.30346153385666413
Warrongo,waru1264,Pama-Nyungan,0.22345452548254657
Kumaoni,kuma1273,Indo-European,0.28158913827081355
Sumbwa,sumb1240,Atlantic-Congo,0.28312757751911444
Nsong,song1299,Atlantic-Congo,0.3131191371896515
Maquiritari,maqu1238,Cariban,0.3637515399713388
Sie,siee1239,Austronesian,0.24613545287998506
Northeast Maidu,nort2952,,0.2342261108792935
Koroni,koro1311,Austronesian,0.347254032411082
Nunamiut,nort2944,Eskimo-Aleut,0.3195396546965304
Yamdena,yamd1240,Austronesian,
Yanyuwa,yany1243,Pama-Nyungan,0.29207440591092265
Turung,turu1249,Tai-Kadai,0.2623903840271603
Maklew,makl1246,,0.1569620130697891
Nganasan,ngan1291,Uralic,0.23244861444560327
Warlmanpa,warl1255,Pama-Nyungan,0.28788549344227576
Loloda-Laba,lolo1264,North Halmahera,0.22293973212841053
Standard Lebanese Arabic,stan1323,Afro-Asiatic,0.4274472468967904
Chimariko,chim1301,,0.33796098839985966
Gunya,guny1241,Pama-Nyungan,0.3360031651601705
Northern Ojibwa,nort2961,Algic,0.2100841978085833
Ritarungo,rita1239,Pama-Nyungan,0.30333698277843696
Moselle Franconian,luxe1241,Indo-European,0.4236987322120047
Shona,shon1251,Atlantic-Congo,0.8728715609439694
Kapingamarangi,kapi1249,Austronesian,0.3428149238543826
Tokharian A,tokh1242,Indo-European,0.21357524511230386
Western Apache,west2615,,0.13732086558917678
Keyagana,keya1238,Nuclear Trans New Guinea,0.3381814911781154
Serrano,serr1255,Uto-Aztecan,0.2070121929481605
Boano (Sulawesi),boan1243,Austronesian,0.4330306465342092
Prai,phai1238,Austroasiatic,0.3449104773743775
Nhanda,nhan1238,Pama-Nyungan,0.3349584361185898
Bo-Ung,boun1245,Nuclear Trans New Guinea,0.3527385577116756
Chickasaw,chic1270,,0.2848793011294269
Mudburra,mudb1240,Pama-Nyungan,0.2629687282660742
Venda,vend1245,Atlantic-Congo,0.3141934731856457
Bezhta,bezh1248,Nakh-Daghestanian,0.3528481058590576
Burmish,burm1266,Sino-Tibetan,0.26489069783899366
Itonama,iton1250,,0.4701941039212879
Xârâcùù,xara1244,Austronesian,0.27613745385073435
Maragus,mara1399,Austronesian,0.2764449910775316
Jurúna,juru1256,Tupian,0.17990012938930128
Emau,emau1237,Austronesian,0.2561816818016185
Kalam,kala1397,Nuclear Trans New Guinea,0.30245330072795673
Upper Michigan-Wisconsin Chippewa,uppe1274,Algic,0.2057151472059582
Waimaha,waim1255,,0.2861245460152405
Early Irish,oldi1245,Indo-European,0.2889931148449704
Luangiua,onto1237,Austronesian,0.16152743959709864
Ignaciano,igna1246,Arawakan,0.4500536865937232
Suku,suku1259,Atlantic-Congo,0.3748488264821537
Dogrib,dogr1252,,0.2485369029383514
Giryama,giry1241,Atlantic-Congo,0.22475931041790084
Biri,biri1256,Pama-Nyungan,0.25645451776816697
Luburua,lubu1242,Austronesian,0.4407148517056384
Zulu,zulu1248,Atlantic-Congo,0.21425153883779058
Munsee,muns1251,Algic,0.20330999544334483
Mi'kmaq,mikm1235,Algic,0.21533559014567044
"!Kung, Southeastern Ju, or Ju'hoan",juho1239,Kxa,0.2933003942504385
Hindi,hind1269,Indo-European,0.4155912292481759
Bera,bera1259,Atlantic-Congo,0.37848600846455
Archi,arch1244,Nakh-Daghestanian,0.4021218896611435
Sonsorol,sons1242,Austronesian,0.5105484039130468
Wuvulu-Aua,wuvu1239,Austronesian,0.252687265735747
Puelche,puel1244,,0.3694467739799454
Gurindji,guri1247,Pama-Nyungan,0.29768715996933515
Brooke's Point Palawano,broo1239,Austronesian,0.46511864393517915
Elamite,elam1244,,0.5418307977739416
Gondi,gond1265,Dravidian,0.37667937323384515
Waurá,waur1244,Arawakan,0.38575274626552025
Yalic,yali1257,Nuclear Trans New Guinea,0.3331837249362196
Konawe,kona1243,Austronesian,0.27107924946557016
Lardil,lard1243,,0.2066475389121184
Birhor,birh1242,Austroasiatic,0.20848661450195188
Fang (Equatorial Guinea),fang1246,Atlantic-Congo,0.3149797560429475
Marra,mara1385,Other,0.23698893916839386
Sa,saaa1241,Austronesian,0.22705174451298415
Bukusu,buku1249,Atlantic-Congo,0.2992750147157477
Páez,paez1247,,0.41120146761758836
Ket,kett1243,,0.4709576259810704
Big Nambas,bign1238,Austronesian,0.2988982256859778
Hungarian,hung1274,Uralic,0.3932721996531552
Kannada,nucl1305,Dravidian,0.13316605124349024
Batak Toba,bata1289,Austronesian,0.3181039540398868
Pima Bajo,pima1248,Uto-Aztecan,0.3667945011931082
Maskelynes,mask1242,Austronesian,0.34431661352589216
Southwest Tanna,sout2869,Austronesian,0.3420069618876858
Tigak,tiga1245,Austronesian,0.16765818286532178
Modern Greek,mode1248,Indo-European,0.47741736730395484
Dhuwal-Dhuwala,dhuw1248,Pama-Nyungan,0.27419900498418326
Erave,erav1244,Nuclear Trans New Guinea,0.2526952167176758
Southern Kiwai,sout2949,Kiwaian,0.34386350567776336
Kui (India),kuii1252,Dravidian,0.24294940849563784
Klon,kelo1247,Timor-Alor-Pantar,0.2476043244328702
/Gwi,gwii1239,,0.25433763435371637
Nese,nese1235,Austronesian,0.3630208753175342
Bit,bitt1240,Austroasiatic,0.34396660341856067
Cayubaba,cayu1262,,0.48265330159226777
Wayuu,wayu1243,Arawakan,0.34345947521438935
Torete,tore1237,Austronesian,0.3260092458501308
Albanian,alba1267,Indo-European,0.3680894185949716
Nyawaygi,nyaw1247,Pama-Nyungan,0.415316409128285
Ossetic,osse1245,Indo-European,0.38251542886725964
Luvale,luva1239,Atlantic-Congo,0.28198827060164694
Kawi,kawi1241,Austronesian,0.5003393639083434
Maba (Indonesia),maba1278,Austronesian,0.4410390157780345
Mangareva,mang1401,Austronesian,0.30806083922454897
Savosavo,savo1255,Savosavo,0.32548175132440765
Myene,myen1241,Atlantic-Congo,0.3444951946390129
Rotuman,rotu1241,Austronesian,0.4090829907152467
Lithuanian,lith1251,Indo-European,0.3977828324119439
Maca,maca1260,,0.5573871274047035
Pumé,pume1238,,0.3641258060082434
Seri,seri1257,,0.39255420104634176
Hid,hidd1238,Nakh-Daghestanian,0.38740666267290186
Fe'fe',fefe1239,Atlantic-Congo,0.460366110235573
Arikara,arik1262,,0.21631574339987172
Akkadian,akka1240,Afro-Asiatic,0.3883038104568534
Tohono O'odham,toho1245,Uto-Aztecan,0.3930917405743855
Touo,touo1238,Touo,0.29561058482814684
Mongo,mong1338,Atlantic-Congo,0.306623369777559
Siwai,siwa1245,South Bougainville,0.1867377461108686
Iloko,ilok1237,Austronesian,0.400571049235426
Barok,baro1253,Austronesian,0.361632733991142
Moronene,moro1287,Austronesian,0.36921897163717887
North Saami,nort2671,Uralic,0.24585696498876858
Kazym-Berezover-Suryskarer Khanty,khan1273,Uralic,0.3304859629071002
Uma Juman,umaj1240,Austronesian,0.43214248666800215
Yuwaalaraay-Gamilaraay,gami1243,Pama-Nyungan,0.2820583146152773
Mattole-Bear River,matt1238,,0.5163004090036842
Galibi Carib,gali1262,Cariban,0.20493048293005792
Kiai,fort1240,Austronesian,0.277119906155137
Ha,haaa1252,Atlantic-Congo,0.19081968014444112
Djinang,djin1253,Pama-Nyungan,0.26017366693106064
Budza,budz1238,Atlantic-Congo,0.4378890177113125
Mekeo,meke1243,Austronesian,0.37533450517239547
Whitesands,whit1269,Austronesian,0.18440392754466464
Russian,russ1263,Indo-European,0.4334687309292612
Turkish,nucl1301,Turkic,0.3849796856772634
Wajarri,waja1257,Pama-Nyungan,0.3040307303268063
Lakota,lako1247,,0.23361150733617683
Pirriya,pirr1240,Pama-Nyungan,0.3131520495613838
Tsonga,tson1249,Atlantic-Congo,0.12931683049789305
Epena,epen1239,,0.29292094863670415
Kodeoha,kode1237,Austronesian,0.35970648733268107
Lonwolwol,lonw1238,Austronesian,0.237886259340534
Nivaclé,niva1238,,0.4215922345181413
Merlav,merl1237,Austronesian,0.2640172927224348
Mandan,mand1446,,0.2745662377968387
Nyoro,nyor1246,Atlantic-Congo,0.2187255374136432
Mekongga,meko1237,Austronesian,0.26978464810883473
Pohnpeian,pohn1238,Austronesian,0.3299369902751392
Kamang,kama1365,,0.2385677973077166
Rundi,rund1242,Atlantic-Congo,0.21897910015160685
Matukar,matu1261,Austronesian,0.33539033442105726
Taiap,taia1239,Taiap,0.3093014618836379
Eastern Pahari,east1436,Indo-European,0.39148130714973844
Jehai,jeha1242,Austroasiatic,0.2822948258967666
Toba,toba1269,,0.3784510820555662
Wichí Lhamtés Güisnay,wich1264,,0.40039562751342644
Amharic,amha1245,Afro-Asiatic,0.42049318708078753
Avava,katb1237,Austronesian,0.1942835933207014
Rotokas,roto1249,,0.2971249310716471
Baffin Inuktitut,baff1241,,0.2601238159382697
Lamaholot,lama1277,Austronesian,0.2597969488958741
Grass Koiari,gras1249,Koiarian,0.3074091987117767
Woods Cree,wood1236,Algic,0.17015177682257904
Sangu (Tanzania),sang1330,Atlantic-Congo,0.3093997499936175
Kamba (Kenya),kamb1297,Atlantic-Congo,0.3642567079668849
Urdu,urdu1245,Indo-European,0.4041722987230119
Blagar,blag1240,,0.12937648308733932
Western Panjabi,west2386,Indo-European,0.36753463919585355
Japanesic,japa1256,,0.25800312871576714
Kwoma,kwom1262,,0.17760593961298946
Kulisusu,kuli1254,Austronesian,0.3587001642854084
Itbayat,ivat1242,Austronesian,0.41860104714771423
O'du,oduu1239,Austroasiatic,0.35169822768490905
Landawe,land1259,Austronesian,0.3391459855557203
Aguaruna,agua1253,,0.4058300111885649
Gusii,gusi1247,Atlantic-Congo,0.297219517303528
Movima,movi1243,,0.3851339984719989
Inanwatan,inan1242,,0.3090729626713469
Warrnambool,warr1257,Pama-Nyungan,0.21279382796682034
Igbo,nucl1417,Atlantic-Congo,0.1880635066579685
Tausug,taus1251,Austronesian,0.39133334052718366
Kukatja,kuka1246,Pama-Nyungan,0.40946855533118065
Central Kurdish,cent1972,Indo-European,0.273867877552231
Yindjibarndi,yind1247,Pama-Nyungan,0.2199168210522743
Tokelau,toke1240,Austronesian,0.22213382909186768
Cruzeño,cruz1243,,0.2863031445948392
Mono-Alu,mono1273,Austronesian,0.32993901866981123
Cotabato Manobo,cota1241,Austronesian,0.34493285302107324
Tlingit,tlin1245,,0.2885097027690605
Sanskrit,sans1269,Indo-European,0.26421201830895136
Isnag,isna1241,Austronesian,0.42111153153065956
Bau-Jagoi Bidayuh,baub1235,Austronesian,0.3981838408660718
Nguna,ngun1274,Austronesian,0.22180736142860016
Tahitian,tahi1242,Austronesian,0.36926668254481765
Fore,fore1270,Nuclear Trans New Guinea,0.21262818942573927
Gujarati,guja1252,Indo-European,0.4176417298170012
Niuean,niue1239,Austronesian,0.4449061925527898
Ibaloi,ibal1244,Austronesian,0.4024746477002539
Cimbala-Cizali,sans1272,Atlantic-Congo,0.4287961586379377
Gilbertese,gilb1244,Austronesian,0.37255101576665406
Namakura,nama1268,Austronesian,0.29878697569431445
Yerukula,yeru1240,Dravidian,0.2935584881517144
Cogui,cogu1240,,0.402336397432284
West Coast Bajau,west2560,Austronesian,0.4069926583326392
Cofán,cofa1242,,0.4264515914171177
Ingush,ingu1240,Nakh-Daghestanian,0.3932199833635479
Wik-Mungkan,wikm1247,Pama-Nyungan,0.20362223505081253
Dutch,dutc1256,Indo-European,0.3901697265394078
Sanga (Democratic Republic of Congo),sang1331,Atlantic-Congo,0.42055806377287047
Mairasi,nucl1594,Mairasic,0.2712169559956481
Lengua,leng1262,,0.3665306126853709
Sindhi,sind1272,Indo-European,0.3442767712541468
Kabaena,kaba1285,Austronesian,0.28094451745374505
Kwamera,kwam1252,Austronesian,0.24357453316364203
Hanunoo,hanu1241,Austronesian,0.3843244284163907
Owa,owaa1237,Austronesian,0.2708585130032421
Wipi,wipi1242,,0.3492973244666077
Degexit'an,dege1248,,0.44369214607892443
Yidiñ,yidi1250,Pama-Nyungan,0.2492742233741547
Guajá,guaj1256,Tupian,0.13036444249903537
Eastern Armenian,nucl1235,Indo-European,0.40861751587199546
Burmese,nucl1310,Sino-Tibetan,0.4149484968567987
Kutenai,kute1249,,0.15225570732700192
Torres Strait Creole,torr1261,Indo-European,0.3939961583318433
Eipomek,eipo1242,Nuclear Trans New Guinea,0.22122672337448357
Duala,dual1243,Atlantic-Congo,0.2881569020125838
Luba-Lulua,luba1249,Atlantic-Congo,0.4262089236589958
South Saami,sout2674,Uralic,0.33165234486559747
Kaurna,kaur1267,Pama-Nyungan,0.307996193658958
Miani,mian1254,Nuclear Trans New Guinea,0.20533109144715694
Haya,haya1250,Atlantic-Congo,0.24617303452393946
Daakie,port1286,Austronesian,0.21620589135063764
Duna,duna1248,,0.19023182584502818
Nahavaq,sout2857,Austronesian,0.3311973380969205
Sougb,mani1235,,0.3426964881902395
Middle High German,midd1343,Indo-European,0.2823462115084165
Kiput,kipu1237,Austronesian,0.4723870265220065
Puyuma,puyu1239,Austronesian,0.39259780765904634
Cheyenne,chey1247,Algic,0.23290965965268556
Navajo,nava1243,,0.39815938004221185
Bilua,bilu1245,Bilua,0.3499396165600643
Spanish,stan1288,Indo-European,0.49880585987249076
Bontok,bont1247,Austronesian,0.31495567784827183
Herero,here1253,Atlantic-Congo,0.3400782069016151
Watam,wata1253,Lower Sepik-Ramu,0.29434263375460235
Moni,moni1261,Nuclear Trans New Guinea,0.30035301819035065
Tabla,tabl1243,Sentanic,0.22057343638949856
Riantana,rian1263,,0.3655489788195758
Tubuai,tubu1240,Austronesian,0.3571901661869915
Lo-Toga,loto1240,Austronesian,0.3076967923195004
Au,auuu1241,Nuclear Torricelli,0.27953583507066426
Bilibil,bilb1241,Austronesian,0.12147917002892873
Mafea,mafe1237,Austronesian,0.17510871276326517
Netsilik,nets1241,Eskimo-Aleut,0.15319516253645263
Ngarluma,ngar1287,Pama-Nyungan,0.23374714884212838
Tehuelche,tehu1242,,0.4095201592648384
Trinitario,trin1274,Arawakan,0.44194788418220354
Lelepa,lele1267,Austronesian,0.32529179061828883
Bindal-Mount Elliot,bind1236,Pama-Nyungan,0.4347194633077795
Ngalkbun,ngal1292,,0.2597188523750893
Batanga,bata1285,Atlantic-Congo,0.4413480498668354
Luguru,lugu1238,Atlantic-Congo,0.18371167687189596
Hausa,haus1257,Afro-Asiatic,0.3650455118285144
