random_id,condition,feature1,feature2,exemplar,target1,target2,exemplar_label,target1_choice,target2_choice,chosen_target,correct,chosen_feature,trial_index,time_elapsed,rt
e69oq4v5tn,mfbg,gend,line,bd,fm,fzs,øqoç,aweh,øqoç,fzs,N,line,22,1809863,46224
e69oq4v5tn,mfbg,gene,line,s,zs,ff,rymsvå,rymsvå,kvurdå,zs,Y,gene,26,1832268,13850
e69oq4v5tn,mfbg,gend,gcr,fbd,mzd,fbs,šïenö,šïenö,cöhido,mzd,Y,gend,30,1849018,8187
e69oq4v5tn,mfbg,gene,gcr,fzs,mzs,bs,awupav,awupav,etupol,mzs,Y,gene,34,1863328,5750
e69oq4v5tn,mfbg,gene,gend,fzs,fbd,fb,kawuka,goviku,kawuka,fb,N,gend,38,1876697,4799
e69oq4v5tn,mfbg,line,gcr,mb,fbs,mf,kïmy,kïmy,qïru,fbs,Y,line,42,1892267,7012
e69oq4v5tn,mfbg,attn,NA,zs,bs,mbs,nephew,nephew,cousin,bs,Y,NA,46,1927248,26385
vg1bkgtt6p,mfbg,gene,line,d,zd,sd,goviku,kawuka,goviku,sd,N,line,22,184802,19800
vg1bkgtt6p,mfbg,line,gcr,mm,sd,mz,šïenö,cöhido,šïenö,mz,N,gcr,26,205569,12226
vg1bkgtt6p,mfbg,gene,gend,zd,zs,mz,øqoç,aweh,øqoç,mz,N,gend,30,226361,12255
vg1bkgtt6p,mfbg,gend,gcr,zd,bd,zs,rymsvå,rymsvå,kvurdå,bd,Y,gend,34,243795,8895
vg1bkgtt6p,mfbg,gene,gcr,bs,zs,fbs,etupol,etupol,awupav,zs,Y,gene,38,258147,5810
vg1bkgtt6p,mfbg,gend,line,fm,fzd,ss,qïru,qïru,kïmy,fzd,Y,gend,42,274843,8162
vg1bkgtt6p,mfbg,attn,NA,zs,bs,mbs,nephew,nephew,cousin,bs,Y,NA,46,296570,13198
sc9jyzrh3n,fmgb,gene,line,z,mbd,fm,øqoç,øqoç,aweh,mbd,Y,gene,22,180353,20094
sc9jyzrh3n,fmgb,gene,gcr,fz,mz,fzd,cöhido,cöhido,šïenö,mz,Y,gene,26,198731,9812
sc9jyzrh3n,fmgb,gene,gend,mbd,mzs,mz,awupav,awupav,etupol,mzs,Y,gene,30,224715,17393
sc9jyzrh3n,fmgb,gend,line,fz,fm,fzs,rymsvå,rymsvå,kvurdå,fm,Y,gend,34,249099,15805
sc9jyzrh3n,fmgb,line,gcr,mz,bd,mm,kawuka,kawuka,goviku,bd,Y,line,38,285571,27905
sc9jyzrh3n,fmgb,gend,gcr,sd,dd,ss,kïmy,kïmy,qïru,dd,Y,gend,42,303915,9764
sc9jyzrh3n,fmgb,attn,NA,zs,bs,mbs,nephew,nephew,cousin,bs,Y,NA,46,321471,8965
a8tajr94gp,mfgb,gene,gcr,fz,mz,fbd,kvurdå,kvurdå,rymsvå,mz,Y,gene,22,312014,43700
a8tajr94gp,mfgb,gend,gcr,fz,mm,ff,awupav,awupav,etupol,mm,Y,gend,26,354220,33654
a8tajr94gp,mfgb,line,gcr,mbs,bs,ds,kawuka,kawuka,goviku,bs,Y,line,30,396043,33293
a8tajr94gp,mfgb,gend,line,mm,mbd,ds,kïmy,kïmy,qïru,mbd,Y,gend,34,446302,41714
a8tajr94gp,mfgb,gene,gend,fzd,fbs,fz,šïenö,šïenö,cöhido,fbs,Y,gene,38,477276,22414
a8tajr94gp,mfgb,gene,line,b,fbs,ds,aweh,øqoç,aweh,ds,N,line,42,517501,31690
a8tajr94gp,mfgb,attn,NA,zs,bs,mbs,nephew,nephew,cousin,bs,Y,NA,46,542787,16723
4tkv95nqct,fmbg,gene,line,s,bs,ds,awupav,awupav,etupol,bs,Y,gene,22,643335,84261
4tkv95nqct,fmbg,gene,gcr,zd,bd,mzd,cöhido,cöhido,šïenö,bd,Y,gene,26,668082,16210
4tkv95nqct,fmbg,gend,gcr,fb,mf,fm,aweh,øqoç,aweh,fm,N,gcr,30,689938,13331
4tkv95nqct,fmbg,gene,gend,bd,bs,fbd,kvurdå,kvurdå,rymsvå,bs,Y,gene,34,705078,6620
4tkv95nqct,fmbg,line,gcr,mzd,bd,dd,kïmy,qïru,kïmy,dd,N,gcr,38,733549,19936
4tkv95nqct,fmbg,gend,line,fm,bd,ss,kawuka,kawuka,goviku,bd,Y,gend,42,749091,7026
4tkv95nqct,fmbg,attn,NA,zs,bs,mbs,nephew,nephew,cousin,bs,Y,NA,46,789337,31712
e2e7hrtwex,fmgb,gene,gend,fzd,fbs,fz,aweh,aweh,øqoç,fbs,Y,gene,22,449471,15379
e2e7hrtwex,fmgb,line,gcr,fm,dd,fbd,cöhido,šïenö,cöhido,fbd,N,gcr,26,462743,4734
e2e7hrtwex,fmgb,gene,gcr,fz,mz,fbd,kïmy,kïmy,qïru,mz,Y,gene,30,476359,5082
e2e7hrtwex,fmgb,gend,gcr,mz,fm,mf,kvurdå,kvurdå,rymsvå,fm,Y,gend,34,498112,13226
e2e7hrtwex,fmgb,gend,line,fz,fm,bs,kawuka,kawuka,goviku,fm,Y,gend,38,540824,34183
e2e7hrtwex,fmgb,gene,line,b,fbs,ds,awupav,awupav,etupol,fbs,Y,gene,42,558945,9595
e2e7hrtwex,fmgb,attn,NA,zs,bs,mbs,nephew,nephew,cousin,bs,Y,NA,46,579673,12200
7x8wqs3xu3,mfgb,gend,gcr,bd,zd,bs,awupav,awupav,etupol,zd,Y,gend,22,157922,12816
7x8wqs3xu3,mfgb,gene,line,s,bs,mf,qïru,qïru,kïmy,bs,Y,gene,26,176488,10022
7x8wqs3xu3,mfgb,gene,gend,mbd,mbs,mz,kawuka,goviku,kawuka,mz,N,gend,30,193786,8757
7x8wqs3xu3,mfgb,line,gcr,fzs,mb,ff,aweh,aweh,øqoç,mb,Y,line,34,209481,7153
7x8wqs3xu3,mfgb,gend,line,fm,fz,ss,rymsvå,rymsvå,kvurdå,fz,Y,gend,38,229958,11936
7x8wqs3xu3,mfgb,gene,gcr,mm,fm,dd,šïenö,šïenö,cöhido,fm,Y,gene,42,248084,9578
7x8wqs3xu3,mfgb,attn,NA,zs,bs,mbs,nephew,nephew,cousin,bs,Y,NA,46,268223,11589
xtg5e8kohy,fmgb,gene,gcr,mf,ff,ds,rymsvå,rymsvå,kvurdå,ff,Y,gene,22,389589,20610
xtg5e8kohy,fmgb,gend,gcr,fb,mf,fm,qïru,qïru,kïmy,mf,Y,gend,26,409050,10858
xtg5e8kohy,fmgb,gene,gend,mzs,mbd,mb,šïenö,cöhido,šïenö,mb,N,gend,30,424538,6719
xtg5e8kohy,fmgb,gene,line,z,mzd,sd,etupol,etupol,awupav,mzd,Y,gene,34,437765,4553
xtg5e8kohy,fmgb,gend,line,mb,mf,zd,kawuka,kawuka,goviku,mf,Y,gend,38,451902,5503
xtg5e8kohy,fmgb,line,gcr,ds,ff,zs,øqoç,øqoç,aweh,ff,Y,line,42,471544,11035
xtg5e8kohy,fmgb,attn,NA,zs,bs,mbs,nephew,nephew,cousin,bs,Y,NA,46,494079,13902
se4s3fpt3l,mfgb,gend,gcr,fz,mz,fb,kvurdå,kvurdå,rymsvå,mz,Y,gend,22,870388,43121
se4s3fpt3l,mfgb,gend,line,mz,mm,mzs,aweh,øqoç,aweh,mzs,N,line,26,903469,24539
se4s3fpt3l,mfgb,line,gcr,ds,ff,mbs,cöhido,cöhido,šïenö,ff,Y,line,30,946989,34971
se4s3fpt3l,mfgb,gene,gcr,mbs,fbs,zs,kïmy,qïru,kïmy,zs,N,gcr,34,984908,29374
se4s3fpt3l,mfgb,gene,line,s,bs,ds,awupav,etupol,awupav,ds,N,line,38,1012442,18988
se4s3fpt3l,mfgb,gene,gend,fzs,fzd,fb,goviku,goviku,kawuka,fzd,Y,gene,42,1074994,54007
se4s3fpt3l,mfgb,attn,NA,zs,bs,mbs,nephew,cousin,nephew,mbs,N,NA,46,1105831,22294
lwa70gkqlm,fmbg,gene,line,b,mzs,ff,rymsvå,kvurdå,rymsvå,ff,N,line,22,151093,13998
lwa70gkqlm,fmbg,line,gcr,dd,fm,mzd,etupol,awupav,etupol,mzd,N,gcr,26,168110,8445
lwa70gkqlm,fmbg,gene,gcr,fb,mb,bs,goviku,goviku,kawuka,mb,Y,gene,30,187475,10822
lwa70gkqlm,fmbg,gene,gend,zs,zd,mbs,šïenö,cöhido,šïenö,mbs,N,gend,34,201883,5840
lwa70gkqlm,fmbg,gend,line,zs,mf,zd,kïmy,qïru,kïmy,zd,N,line,38,226317,15894
lwa70gkqlm,fmbg,gend,gcr,sd,dd,ss,øqoç,øqoç,aweh,dd,Y,gend,42,260174,25319
lwa70gkqlm,fmbg,attn,NA,zs,bs,mbs,nephew,cousin,nephew,mbs,N,NA,46,280445,11724
rrqf0gdbje,mfgb,line,gcr,fzs,zs,ss,kvurdå,kvurdå,rymsvå,zs,Y,line,22,294352,35535
rrqf0gdbje,mfgb,gene,gend,bd,bs,fbd,øqoç,aweh,øqoç,fbd,N,gend,26,323199,20272
rrqf0gdbje,mfgb,gene,gcr,mbs,fzs,zs,qïru,qïru,kïmy,fzs,Y,gene,30,354296,22530
rrqf0gdbje,mfgb,gend,gcr,mb,ff,mm,goviku,goviku,kawuka,ff,Y,gend,34,395576,32702
rrqf0gdbje,mfgb,gend,line,fz,fm,fzs,cöhido,šïenö,cöhido,fzs,N,line,38,417431,13288
rrqf0gdbje,mfgb,gene,line,b,mzs,ff,etupol,awupav,etupol,ff,N,line,42,454191,28170
rrqf0gdbje,mfgb,attn,NA,zs,bs,mbs,nephew,nephew,cousin,bs,Y,NA,46,492719,29975
eps6ss0col,fmgb,gene,gend,mzd,mbs,mz,kvurdå,kvurdå,rymsvå,mbs,Y,gene,22,367599,83978
eps6ss0col,fmgb,gend,line,mf,mzs,dd,awupav,awupav,etupol,mzs,Y,gend,26,396551,20413
eps6ss0col,fmgb,gene,gcr,bs,zs,fbs,cöhido,cöhido,šïenö,zs,Y,gene,30,417815,12718
eps6ss0col,fmgb,line,gcr,fbs,mb,ff,qïru,kïmy,qïru,ff,N,gcr,34,438223,11856
eps6ss0col,fmgb,gene,line,s,zs,ss,øqoç,øqoç,aweh,zs,Y,gene,38,464727,17960
eps6ss0col,fmgb,gend,gcr,fbs,mzs,fbd,goviku,kawuka,goviku,fbd,N,gcr,42,483959,10690
eps6ss0col,fmgb,attn,NA,zs,bs,mbs,nephew,nephew,cousin,bs,Y,NA,46,506213,13722
4st61y1cy1,mfbg,gene,gcr,mz,fz,mzd,cöhido,cöhido,šïenö,fz,Y,gene,22,259895,10582
4st61y1cy1,mfbg,line,gcr,mm,sd,mbd,awupav,awupav,etupol,sd,Y,line,26,282285,13824
4st61y1cy1,mfbg,gene,line,d,zd,fm,rymsvå,rymsvå,kvurdå,zd,Y,gene,30,299492,8626
4st61y1cy1,mfbg,gene,gend,fzd,fbs,fz,goviku,goviku,kawuka,fbs,Y,gene,34,314659,6549
4st61y1cy1,mfbg,gend,line,bd,fm,fbs,aweh,øqoç,aweh,fbs,N,line,38,329753,6525
4st61y1cy1,mfbg,gend,gcr,zd,bd,zs,qïru,qïru,kïmy,bd,Y,gend,42,342195,3893
4st61y1cy1,mfbg,attn,NA,zs,bs,mbs,nephew,nephew,cousin,bs,Y,NA,46,357393,6633
tax0qno0lj,fmgb,gend,line,mb,mf,mbd,goviku,goviku,kawuka,mf,Y,gend,22,186595,67337
tax0qno0lj,fmgb,gend,gcr,mz,fm,mf,qïru,qïru,kïmy,fm,Y,gend,26,203373,8203
tax0qno0lj,fmgb,gene,gcr,fb,mb,fzs,øqoç,øqoç,aweh,mb,Y,gene,30,219395,7423
tax0qno0lj,fmgb,line,gcr,ss,mf,fb,etupol,awupav,etupol,fb,N,gcr,34,267821,39870
tax0qno0lj,fmgb,gene,line,z,fzd,mm,šïenö,šïenö,cöhido,fzd,Y,gene,38,282616,6191
tax0qno0lj,fmgb,gene,gend,mbs,mbd,mb,kvurdå,kvurdå,rymsvå,mbd,Y,gene,42,297521,6323
tax0qno0lj,fmgb,attn,NA,zs,bs,mbs,nephew,nephew,cousin,bs,Y,NA,46,314030,7922
qf1tg5r1zt,mfgb,gend,line,zs,mf,zd,šïenö,šïenö,cöhido,mf,Y,gend,22,257396,45441
qf1tg5r1zt,mfgb,line,gcr,ff,ds,fbs,qïru,kïmy,qïru,fbs,N,gcr,26,443636,177668
qf1tg5r1zt,mfgb,gene,gcr,mzs,fbs,zs,kawuka,kawuka,goviku,fbs,Y,gene,30,467623,15404
qf1tg5r1zt,mfgb,gene,line,d,zd,fm,aweh,aweh,øqoç,zd,Y,gene,34,486152,9937
qf1tg5r1zt,mfgb,gend,gcr,bd,zd,bs,rymsvå,rymsvå,kvurdå,zd,Y,gend,38,505693,10949
qf1tg5r1zt,mfgb,gene,gend,mbd,mzs,mz,awupav,etupol,awupav,mz,N,gend,42,529465,15198
qf1tg5r1zt,mfgb,attn,NA,zs,bs,mbs,nephew,nephew,cousin,bs,Y,NA,46,547431,9365
lm8n50npeg,mfbg,gend,gcr,fb,mf,fm,rymsvå,rymsvå,kvurdå,mf,Y,gend,22,720738,16362
lm8n50npeg,mfbg,gene,line,z,mzd,fm,goviku,goviku,kawuka,mzd,Y,gene,26,735210,5921
lm8n50npeg,mfbg,gene,gend,fzs,fbd,fb,etupol,etupol,awupav,fbd,Y,gene,30,754553,10791
lm8n50npeg,mfbg,line,gcr,dd,fm,mzd,cöhido,šïenö,cöhido,mzd,N,gcr,34,775106,11998
lm8n50npeg,mfbg,gene,gcr,sd,dd,fm,qïru,qïru,kïmy,dd,Y,gene,38,791278,7615
lm8n50npeg,mfbg,gend,line,mm,mbd,ds,øqoç,øqoç,aweh,mbd,Y,gend,42,807023,7185
lm8n50npeg,mfbg,attn,NA,zs,bs,mbs,nephew,nephew,cousin,bs,Y,NA,46,825709,10123
0qlo4a21l3,fmbg,gend,line,fb,ff,fzd,rymsvå,rymsvå,kvurdå,ff,Y,gend,22,133394,19333
0qlo4a21l3,fmbg,line,gcr,mf,ss,mbs,awupav,etupol,awupav,mbs,N,gcr,26,180834,38878
0qlo4a21l3,fmbg,gend,gcr,sd,dd,ss,aweh,aweh,øqoç,dd,Y,gend,30,201226,11842
0qlo4a21l3,fmbg,gene,gend,mzs,mbd,mb,goviku,goviku,kawuka,mbd,Y,gene,34,217076,7305
0qlo4a21l3,fmbg,gene,line,z,fzd,dd,šïenö,šïenö,cöhido,fzd,Y,gene,38,252810,27181
0qlo4a21l3,fmbg,gene,gcr,fz,mz,fzd,kïmy,kïmy,qïru,mz,Y,gene,42,268011,6652
0qlo4a21l3,fmbg,attn,NA,zs,bs,mbs,nephew,nephew,cousin,bs,Y,NA,46,287860,11297
va508nkwen,fmbg,gene,gend,mzd,mzs,mz,šïenö,šïenö,cöhido,mzs,Y,gene,22,141888,15014
va508nkwen,fmbg,line,gcr,dd,fm,zd,qïru,kïmy,qïru,zd,N,gcr,26,180065,29618
va508nkwen,fmbg,gend,gcr,mz,fm,mf,kvurdå,kvurdå,rymsvå,fm,Y,gend,30,194896,6275
va508nkwen,fmbg,gend,line,mf,mzs,dd,kawuka,kawuka,goviku,mzs,Y,gend,34,241079,37626
va508nkwen,fmbg,gene,gcr,mz,fz,zd,aweh,aweh,øqoç,fz,Y,gene,38,261959,12335
va508nkwen,fmbg,gene,line,d,bd,dd,etupol,awupav,etupol,dd,N,line,42,283108,12589
va508nkwen,fmbg,attn,NA,zs,bs,mbs,nephew,nephew,cousin,bs,Y,NA,46,297719,6058
rbljp4lw2k,fmgb,line,gcr,fb,mbs,ff,goviku,kawuka,goviku,ff,N,gcr,22,297894,111114
rbljp4lw2k,fmgb,gene,gend,ff,fm,f,qïru,kïmy,qïru,f,N,gend,26,352514,46058
rbljp4lw2k,fmgb,gend,line,ff,fbs,sd,øqoç,øqoç,aweh,fbs,Y,gend,30,382826,21768
rbljp4lw2k,fmgb,gene,gcr,dd,sd,mm,cöhido,cöhido,šïenö,sd,Y,gene,34,423658,32289
rbljp4lw2k,fmgb,gene,line,b,fbs,ds,kvurdå,rymsvå,kvurdå,ds,N,line,38,448891,16676
rbljp4lw2k,fmgb,gend,gcr,fb,mf,fm,etupol,etupol,awupav,mf,Y,gend,42,480930,23501
rbljp4lw2k,fmgb,attn,NA,zs,bs,mbs,nephew,nephew,cousin,bs,Y,NA,46,501890,12424
orkd40wo6k,mfgb,gene,gend,zd,zs,mbd,šïenö,šïenö,cöhido,zs,Y,gene,22,180621,18685
orkd40wo6k,mfgb,gene,line,d,zd,sd,kïmy,kïmy,qïru,zd,Y,gene,26,210507,21225
orkd40wo6k,mfgb,gene,gcr,mbs,fbs,zs,øqoç,øqoç,aweh,fbs,Y,gene,30,226746,7598
orkd40wo6k,mfgb,line,gcr,mm,sd,mzd,etupol,awupav,etupol,mzd,N,gcr,34,244613,8980
orkd40wo6k,mfgb,gend,line,ff,bs,sd,goviku,goviku,kawuka,bs,Y,gend,38,258527,5101
orkd40wo6k,mfgb,gend,gcr,fz,mm,ff,kvurdå,kvurdå,rymsvå,mm,Y,gend,42,274618,7534
orkd40wo6k,mfgb,attn,NA,zs,bs,mbs,nephew,nephew,cousin,bs,Y,NA,46,298768,15606
083lakor3k,mfgb,gend,line,mm,mbd,ds,kvurdå,kvurdå,rymsvå,mbd,Y,gend,22,243770,72154
083lakor3k,mfgb,gene,gcr,mbs,fzs,mb,kïmy,kïmy,qïru,fzs,Y,gene,26,265909,13516
083lakor3k,mfgb,line,gcr,mz,fbd,mm,goviku,goviku,kawuka,fbd,Y,line,30,286005,11494
083lakor3k,mfgb,gene,gend,fzs,fbd,fb,cöhido,cöhido,šïenö,fbd,Y,gene,34,315269,20647
083lakor3k,mfgb,gene,line,z,fzd,mm,awupav,awupav,etupol,fzd,Y,gene,38,345990,22060
083lakor3k,mfgb,gend,gcr,fzs,mzs,fzd,øqoç,øqoç,aweh,mzs,Y,gend,42,364034,9426
083lakor3k,mfgb,attn,NA,zs,bs,mbs,nephew,nephew,cousin,bs,Y,NA,46,410225,37590
gfn5auengo,mfgb,line,gcr,fbs,mb,ss,goviku,kawuka,goviku,ss,N,gcr,22,101574,14114
gfn5auengo,mfgb,gene,line,s,zs,ff,rymsvå,rymsvå,kvurdå,zs,Y,gene,26,117474,7367
gfn5auengo,mfgb,gend,line,fm,fzd,ss,kïmy,kïmy,qïru,fzd,Y,gend,30,130533,4521
gfn5auengo,mfgb,gene,gend,ss,sd,ff,etupol,etupol,awupav,sd,Y,gene,34,143011,3955
gfn5auengo,mfgb,gene,gcr,mbd,fzd,zd,aweh,aweh,øqoç,fzd,Y,gene,38,154897,3361
gfn5auengo,mfgb,gend,gcr,fzs,mzs,fzd,šïenö,šïenö,cöhido,mzs,Y,gend,42,167327,3889
gfn5auengo,mfgb,attn,NA,zs,bs,mbs,nephew,nephew,cousin,bs,Y,NA,46,180316,4452
tqmh7zkv2h,fmbg,line,gcr,mz,bd,mm,rymsvå,kvurdå,rymsvå,mm,N,gcr,22,1286963,13995
tqmh7zkv2h,fmbg,gene,line,z,mbd,sd,øqoç,øqoç,aweh,mbd,Y,gene,26,1317123,21594
tqmh7zkv2h,fmbg,gend,line,mz,mm,mbs,awupav,awupav,etupol,mm,Y,gend,30,1343370,17676
tqmh7zkv2h,fmbg,gend,gcr,fz,mm,ff,kïmy,qïru,kïmy,ff,N,gcr,34,1374459,22533
tqmh7zkv2h,fmbg,gene,gend,mzd,mzs,mz,goviku,goviku,kawuka,mzs,Y,gene,38,1388603,5600
tqmh7zkv2h,fmbg,gene,gcr,mf,ff,ds,cöhido,cöhido,šïenö,ff,Y,gene,42,1406810,9624
tqmh7zkv2h,fmbg,attn,NA,zs,bs,mbs,nephew,cousin,nephew,mbs,N,NA,46,1433907,18554
o95uk6cppx,mfbg,line,gcr,sd,mm,fz,etupol,etupol,awupav,mm,Y,line,22,115445,7826
o95uk6cppx,mfbg,gene,gcr,fb,mb,bs,kïmy,kïmy,qïru,mb,Y,gene,26,127453,3482
o95uk6cppx,mfbg,gene,line,z,fbd,mm,rymsvå,kvurdå,rymsvå,mm,N,line,30,140821,4828
o95uk6cppx,mfbg,gend,gcr,ss,ds,sd,aweh,aweh,øqoç,ds,Y,gend,34,155404,6040
o95uk6cppx,mfbg,gene,gend,mzs,mzd,mb,goviku,goviku,kawuka,mzd,Y,gene,38,172213,8280
o95uk6cppx,mfbg,gend,line,ff,fzs,sd,cöhido,cöhido,šïenö,fzs,Y,gend,42,185101,4338
o95uk6cppx,mfbg,attn,NA,zs,bs,mbs,nephew,nephew,cousin,bs,Y,NA,46,201173,7536
9nzpwu5382,mfgb,gene,line,z,fbd,dd,kïmy,kïmy,qïru,fbd,Y,gene,22,169440,37970
9nzpwu5382,mfgb,gend,line,ff,fb,sd,cöhido,cöhido,šïenö,fb,Y,gend,26,197265,19005
9nzpwu5382,mfgb,gend,gcr,fz,mz,fb,rymsvå,rymsvå,kvurdå,mz,Y,gend,30,229848,23938
9nzpwu5382,mfgb,line,gcr,ss,mf,bs,kawuka,goviku,kawuka,bs,N,gcr,34,248420,9981
9nzpwu5382,mfgb,gene,gcr,ff,mf,ss,etupol,awupav,etupol,ss,N,gcr,38,270275,13233
9nzpwu5382,mfgb,gene,gend,mm,mf,m,øqoç,øqoç,aweh,mf,Y,gene,42,285792,6905
9nzpwu5382,mfgb,attn,NA,zs,bs,mbs,nephew,nephew,cousin,bs,Y,NA,46,306041,11645
d2ha4cjgb1,mfgb,gene,gend,fbs,fbd,fb,cöhido,cöhido,šïenö,fbd,Y,gene,22,57744,10193
d2ha4cjgb1,mfgb,gend,gcr,ss,ds,sd,awupav,awupav,etupol,ds,Y,gend,26,76680,10384
d2ha4cjgb1,mfgb,gene,gcr,zd,bd,mbd,øqoç,øqoç,aweh,bd,Y,gene,30,94560,9331
d2ha4cjgb1,mfgb,gene,line,z,fzd,dd,goviku,goviku,kawuka,fzd,Y,gene,34,117841,14715
d2ha4cjgb1,mfgb,line,gcr,fbd,mz,sd,kïmy,qïru,kïmy,sd,N,gcr,38,131778,5385
d2ha4cjgb1,mfgb,gend,line,ff,fzs,sd,rymsvå,rymsvå,kvurdå,fzs,Y,gend,42,146209,5898
d2ha4cjgb1,mfgb,attn,NA,zs,bs,mbs,nephew,nephew,cousin,bs,Y,NA,46,159136,4382
n309vdko1n,fmbg,gend,gcr,zd,bd,zs,kïmy,kïmy,qïru,bd,Y,gend,22,144684,16243
n309vdko1n,fmbg,gene,gend,mzs,mzd,mb,goviku,goviku,kawuka,mzd,Y,gene,26,168040,14834
n309vdko1n,fmbg,gene,line,s,zs,ff,awupav,awupav,etupol,zs,Y,gene,30,194991,18193
n309vdko1n,fmbg,gend,line,mz,mm,ds,cöhido,šïenö,cöhido,ds,N,line,34,223851,20341
n309vdko1n,fmbg,line,gcr,fb,mzs,ff,kvurdå,kvurdå,rymsvå,mzs,Y,line,38,255350,22981
n309vdko1n,fmbg,gene,gcr,mb,fb,mzs,øqoç,øqoç,aweh,fb,Y,gene,42,275030,11160
n309vdko1n,fmbg,attn,NA,zs,bs,mbs,nephew,nephew,cousin,bs,Y,NA,46,291356,7804
mrv6ybvx9n,mfbg,line,gcr,fzs,mb,ss,aweh,øqoç,aweh,ss,N,gcr,22,213730,50391
mrv6ybvx9n,mfbg,gene,line,z,fzd,dd,kvurdå,rymsvå,kvurdå,dd,N,line,26,238471,16148
mrv6ybvx9n,mfbg,gene,gcr,fbd,mbd,bd,cöhido,cöhido,šïenö,mbd,Y,gene,30,276193,29111
mrv6ybvx9n,mfbg,gene,gend,zs,zd,mbs,awupav,awupav,etupol,zd,Y,gene,34,294692,9928
mrv6ybvx9n,mfbg,gend,gcr,fz,mz,fb,qïru,kïmy,qïru,fb,N,gcr,38,309295,6040
mrv6ybvx9n,mfbg,gend,line,mbd,mm,mb,kawuka,goviku,kawuka,mb,N,line,42,336319,18448
mrv6ybvx9n,mfbg,attn,NA,zs,bs,mbs,nephew,nephew,cousin,bs,Y,NA,46,366921,22016
jhxn9qmeze,fmgb,gene,gend,mbd,mbs,mz,qïru,qïru,kïmy,mbs,Y,gene,22,126107,39730
jhxn9qmeze,fmgb,gene,line,z,mbd,fm,aweh,øqoç,aweh,fm,N,line,26,148254,13612
jhxn9qmeze,fmgb,gend,gcr,fz,mm,ff,goviku,kawuka,goviku,ff,N,gcr,30,168761,11970
jhxn9qmeze,fmgb,line,gcr,ds,ff,mb,rymsvå,kvurdå,rymsvå,mb,N,gcr,34,196278,18965
jhxn9qmeze,fmgb,gend,line,mz,mm,ds,šïenö,cöhido,šïenö,ds,N,line,38,210708,5852
jhxn9qmeze,fmgb,gene,gcr,mz,fz,mbd,awupav,etupol,awupav,mbd,N,gcr,42,226567,7300
jhxn9qmeze,fmgb,attn,NA,zs,bs,mbs,nephew,cousin,nephew,mbs,N,NA,46,242337,7220
k932ey7bkf,fmgb,gend,line,mm,mzd,ds,kawuka,kawuka,goviku,mzd,Y,gend,22,196298,42477
k932ey7bkf,fmgb,gene,gend,fzd,fbs,fz,šïenö,šïenö,cöhido,fbs,Y,gene,26,230312,25416
k932ey7bkf,fmgb,gene,line,b,mzs,ff,etupol,etupol,awupav,mzs,Y,gene,30,252822,13963
k932ey7bkf,fmgb,line,gcr,mzs,fb,mf,øqoç,aweh,øqoç,mf,N,gcr,34,272802,11443
k932ey7bkf,fmgb,gene,gcr,mz,fz,mzd,qïru,qïru,kïmy,fz,Y,gene,38,285630,4283
k932ey7bkf,fmgb,gend,gcr,fb,mb,fz,kvurdå,kvurdå,rymsvå,mb,Y,gend,42,299098,4909
k932ey7bkf,fmgb,attn,NA,zs,bs,mbs,nephew,nephew,cousin,bs,Y,NA,46,322872,15224
qxtv2ssdw2,fmgb,gend,gcr,fzs,mzs,fzd,qïru,qïru,kïmy,mzs,Y,gend,22,54024,11167
qxtv2ssdw2,fmgb,gene,line,b,fbs,ds,etupol,etupol,awupav,fbs,Y,gene,26,77143,14550
qxtv2ssdw2,fmgb,gene,gcr,mbs,fzs,mb,kawuka,goviku,kawuka,mb,N,gcr,30,127161,41193
qxtv2ssdw2,fmgb,gend,line,fm,fz,ss,kvurdå,rymsvå,kvurdå,ss,N,line,34,145496,9570
qxtv2ssdw2,fmgb,line,gcr,mb,fzs,mf,øqoç,aweh,øqoç,mf,N,gcr,38,183561,29500
qxtv2ssdw2,fmgb,gene,gend,mzs,mzd,mb,šïenö,šïenö,cöhido,mzd,Y,gene,42,222215,29927
qxtv2ssdw2,fmgb,attn,NA,zs,bs,mbs,nephew,nephew,cousin,bs,Y,NA,46,243239,12308
wn5u9x4lf7,fmgb,gene,line,s,zs,ss,øqoç,aweh,øqoç,ss,N,line,22,337916,73736
wn5u9x4lf7,fmgb,gend,line,bd,fm,fzs,awupav,etupol,awupav,fzs,N,line,26,369868,23373
wn5u9x4lf7,fmgb,gene,gend,zs,zd,mb,rymsvå,kvurdå,rymsvå,mb,N,gend,30,399051,20627
wn5u9x4lf7,fmgb,gend,gcr,ss,ds,sd,kïmy,kïmy,qïru,ds,Y,gend,34,427023,19431
wn5u9x4lf7,fmgb,line,gcr,fbd,mz,sd,kawuka,goviku,kawuka,sd,N,gcr,38,474498,38527
wn5u9x4lf7,fmgb,gene,gcr,fzs,mzs,bs,cöhido,cöhido,šïenö,mzs,Y,gene,42,498693,15373
wn5u9x4lf7,fmgb,attn,NA,zs,bs,mbs,nephew,nephew,cousin,bs,Y,NA,46,535175,27762
dpjqfuq290,mfbg,gend,line,fm,fz,ss,rymsvå,kvurdå,rymsvå,ss,N,line,22,155639,32674
dpjqfuq290,mfbg,gene,line,s,bs,ds,etupol,etupol,awupav,bs,Y,gene,26,184434,20179
dpjqfuq290,mfbg,line,gcr,ds,ff,zs,goviku,kawuka,goviku,zs,N,gcr,30,206247,13232
dpjqfuq290,mfbg,gene,gcr,bs,zd,fzs,šïenö,šïenö,cöhido,zd,Y,gene,34,225844,10967
dpjqfuq290,mfbg,gend,gcr,mz,fm,mf,aweh,aweh,øqoç,fm,Y,gend,38,247696,13287
dpjqfuq290,mfbg,gene,gend,bd,bs,fzd,qïru,qïru,kïmy,bs,Y,gene,42,264170,7916
dpjqfuq290,mfbg,attn,NA,zs,bs,mbs,nephew,nephew,cousin,bs,Y,NA,46,280684,7946
1n6hkh92g1,fmgb,gend,gcr,fbs,mzs,fbd,kïmy,kïmy,qïru,mzs,Y,gend,22,343645,25059
1n6hkh92g1,fmgb,gene,gend,fzd,fbs,fz,rymsvå,rymsvå,kvurdå,fbs,Y,gene,26,375053,22844
1n6hkh92g1,fmgb,gend,line,fb,ff,fzd,øqoç,aweh,øqoç,fzd,N,line,30,425661,42047
1n6hkh92g1,fmgb,gene,line,z,fzd,dd,awupav,etupol,awupav,dd,N,line,34,496700,62481
1n6hkh92g1,fmgb,gene,gcr,fb,mb,bs,kawuka,kawuka,goviku,mb,Y,gene,38,545666,40409
1n6hkh92g1,fmgb,line,gcr,fb,mbs,ff,cöhido,cöhido,šïenö,mbs,Y,line,42,565341,11111
1n6hkh92g1,fmgb,attn,NA,zs,bs,mbs,nephew,nephew,cousin,bs,Y,NA,46,582257,8337
vll4s2sr5o,mfbg,gene,line,b,mzs,ff,etupol,etupol,awupav,mzs,Y,gene,22,678948,48255
vll4s2sr5o,mfbg,gene,gcr,mz,fz,mzd,šïenö,šïenö,cöhido,fz,Y,gene,26,710612,23113
vll4s2sr5o,mfbg,gend,line,mz,mm,mzs,øqoç,øqoç,aweh,mm,Y,gend,30,742692,23548
vll4s2sr5o,mfbg,gend,gcr,ss,ds,sd,rymsvå,rymsvå,kvurdå,ds,Y,gend,34,763965,12726
vll4s2sr5o,mfbg,line,gcr,fzd,mz,fm,qïru,qïru,kïmy,mz,Y,line,38,789581,17082
vll4s2sr5o,mfbg,gene,gend,fbs,fbd,fb,goviku,goviku,kawuka,fbd,Y,gene,42,813493,15349
vll4s2sr5o,mfbg,attn,NA,zs,bs,mbs,nephew,nephew,cousin,bs,Y,NA,46,839685,17660
epd8m5tavo,mfbg,line,gcr,mm,sd,mzd,awupav,awupav,etupol,sd,Y,line,22,201365,25285
epd8m5tavo,mfbg,gend,line,zs,mf,zd,cöhido,cöhido,šïenö,mf,Y,gend,26,231944,22021
epd8m5tavo,mfbg,gene,line,z,fzd,dd,rymsvå,kvurdå,rymsvå,dd,N,line,30,331176,90665
epd8m5tavo,mfbg,gene,gend,zd,zs,mzd,kawuka,goviku,kawuka,mzd,N,gend,34,350056,10325
epd8m5tavo,mfbg,gend,gcr,fb,mf,fm,aweh,øqoç,aweh,fm,N,gcr,38,367240,8620
epd8m5tavo,mfbg,gene,gcr,mzs,fzs,zs,kïmy,kïmy,qïru,fzs,Y,gene,42,380799,5004
epd8m5tavo,mfbg,attn,NA,zs,bs,mbs,nephew,nephew,cousin,bs,Y,NA,46,409863,20504
j8luw96rbc,fmbg,gene,gend,mz,mb,mzd,qïru,qïru,kïmy,mb,Y,gene,22,246040,37123
j8luw96rbc,fmbg,gene,line,z,mbd,fm,šïenö,šïenö,cöhido,mbd,Y,gene,26,273344,18756
j8luw96rbc,fmbg,gene,gcr,bs,zs,fbs,goviku,goviku,kawuka,zs,Y,gene,30,294534,12653
j8luw96rbc,fmbg,line,gcr,mzd,bd,dd,awupav,awupav,etupol,bd,Y,line,34,384696,81623
j8luw96rbc,fmbg,gend,line,mm,mz,ds,rymsvå,rymsvå,kvurdå,mz,Y,gend,38,404560,11324
j8luw96rbc,fmbg,gend,gcr,mb,ff,mm,øqoç,øqoç,aweh,ff,Y,gend,42,430960,17863
j8luw96rbc,fmbg,attn,NA,zs,bs,mbs,nephew,nephew,cousin,bs,Y,NA,46,456174,16675
29h1tokmdf,mfbg,gend,line,zs,mf,zd,etupol,etupol,awupav,mf,Y,gend,22,262294,50004
29h1tokmdf,mfbg,gene,line,d,bd,mm,kvurdå,rymsvå,kvurdå,mm,N,line,26,281633,10715
29h1tokmdf,mfbg,gene,gend,bs,bd,fbs,cöhido,cöhido,šïenö,bd,Y,gene,30,297256,7003
29h1tokmdf,mfbg,gend,gcr,fz,mm,ff,qïru,kïmy,qïru,ff,N,gcr,34,314717,8847
29h1tokmdf,mfbg,gene,gcr,mbs,fzs,mb,øqoç,aweh,øqoç,mb,N,gcr,38,339824,16484
29h1tokmdf,mfbg,line,gcr,mz,fbd,mm,goviku,kawuka,goviku,mm,N,gcr,42,356980,8488
29h1tokmdf,mfbg,attn,NA,zs,bs,mbs,nephew,nephew,cousin,bs,Y,NA,46,373237,7621
fnrn20haa3,mfbg,line,gcr,mz,fbd,mm,aweh,øqoç,aweh,mm,N,gcr,22,134028,38124
fnrn20haa3,mfbg,gend,line,ff,fzs,sd,rymsvå,kvurdå,rymsvå,sd,N,line,26,153444,10830
fnrn20haa3,mfbg,gend,gcr,fzd,mzd,fzs,awupav,awupav,etupol,mzd,Y,gend,30,170214,8222
fnrn20haa3,mfbg,gene,gcr,fz,mz,fbd,kïmy,kïmy,qïru,mz,Y,gene,34,186419,7643
fnrn20haa3,mfbg,gene,line,z,fzd,mm,kawuka,kawuka,goviku,fzd,Y,gene,38,202084,7097
fnrn20haa3,mfbg,gene,gend,mz,mb,mzd,cöhido,cöhido,šïenö,mb,Y,gene,42,215960,5316
fnrn20haa3,mfbg,attn,NA,zs,bs,mbs,nephew,nephew,cousin,bs,Y,NA,46,232913,8411
hqyxry18cu,fmbg,gene,line,z,mzd,fm,awupav,awupav,etupol,mzd,Y,gene,22,277072,32314
hqyxry18cu,fmbg,gene,gend,ds,dd,mf,goviku,kawuka,goviku,mf,N,gend,26,316233,30620
hqyxry18cu,fmbg,line,gcr,mf,ss,mbs,šïenö,cöhido,šïenö,mbs,N,gcr,30,389460,64698
hqyxry18cu,fmbg,gend,gcr,fbd,mzd,fbs,rymsvå,rymsvå,kvurdå,mzd,Y,gend,34,404857,6864
hqyxry18cu,fmbg,gend,line,mm,mzd,ds,kïmy,kïmy,qïru,mzd,Y,gend,38,418001,4600
hqyxry18cu,fmbg,gene,gcr,mz,fz,mzd,øqoç,øqoç,aweh,fz,Y,gene,42,448567,22044
hqyxry18cu,fmbg,attn,NA,zs,bs,mbs,nephew,nephew,cousin,bs,Y,NA,46,463143,6038
tw5a5n3pff,mfbg,gend,gcr,mb,ff,mm,awupav,etupol,awupav,mm,N,gcr,22,166896,21630
tw5a5n3pff,mfbg,line,gcr,fzd,mz,fm,rymsvå,kvurdå,rymsvå,fm,N,gcr,26,184642,9211
tw5a5n3pff,mfbg,gene,gend,dd,ds,mm,aweh,øqoç,aweh,mm,N,gend,30,207292,14126
tw5a5n3pff,mfbg,gene,gcr,fz,mz,fbd,šïenö,cöhido,šïenö,fbd,N,gcr,34,225934,10105
tw5a5n3pff,mfbg,gend,line,fb,ff,fbd,qïru,qïru,kïmy,ff,Y,gend,38,242579,8120
tw5a5n3pff,mfbg,gene,line,z,fbd,dd,goviku,goviku,kawuka,fbd,Y,gene,42,258842,7717
tw5a5n3pff,mfbg,attn,NA,zs,bs,mbs,nephew,cousin,nephew,mbs,N,NA,46,278855,11478
9bz99uglss,mfgb,gene,gend,mzs,mzd,mb,goviku,goviku,kawuka,mzd,Y,gene,22,1341866,19719
9bz99uglss,mfgb,gene,line,b,mbs,ff,rymsvå,rymsvå,kvurdå,mbs,Y,gene,26,1374741,24329
9bz99uglss,mfgb,gend,line,zs,mf,zd,cöhido,šïenö,cöhido,zd,N,line,30,1388079,4805
9bz99uglss,mfgb,gene,gcr,mzd,fzd,zd,qïru,qïru,kïmy,fzd,Y,gene,34,1401200,4591
9bz99uglss,mfgb,line,gcr,ff,ds,fzs,aweh,øqoç,aweh,fzs,N,gcr,38,1428391,18658
9bz99uglss,mfgb,gend,gcr,bd,zd,bs,awupav,awupav,etupol,zd,Y,gend,42,1448195,11273
9bz99uglss,mfgb,attn,NA,zs,bs,mbs,nephew,nephew,cousin,bs,Y,NA,46,1460781,4055
02zwbuobhg,mfbg,gene,gcr,mz,fz,mbd,cöhido,cöhido,šïenö,fz,Y,gene,22,136423,17831
02zwbuobhg,mfbg,gene,gend,mzs,mzd,mb,qïru,qïru,kïmy,mzd,Y,gene,26,154158,9167
02zwbuobhg,mfbg,gend,line,fm,fzd,ss,awupav,awupav,etupol,fzd,Y,gend,30,179173,16448
02zwbuobhg,mfbg,line,gcr,mzd,bd,dd,aweh,aweh,øqoç,bd,Y,line,34,209097,21360
02zwbuobhg,mfbg,gend,gcr,sd,dd,ss,kawuka,kawuka,goviku,dd,Y,gend,38,226901,9226
02zwbuobhg,mfbg,gene,line,z,fzd,mm,kvurdå,kvurdå,rymsvå,fzd,Y,gene,42,252326,16851
02zwbuobhg,mfbg,attn,NA,zs,bs,mbs,nephew,nephew,cousin,bs,Y,NA,46,277967,17072
mpegd1fpd4,mfbg,gene,gcr,fbd,mbd,bd,awupav,awupav,etupol,mbd,Y,gene,22,241010,15435
mpegd1fpd4,mfbg,gene,gend,dd,ds,mm,aweh,aweh,øqoç,ds,Y,gene,26,257739,8144
mpegd1fpd4,mfbg,gend,line,fm,fzd,ss,qïru,qïru,kïmy,fzd,Y,gend,30,284997,18664
mpegd1fpd4,mfbg,gene,line,b,mbs,ss,goviku,goviku,kawuka,mbs,Y,gene,34,314564,20982
mpegd1fpd4,mfbg,line,gcr,ds,ff,mb,kvurdå,rymsvå,kvurdå,mb,N,gcr,38,333619,10462
mpegd1fpd4,mfbg,gend,gcr,fb,mf,fm,cöhido,cöhido,šïenö,mf,Y,gend,42,354379,12164
mpegd1fpd4,mfbg,attn,NA,zs,bs,mbs,nephew,nephew,cousin,bs,Y,NA,46,372481,9502
renmbw66yu,mfgb,gene,gend,zd,zs,mzd,kïmy,kïmy,qïru,zs,Y,gene,22,235763,20937
renmbw66yu,mfgb,line,gcr,fz,zd,fm,šïenö,cöhido,šïenö,fm,N,gcr,26,250360,6035
renmbw66yu,mfgb,gene,line,z,mzd,sd,etupol,etupol,awupav,mzd,Y,gene,30,276653,17761
renmbw66yu,mfgb,gend,line,fm,fzd,ss,kvurdå,kvurdå,rymsvå,fzd,Y,gend,34,292333,7141
renmbw66yu,mfgb,gend,gcr,mb,ff,mm,kawuka,kawuka,goviku,ff,Y,gend,38,304518,3645
renmbw66yu,mfgb,gene,gcr,fb,mb,fbs,øqoç,øqoç,aweh,mb,Y,gene,42,320834,7785
renmbw66yu,mfgb,attn,NA,zs,bs,mbs,nephew,nephew,cousin,bs,Y,NA,46,332588,3230
gu18mtgn8u,mfbg,gene,gcr,mbs,fzs,mb,kawuka,kawuka,goviku,fzs,Y,gene,22,122784,12134
gu18mtgn8u,mfbg,gene,line,b,mzs,ff,kïmy,kïmy,qïru,mzs,Y,gene,26,142887,11538
gu18mtgn8u,mfbg,gend,line,bd,fm,fbs,kvurdå,kvurdå,rymsvå,fm,Y,gend,30,160071,8646
gu18mtgn8u,mfbg,gend,gcr,fb,mf,fm,cöhido,šïenö,cöhido,fm,N,gcr,34,176008,7377
gu18mtgn8u,mfbg,line,gcr,fzs,zs,ss,etupol,etupol,awupav,zs,Y,line,38,190327,5765
gu18mtgn8u,mfbg,gene,gend,mbd,mzs,mz,aweh,øqoç,aweh,mz,N,gend,42,204383,5501
gu18mtgn8u,mfbg,attn,NA,zs,bs,mbs,nephew,nephew,cousin,bs,Y,NA,46,222463,9516
813a238x3z,fmgb,gend,line,mbd,mm,mb,øqoç,øqoç,aweh,mm,Y,gend,22,228016,117172
813a238x3z,fmgb,line,gcr,mzd,bd,dd,šïenö,šïenö,cöhido,bd,Y,line,26,249211,12542
813a238x3z,fmgb,gene,line,d,zd,sd,kïmy,kïmy,qïru,zd,Y,gene,30,280322,22522
813a238x3z,fmgb,gend,gcr,fzs,mzs,fzd,kawuka,kawuka,goviku,mzs,Y,gend,34,300130,11129
813a238x3z,fmgb,gene,gend,fzs,fzd,fb,etupol,etupol,awupav,fzd,Y,gene,38,338140,29370
813a238x3z,fmgb,gene,gcr,fm,mm,sd,kvurdå,kvurdå,rymsvå,mm,Y,gene,42,355454,8620
813a238x3z,fmgb,attn,NA,zs,bs,mbs,nephew,nephew,cousin,bs,Y,NA,46,378510,14390
d6fzx158ty,fmbg,gene,gcr,mf,ff,ds,etupol,awupav,etupol,ds,N,gcr,22,1057108,31533
d6fzx158ty,fmbg,gene,line,s,bs,mf,rymsvå,kvurdå,rymsvå,mf,N,line,26,1082545,16893
d6fzx158ty,fmbg,gend,gcr,bd,zd,bs,aweh,aweh,øqoç,zd,Y,gend,30,1162198,71114
d6fzx158ty,fmbg,gene,gend,ds,dd,mf,qïru,qïru,kïmy,dd,Y,gene,34,1180506,9760
d6fzx158ty,fmbg,gend,line,mm,mzd,ds,kawuka,kawuka,goviku,mzd,Y,gend,38,1197897,8846
d6fzx158ty,fmbg,line,gcr,dd,fm,mzd,cöhido,šïenö,cöhido,mzd,N,gcr,42,1212368,5921
d6fzx158ty,fmbg,attn,NA,zs,bs,mbs,nephew,nephew,cousin,bs,Y,NA,46,1253932,33012
xlafndrjsm,mfgb,gend,gcr,fz,mz,fb,kïmy,kïmy,qïru,mz,Y,gend,22,203638,43310
xlafndrjsm,mfgb,line,gcr,sd,mm,fz,etupol,etupol,awupav,mm,Y,line,26,350462,138258
xlafndrjsm,mfgb,gene,line,b,mzs,ss,kvurdå,kvurdå,rymsvå,mzs,Y,gene,30,381710,22704
xlafndrjsm,mfgb,gene,gend,fzs,fzd,fb,šïenö,šïenö,cöhido,fzd,Y,gene,34,401046,10771
xlafndrjsm,mfgb,gene,gcr,dd,sd,mm,goviku,goviku,kawuka,sd,Y,gene,38,421230,11641
xlafndrjsm,mfgb,gend,line,fb,ff,fzd,aweh,aweh,øqoç,ff,Y,gend,42,468757,38966
xlafndrjsm,mfgb,attn,NA,zs,bs,mbs,nephew,nephew,cousin,bs,Y,NA,46,493750,16430
m09sexwzyw,fmgb,gene,gcr,mz,fz,zd,cöhido,cöhido,šïenö,fz,Y,gene,22,328793,47170
m09sexwzyw,fmgb,gene,line,z,fbd,mm,kawuka,kawuka,goviku,fbd,Y,gene,26,351503,14078
m09sexwzyw,fmgb,gend,gcr,mb,ff,mm,kvurdå,kvurdå,rymsvå,ff,Y,gend,30,399227,39119
m09sexwzyw,fmgb,gend,line,ff,fbs,sd,qïru,qïru,kïmy,fbs,Y,gend,34,420961,13116
m09sexwzyw,fmgb,line,gcr,mzd,bd,dd,awupav,awupav,etupol,bd,Y,line,38,454879,25312
m09sexwzyw,fmgb,gene,gend,mzs,mbd,mb,øqoç,aweh,øqoç,mb,N,gend,42,472364,8882
m09sexwzyw,fmgb,attn,NA,zs,bs,mbs,nephew,nephew,cousin,bs,Y,NA,46,488931,7947
17x8bw57jn,mfbg,gend,gcr,mz,fm,mf,etupol,etupol,awupav,fm,Y,gend,22,221947,34920
17x8bw57jn,mfbg,line,gcr,mbd,bd,dd,qïru,qïru,kïmy,bd,Y,line,26,280616,50094
17x8bw57jn,mfbg,gend,line,fm,fz,ss,goviku,kawuka,goviku,ss,N,line,30,303113,13918
17x8bw57jn,mfbg,gene,line,z,fbd,dd,aweh,øqoç,aweh,dd,N,line,34,329091,17395
17x8bw57jn,mfbg,gene,gcr,mbs,fzs,zs,rymsvå,rymsvå,kvurdå,fzs,Y,gene,38,355729,18059
17x8bw57jn,mfbg,gene,gend,ds,dd,mf,cöhido,šïenö,cöhido,mf,N,gend,42,375631,11324
17x8bw57jn,mfbg,attn,NA,zs,bs,mbs,nephew,nephew,cousin,bs,Y,NA,46,397665,13458
fkz4qut5lx,fmbg,gene,line,s,bs,mf,etupol,etupol,awupav,bs,Y,gene,22,142132,18582
fkz4qut5lx,fmbg,gend,gcr,bd,zd,bs,øqoç,øqoç,aweh,zd,Y,gend,26,168415,17685
fkz4qut5lx,fmbg,gene,gend,zd,zs,mzd,šïenö,šïenö,cöhido,zs,Y,gene,30,198269,21245
fkz4qut5lx,fmbg,gend,line,mf,mb,dd,goviku,goviku,kawuka,mb,Y,gend,34,230020,23161
fkz4qut5lx,fmbg,line,gcr,mf,ss,mbs,qïru,kïmy,qïru,mbs,N,gcr,38,256079,17497
fkz4qut5lx,fmbg,gene,gcr,bs,zd,fzs,rymsvå,rymsvå,kvurdå,zd,Y,gene,42,276069,11432
fkz4qut5lx,fmbg,attn,NA,zs,bs,mbs,nephew,nephew,cousin,bs,Y,NA,46,307293,22666
odb7zolt30,fmgb,gene,line,z,fzd,mm,šïenö,šïenö,cöhido,fzd,Y,gene,22,192251,27410
odb7zolt30,fmgb,line,gcr,mbd,fz,mm,etupol,awupav,etupol,mm,N,gcr,26,215667,14865
odb7zolt30,fmgb,gend,gcr,sd,dd,ss,kïmy,kïmy,qïru,dd,Y,gend,30,235233,11020
odb7zolt30,fmgb,gend,line,mz,mm,ds,aweh,aweh,øqoç,mm,Y,gend,34,282566,38784
odb7zolt30,fmgb,gene,gcr,zd,bd,mbd,rymsvå,kvurdå,rymsvå,mbd,N,gcr,38,358617,67500
odb7zolt30,fmgb,gene,gend,mbd,mbs,mz,kawuka,goviku,kawuka,mz,N,gend,42,378402,11226
odb7zolt30,fmgb,attn,NA,zs,bs,mbs,nephew,nephew,cousin,bs,Y,NA,46,395901,8937
mkyssb5cq1,fmgb,line,gcr,fb,mzs,ff,goviku,goviku,kawuka,mzs,Y,line,22,362308,37374
mkyssb5cq1,fmgb,gend,gcr,fb,mb,fz,etupol,etupol,awupav,mb,Y,gend,26,388744,17790
mkyssb5cq1,fmgb,gene,gcr,mbs,fbs,zs,aweh,aweh,øqoç,fbs,Y,gene,30,410505,13063
mkyssb5cq1,fmgb,gend,line,fz,fm,fbs,kvurdå,rymsvå,kvurdå,fbs,N,line,34,434114,14982
mkyssb5cq1,fmgb,gene,line,s,bs,mf,cöhido,šïenö,cöhido,mf,N,line,38,470333,27574
mkyssb5cq1,fmgb,gene,gend,dd,ds,mm,kïmy,kïmy,qïru,ds,Y,gene,42,490846,11845
mkyssb5cq1,fmgb,attn,NA,zs,bs,mbs,nephew,nephew,cousin,bs,Y,NA,46,512804,13360
uefr1t21w0,mfbg,line,gcr,fzs,zs,ss,goviku,kawuka,goviku,ss,N,gcr,22,135985,25926
uefr1t21w0,mfbg,gene,gend,mm,mf,m,kïmy,qïru,kïmy,m,N,gend,26,175111,30570
uefr1t21w0,mfbg,gene,gcr,ds,ss,mf,øqoç,øqoç,aweh,ss,Y,gene,30,198021,14365
uefr1t21w0,mfbg,gene,line,b,mzs,ff,rymsvå,rymsvå,kvurdå,mzs,Y,gene,34,219715,13142
uefr1t21w0,mfbg,gend,line,ff,fzs,sd,awupav,awupav,etupol,fzs,Y,gend,38,240658,12402
uefr1t21w0,mfbg,gend,gcr,bd,zd,bs,šïenö,šïenö,cöhido,zd,Y,gend,42,300455,51187
uefr1t21w0,mfbg,attn,NA,zs,bs,mbs,nephew,nephew,cousin,bs,Y,NA,46,331648,22662
twwspllhdh,mfgb,gene,gcr,fz,mz,bd,cöhido,cöhido,šïenö,mz,Y,gene,22,167914,63696
twwspllhdh,mfgb,gend,gcr,fb,mb,fz,goviku,kawuka,goviku,fz,N,gcr,26,189596,13130
twwspllhdh,mfgb,gend,line,mz,mzd,mf,qïru,qïru,kïmy,mzd,Y,gend,30,211929,13780
twwspllhdh,mfgb,line,gcr,fm,dd,bd,etupol,awupav,etupol,bd,N,gcr,34,234979,14495
twwspllhdh,mfgb,gene,line,z,mzd,fm,øqoç,øqoç,aweh,mzd,Y,gene,38,275395,31860
twwspllhdh,mfgb,gene,gend,zs,zd,mb,kvurdå,kvurdå,rymsvå,zd,Y,gene,42,291495,7538
twwspllhdh,mfgb,attn,NA,zs,bs,mbs,nephew,nephew,cousin,bs,Y,NA,46,312993,12953
nas9of4fcn,fmbg,gene,gcr,mbd,fbd,zd,kvurdå,kvurdå,rymsvå,fbd,Y,gene,22,193458,48721
nas9of4fcn,fmbg,gene,line,s,zs,ff,etupol,etupol,awupav,zs,Y,gene,26,220474,18495
nas9of4fcn,fmbg,gene,gend,ds,dd,mf,øqoç,øqoç,aweh,dd,Y,gene,30,249458,20425
nas9of4fcn,fmbg,gend,gcr,fbs,mzs,fbd,kïmy,kïmy,qïru,mzs,Y,gend,34,286994,28991
nas9of4fcn,fmbg,gend,line,mz,mm,mbs,kawuka,kawuka,goviku,mm,Y,gend,38,323290,27758
nas9of4fcn,fmbg,line,gcr,sd,mm,fz,šïenö,šïenö,cöhido,mm,Y,line,42,349490,17659
nas9of4fcn,fmbg,attn,NA,zs,bs,mbs,nephew,nephew,cousin,bs,Y,NA,46,397346,39316
ejknubcxgm,mfbg,gend,line,mf,mbs,dd,kawuka,kawuka,goviku,mbs,Y,gend,22,83899,12636
ejknubcxgm,mfbg,gend,gcr,fb,mf,fm,šïenö,šïenö,cöhido,mf,Y,gend,26,105683,13258
ejknubcxgm,mfbg,gene,gend,mbd,mbs,mz,etupol,etupol,awupav,mbs,Y,gene,30,119527,5318
ejknubcxgm,mfbg,line,gcr,fbd,zd,sd,aweh,aweh,øqoç,zd,Y,line,34,142448,14386
ejknubcxgm,mfbg,gene,line,z,mbd,fm,qïru,qïru,kïmy,mbd,Y,gene,38,155356,4384
ejknubcxgm,mfbg,gene,gcr,mzs,fbs,zs,kvurdå,kvurdå,rymsvå,fbs,Y,gene,42,167494,3606
ejknubcxgm,mfbg,attn,NA,zs,bs,mbs,nephew,nephew,cousin,bs,Y,NA,46,180876,4845
8m4z90lma7,mfbg,gene,line,b,fzs,ds,qïru,qïru,kïmy,fzs,Y,gene,22,147900,19664
8m4z90lma7,mfbg,gend,gcr,fbs,mzs,fbd,etupol,etupol,awupav,mzs,Y,gend,26,169305,12747
8m4z90lma7,mfbg,gene,gcr,mz,fz,mzd,kvurdå,kvurdå,rymsvå,fz,Y,gene,30,189455,11551
8m4z90lma7,mfbg,line,gcr,fzs,mb,ss,aweh,aweh,øqoç,mb,Y,line,34,216565,17909
8m4z90lma7,mfbg,gene,gend,bd,bs,fzd,cöhido,cöhido,šïenö,bs,Y,gene,38,231729,6281
8m4z90lma7,mfbg,gend,line,fm,fzd,ss,goviku,goviku,kawuka,fzd,Y,gend,42,250193,9644
8m4z90lma7,mfbg,attn,NA,zs,bs,mbs,nephew,nephew,cousin,bs,Y,NA,46,269272,10440
cd1tnrgmff,fmbg,gene,line,z,fbd,dd,kawuka,kawuka,goviku,fbd,Y,gene,22,509000,44243
cd1tnrgmff,fmbg,gene,gcr,mz,fz,zd,rymsvå,rymsvå,kvurdå,fz,Y,gene,26,542614,25003
cd1tnrgmff,fmbg,gene,gend,fzd,fbs,fz,šïenö,cöhido,šïenö,fz,N,gend,30,565832,14502
cd1tnrgmff,fmbg,line,gcr,mm,sd,mz,etupol,awupav,etupol,mz,N,gcr,34,584517,10026
cd1tnrgmff,fmbg,gend,gcr,fbs,mzs,fbd,aweh,øqoç,aweh,fbd,N,gcr,38,614631,21478
cd1tnrgmff,fmbg,gend,line,fm,fbd,ss,qïru,qïru,kïmy,fbd,Y,gend,42,641547,18261
cd1tnrgmff,fmbg,attn,NA,zs,bs,mbs,nephew,nephew,cousin,bs,Y,NA,46,688811,38579
wg09y7ah1o,fmbg,gend,gcr,bd,zd,bs,kvurdå,rymsvå,kvurdå,bs,N,gcr,22,252516,29503
wg09y7ah1o,fmbg,gene,gcr,bs,zs,fbs,aweh,aweh,øqoç,zs,Y,gene,26,290491,29422
wg09y7ah1o,fmbg,line,gcr,mz,bd,mm,qïru,qïru,kïmy,bd,Y,line,30,329607,30575
wg09y7ah1o,fmbg,gend,line,mf,mb,dd,cöhido,šïenö,cöhido,dd,N,line,34,401795,63625
wg09y7ah1o,fmbg,gene,gend,bs,bd,fbs,kawuka,kawuka,goviku,bd,Y,gene,38,418962,8616
wg09y7ah1o,fmbg,gene,line,s,bs,ds,etupol,etupol,awupav,bs,Y,gene,42,439005,11503
wg09y7ah1o,fmbg,attn,NA,zs,bs,mbs,nephew,nephew,cousin,bs,Y,NA,46,466112,18570
pw5lrev912,mfbg,gend,line,mf,mb,dd,qïru,qïru,kïmy,mb,Y,gend,22,226634,48923
pw5lrev912,mfbg,line,gcr,mz,fzd,mm,etupol,etupol,awupav,fzd,Y,line,26,258890,23714
pw5lrev912,mfbg,gene,gend,fzd,fbs,fz,rymsvå,rymsvå,kvurdå,fbs,Y,gene,30,283357,15931
pw5lrev912,mfbg,gend,gcr,zd,bd,zs,øqoç,øqoç,aweh,bd,Y,gend,34,305262,13367
pw5lrev912,mfbg,gene,line,d,zd,fm,cöhido,cöhido,šïenö,zd,Y,gene,38,338216,24418
pw5lrev912,mfbg,gene,gcr,mbs,fzs,mb,goviku,goviku,kawuka,fzs,Y,gene,42,353263,6512
pw5lrev912,mfbg,attn,NA,zs,bs,mbs,nephew,nephew,cousin,bs,Y,NA,46,381057,19261
jwxls9ljtb,mfbg,line,gcr,ss,mf,bs,kvurdå,rymsvå,kvurdå,bs,N,gcr,22,139004,17964
jwxls9ljtb,mfbg,gend,gcr,fb,mf,fm,goviku,goviku,kawuka,mf,Y,gend,26,208985,61440
jwxls9ljtb,mfbg,gene,gend,ff,fm,f,šïenö,šïenö,cöhido,fm,Y,gene,30,234634,17097
jwxls9ljtb,mfbg,gend,line,mz,mm,mzs,aweh,aweh,øqoç,mm,Y,gend,34,266339,23159
jwxls9ljtb,mfbg,gene,line,s,zs,ff,awupav,awupav,etupol,zs,Y,gene,38,286330,11446
jwxls9ljtb,mfbg,gene,gcr,mzs,fbs,zs,kïmy,kïmy,qïru,fbs,Y,gene,42,299848,4965
jwxls9ljtb,mfbg,attn,NA,zs,bs,mbs,nephew,nephew,cousin,bs,Y,NA,46,318273,9875
evfjdxlj71,mfgb,gene,gcr,ds,ss,mf,kvurdå,kvurdå,rymsvå,ss,Y,gene,22,184809,21517
evfjdxlj71,mfgb,gene,line,b,mzs,ss,šïenö,šïenö,cöhido,mzs,Y,gene,26,204195,10653
evfjdxlj71,mfgb,gend,gcr,zd,bd,zs,qïru,qïru,kïmy,bd,Y,gend,30,221767,9017
evfjdxlj71,mfgb,gend,line,mb,mf,zd,aweh,øqoç,aweh,zd,N,line,34,240027,9672
evfjdxlj71,mfgb,line,gcr,mf,mb,ss,awupav,awupav,etupol,mb,Y,line,38,256641,8018
evfjdxlj71,mfgb,gene,gend,bd,bs,fzd,goviku,goviku,kawuka,bs,Y,gene,42,271519,6286
evfjdxlj71,mfgb,attn,NA,zs,bs,mbs,nephew,nephew,cousin,bs,Y,NA,46,293786,16943
kem2zxokj9,mfbg,gene,gcr,fm,mm,sd,awupav,awupav,etupol,mm,Y,gene,22,376473,25838
kem2zxokj9,mfbg,line,gcr,ff,ds,fzs,aweh,aweh,øqoç,ds,Y,line,26,420471,35442
kem2zxokj9,mfbg,gend,line,ff,bs,sd,goviku,goviku,kawuka,bs,Y,gend,30,438760,9720
kem2zxokj9,mfbg,gene,gend,zd,zs,mz,rymsvå,kvurdå,rymsvå,mz,N,gend,34,454560,7250
kem2zxokj9,mfbg,gend,gcr,bd,zd,bs,šïenö,šïenö,cöhido,zd,Y,gend,38,468655,5282
kem2zxokj9,mfbg,gene,line,z,mbd,sd,kïmy,kïmy,qïru,mbd,Y,gene,42,483787,6581
kem2zxokj9,mfbg,attn,NA,zs,bs,mbs,nephew,nephew,cousin,bs,Y,NA,46,503592,11219
5dxw45dc3x,mfgb,gend,gcr,fz,mz,fb,øqoç,aweh,øqoç,fb,N,gcr,22,435285,25766
5dxw45dc3x,mfgb,gend,line,mf,mbs,dd,rymsvå,rymsvå,kvurdå,mbs,Y,gend,26,463165,19329
5dxw45dc3x,mfgb,gene,gcr,fzs,mzs,bs,awupav,awupav,etupol,mzs,Y,gene,30,481773,10050
5dxw45dc3x,mfgb,line,gcr,mf,ss,mzs,kïmy,qïru,kïmy,mzs,N,gcr,34,499021,8674
5dxw45dc3x,mfgb,gene,line,z,fzd,dd,šïenö,šïenö,cöhido,fzd,Y,gene,38,513086,5488
5dxw45dc3x,mfgb,gene,gend,fbs,fbd,fb,goviku,goviku,kawuka,fbd,Y,gene,42,534645,12273
5dxw45dc3x,mfgb,attn,NA,zs,bs,mbs,nephew,nephew,cousin,bs,Y,NA,46,581678,38461
bkc6tdwowd,mfgb,gene,gend,bd,bs,fzd,aweh,aweh,øqoç,bs,Y,gene,22,296033,43746
bkc6tdwowd,mfgb,line,gcr,fm,dd,fz,qïru,qïru,kïmy,dd,Y,line,26,400299,95053
bkc6tdwowd,mfgb,gene,gcr,fb,mb,bs,goviku,goviku,kawuka,mb,Y,gene,30,432897,23909
bkc6tdwowd,mfgb,gene,line,z,fbd,mm,awupav,etupol,awupav,mm,N,line,34,539392,97858
bkc6tdwowd,mfgb,gend,line,mz,mm,mzs,šïenö,šïenö,cöhido,mm,Y,gend,38,565751,17547
bkc6tdwowd,mfgb,gend,gcr,fz,mz,fb,kvurdå,kvurdå,rymsvå,mz,Y,gend,42,590403,15976
bkc6tdwowd,mfgb,attn,NA,zs,bs,mbs,nephew,cousin,nephew,mbs,N,NA,46,617736,18629
k3bzjan0hj,mfbg,gene,line,d,bd,dd,šïenö,cöhido,šïenö,dd,N,line,22,527955,7299
k3bzjan0hj,mfbg,line,gcr,mz,fzd,mm,kvurdå,kvurdå,rymsvå,fzd,Y,line,26,541439,4908
k3bzjan0hj,mfbg,gene,gcr,zs,bs,mzs,øqoç,aweh,øqoç,mzs,N,gcr,30,556166,6155
k3bzjan0hj,mfbg,gend,gcr,fb,mb,fz,etupol,awupav,etupol,fz,N,gcr,34,573781,9050
k3bzjan0hj,mfbg,gene,gend,fzd,fbs,fz,goviku,kawuka,goviku,fz,N,gend,38,591468,9106
k3bzjan0hj,mfbg,gend,line,mm,mbd,ds,qïru,kïmy,qïru,ds,N,line,42,605997,5963
k3bzjan0hj,mfbg,attn,NA,zs,bs,mbs,nephew,cousin,nephew,mbs,N,NA,46,621602,7043
77sthtbvuk,fmbg,gene,gend,zs,zd,mb,rymsvå,rymsvå,kvurdå,zd,Y,gene,22,175740,46756
77sthtbvuk,fmbg,gend,line,mm,mz,ds,šïenö,šïenö,cöhido,mz,Y,gend,26,191421,7090
77sthtbvuk,fmbg,gene,gcr,mb,fb,mzs,øqoç,aweh,øqoç,mzs,N,gcr,30,208355,8339
77sthtbvuk,fmbg,gend,gcr,fb,mb,fz,goviku,goviku,kawuka,mb,Y,gend,34,222790,5867
77sthtbvuk,fmbg,gene,line,s,zs,ff,kïmy,qïru,kïmy,ff,N,line,38,237713,6354
77sthtbvuk,fmbg,line,gcr,fb,mbs,ff,awupav,etupol,awupav,ff,N,gcr,42,258575,12284
77sthtbvuk,fmbg,attn,NA,zs,bs,mbs,nephew,nephew,cousin,bs,Y,NA,46,292036,24889
p8k794p1cx,mfgb,gene,line,b,fbs,ds,kawuka,kawuka,goviku,fbs,Y,gene,22,627281,16883
p8k794p1cx,mfgb,gene,gcr,fz,mz,fzd,šïenö,šïenö,cöhido,mz,Y,gene,26,643325,7487
p8k794p1cx,mfgb,gend,gcr,zd,bd,zs,kïmy,qïru,kïmy,zs,N,gcr,30,677309,25403
p8k794p1cx,mfgb,gend,line,mm,mzd,ds,awupav,awupav,etupol,mzd,Y,gend,34,699435,13584
p8k794p1cx,mfgb,gene,gend,mbd,mbs,mz,kvurdå,kvurdå,rymsvå,mbs,Y,gene,38,722457,14468
p8k794p1cx,mfgb,line,gcr,sd,mm,fz,aweh,øqoç,aweh,fz,N,gcr,42,753189,22189
p8k794p1cx,mfgb,attn,NA,zs,bs,mbs,nephew,nephew,cousin,bs,Y,NA,46,768623,6879
ltgs2q6uuj,fmgb,gend,gcr,fz,mz,fb,qïru,qïru,kïmy,mz,Y,gend,22,153337,26313
ltgs2q6uuj,fmgb,gene,line,z,fbd,dd,rymsvå,rymsvå,kvurdå,fbd,Y,gene,26,352557,190642
ltgs2q6uuj,fmgb,gend,line,mb,mf,mbd,øqoç,aweh,øqoç,mbd,N,line,30,376620,15485
ltgs2q6uuj,fmgb,line,gcr,dd,fm,mzd,etupol,awupav,etupol,mzd,N,gcr,34,413858,28694
ltgs2q6uuj,fmgb,gene,gcr,mbd,fzd,zd,šïenö,šïenö,cöhido,fzd,Y,gene,38,436988,14495
ltgs2q6uuj,fmgb,gene,gend,bd,bs,fzd,kawuka,kawuka,goviku,bs,Y,gene,42,464490,18942
ltgs2q6uuj,fmgb,attn,NA,zs,bs,mbs,nephew,nephew,cousin,bs,Y,NA,46,484056,11007
8j21gql2a2,fmbg,gend,line,fz,fm,fzs,šïenö,cöhido,šïenö,fzs,N,line,22,42205,6809
8j21gql2a2,fmbg,line,gcr,fzd,mz,sd,etupol,etupol,awupav,mz,Y,line,26,58910,8130
8j21gql2a2,fmbg,gene,gcr,bs,zs,fbs,kïmy,kïmy,qïru,zs,Y,gene,30,76526,9045
8j21gql2a2,fmbg,gend,gcr,fzd,mzd,fzs,aweh,aweh,øqoç,mzd,Y,gend,34,97800,12703
8j21gql2a2,fmbg,gene,gend,mbd,mzs,mz,rymsvå,kvurdå,rymsvå,mz,N,gend,38,114913,8553
8j21gql2a2,fmbg,gene,line,b,mzs,ff,goviku,goviku,kawuka,mzs,Y,gene,42,131397,7243
8j21gql2a2,fmbg,attn,NA,zs,bs,mbs,nephew,nephew,cousin,bs,Y,NA,46,146415,6464
6fgt5k3yo4,fmbg,gene,line,s,bs,ds,rymsvå,rymsvå,kvurdå,bs,Y,gene,22,209797,48948
6fgt5k3yo4,fmbg,line,gcr,dd,fm,zd,kawuka,goviku,kawuka,zd,N,gcr,26,245308,26925
6fgt5k3yo4,fmbg,gene,gend,bs,bd,fzs,øqoç,øqoç,aweh,bd,Y,gene,30,271005,17095
6fgt5k3yo4,fmbg,gene,gcr,fb,mb,fbs,awupav,awupav,etupol,mb,Y,gene,34,288997,9410
6fgt5k3yo4,fmbg,gend,gcr,fz,mz,fb,qïru,qïru,kïmy,mz,Y,gend,38,303246,5638
6fgt5k3yo4,fmbg,gend,line,fz,fm,fbs,cöhido,šïenö,cöhido,fbs,N,line,42,339685,27835
6fgt5k3yo4,fmbg,attn,NA,zs,bs,mbs,nephew,nephew,cousin,bs,Y,NA,46,376189,27878
nxlxqz3pca,fmgb,gene,line,z,fbd,dd,aweh,aweh,øqoç,fbd,Y,gene,22,155863,22400
nxlxqz3pca,fmgb,gend,gcr,mb,ff,mm,kïmy,qïru,kïmy,mm,N,gcr,26,178135,13723
nxlxqz3pca,fmgb,gene,gcr,fm,mm,sd,šïenö,šïenö,cöhido,mm,Y,gene,30,198919,12214
nxlxqz3pca,fmgb,gend,line,ff,fb,sd,etupol,etupol,awupav,fb,Y,gend,34,218615,11125
nxlxqz3pca,fmgb,gene,gend,ss,sd,ff,kawuka,kawuka,goviku,sd,Y,gene,38,234015,6857
nxlxqz3pca,fmgb,line,gcr,ff,ds,fbs,kvurdå,rymsvå,kvurdå,fbs,N,gcr,42,255711,13138
nxlxqz3pca,fmgb,attn,NA,zs,bs,mbs,nephew,cousin,nephew,mbs,N,NA,46,320143,55869
9ygtwe5j85,fmbg,gend,line,fm,bd,ss,øqoç,øqoç,aweh,bd,Y,gend,22,448971,124428
9ygtwe5j85,fmbg,gene,gend,ff,fm,f,kawuka,kawuka,goviku,fm,Y,gene,26,542119,84500
9ygtwe5j85,fmbg,gene,line,z,mzd,fm,kvurdå,rymsvå,kvurdå,fm,N,line,30,602032,51239
9ygtwe5j85,fmbg,gene,gcr,zs,bs,mzs,qïru,qïru,kïmy,bs,Y,gene,34,623413,12713
9ygtwe5j85,fmbg,line,gcr,fbd,mz,sd,etupol,etupol,awupav,mz,Y,line,38,655745,23649
9ygtwe5j85,fmbg,gend,gcr,fzd,mzd,fzs,šïenö,cöhido,šïenö,fzs,N,gcr,42,681701,17299
9ygtwe5j85,fmbg,attn,NA,zs,bs,mbs,nephew,nephew,cousin,bs,Y,NA,46,701951,11578
fx635s9h4n,mfgb,line,gcr,mz,fbd,mm,kvurdå,rymsvå,kvurdå,mm,N,gcr,22,216789,82063
fx635s9h4n,mfgb,gene,gend,mzd,mzs,mz,aweh,aweh,øqoç,mzs,Y,gene,26,242931,17565
fx635s9h4n,mfgb,gene,gcr,mbd,fzd,zd,goviku,goviku,kawuka,fzd,Y,gene,30,262287,10777
fx635s9h4n,mfgb,gene,line,z,fzd,mm,cöhido,šïenö,cöhido,mm,N,line,34,294302,23419
fx635s9h4n,mfgb,gend,gcr,fb,mf,fm,kïmy,qïru,kïmy,fm,N,gcr,38,318469,15574
fx635s9h4n,mfgb,gend,line,mbd,mm,mb,awupav,awupav,etupol,mm,Y,gend,42,351184,24112
fx635s9h4n,mfgb,attn,NA,zs,bs,mbs,nephew,nephew,cousin,bs,Y,NA,46,366600,6808
vg5qgsv6gf,mfbg,gend,line,fb,ff,bd,etupol,awupav,etupol,bd,N,line,22,701561,187602
vg5qgsv6gf,mfbg,gene,gend,fbs,fbd,fb,šïenö,šïenö,cöhido,fbd,Y,gene,26,729101,18983
vg5qgsv6gf,mfbg,gene,line,z,mzd,sd,øqoç,øqoç,aweh,mzd,Y,gene,30,776311,38659
vg5qgsv6gf,mfbg,gene,gcr,fz,mz,bd,kïmy,kïmy,qïru,mz,Y,gene,34,801483,16612
vg5qgsv6gf,mfbg,gend,gcr,fb,mf,fm,kvurdå,kvurdå,rymsvå,mf,Y,gend,38,837038,26989
vg5qgsv6gf,mfbg,line,gcr,mm,sd,mbd,kawuka,goviku,kawuka,mbd,N,gcr,42,862045,16456
vg5qgsv6gf,mfbg,attn,NA,zs,bs,mbs,nephew,nephew,cousin,bs,Y,NA,46,948022,77422
1zmxya90n0,fmgb,gene,gcr,fbd,mbd,bd,šïenö,šïenö,cöhido,mbd,Y,gene,22,321639,11197
1zmxya90n0,fmgb,line,gcr,mb,fbs,mf,øqoç,aweh,øqoç,mf,N,gcr,26,354321,24124
1zmxya90n0,fmgb,gend,line,mb,mf,mbd,etupol,etupol,awupav,mf,Y,gend,30,374656,11782
1zmxya90n0,fmgb,gene,gend,zs,zd,mbs,kïmy,kïmy,qïru,zd,Y,gene,34,389089,5875
1zmxya90n0,fmgb,gene,line,z,fbd,mm,kawuka,kawuka,goviku,fbd,Y,gene,38,403256,5612
1zmxya90n0,fmgb,gend,gcr,ss,ds,sd,rymsvå,kvurdå,rymsvå,sd,N,gcr,42,422422,10608
1zmxya90n0,fmgb,attn,NA,zs,bs,mbs,nephew,nephew,cousin,bs,Y,NA,46,439555,8882
wh34bvfgh3,fmgb,gend,line,mz,mm,mzs,qïru,kïmy,qïru,mzs,N,line,22,400602,29001
wh34bvfgh3,fmgb,gend,gcr,fz,mz,fb,kawuka,kawuka,goviku,mz,Y,gend,26,420579,11361
wh34bvfgh3,fmgb,gene,gcr,mz,fz,mbd,øqoç,øqoç,aweh,fz,Y,gene,30,442150,12970
wh34bvfgh3,fmgb,line,gcr,ds,ff,mb,cöhido,šïenö,cöhido,mb,N,gcr,34,482047,31291
wh34bvfgh3,fmgb,gene,line,d,zd,fm,kvurdå,kvurdå,rymsvå,zd,Y,gene,38,512620,21951
wh34bvfgh3,fmgb,gene,gend,zd,zs,mz,awupav,awupav,etupol,zs,Y,gene,42,539712,18515
wh34bvfgh3,fmgb,attn,NA,zs,bs,mbs,nephew,nephew,cousin,bs,Y,NA,46,566686,18387
5gjowb82vw,mfbg,gend,gcr,fbs,mzs,fbd,qïru,kïmy,qïru,fbd,N,gcr,22,722266,77434
5gjowb82vw,mfbg,gend,line,mbd,mm,mb,goviku,kawuka,goviku,mb,N,line,26,751112,20247
5gjowb82vw,mfbg,gene,gend,fzd,fbs,fz,etupol,awupav,etupol,fz,N,gend,30,775800,16087
5gjowb82vw,mfbg,gene,line,s,bs,mf,šïenö,šïenö,cöhido,bs,Y,gene,34,810864,26458
5gjowb82vw,mfbg,line,gcr,dd,fm,mzd,kvurdå,rymsvå,kvurdå,mzd,N,gcr,38,846768,27310
5gjowb82vw,mfbg,gene,gcr,mf,ff,ds,aweh,øqoç,aweh,ds,N,gcr,42,869824,14474
5gjowb82vw,mfbg,attn,NA,zs,bs,mbs,nephew,nephew,cousin,bs,Y,NA,46,895096,16636
1f92qo8w57,fmgb,gene,gcr,bd,zd,fzd,goviku,goviku,kawuka,zd,Y,gene,22,251311,45962
1f92qo8w57,fmgb,gene,line,z,mbd,sd,aweh,aweh,øqoç,mbd,Y,gene,26,272727,12857
1f92qo8w57,fmgb,gene,gend,bs,bd,fzs,cöhido,cöhido,šïenö,bd,Y,gene,30,293375,12062
1f92qo8w57,fmgb,line,gcr,mf,ss,mzs,etupol,awupav,etupol,mzs,N,gcr,34,326966,25017
1f92qo8w57,fmgb,gend,line,fz,fm,fbs,kvurdå,kvurdå,rymsvå,fm,Y,gend,38,351951,16423
1f92qo8w57,fmgb,gend,gcr,mb,ff,mm,kïmy,kïmy,qïru,ff,Y,gend,42,399726,39187
1f92qo8w57,fmgb,attn,NA,zs,bs,mbs,nephew,nephew,cousin,bs,Y,NA,46,439095,30810
gbgvwr0okx,mfgb,gene,gcr,fbs,mzs,bs,cöhido,cöhido,šïenö,mzs,Y,gene,22,315850,19065
gbgvwr0okx,mfgb,gene,line,b,fbs,mf,etupol,etupol,awupav,fbs,Y,gene,26,336800,12372
gbgvwr0okx,mfgb,gend,gcr,sd,dd,ss,øqoç,øqoç,aweh,dd,Y,gend,30,361147,15775
gbgvwr0okx,mfgb,gend,line,mm,mz,ds,kvurdå,rymsvå,kvurdå,ds,N,line,34,387268,17528
gbgvwr0okx,mfgb,gene,gend,fzd,fbs,fz,kawuka,kawuka,goviku,fbs,Y,gene,38,403363,7520
gbgvwr0okx,mfgb,line,gcr,fzs,mb,ff,kïmy,kïmy,qïru,mb,Y,line,42,434401,22452
gbgvwr0okx,mfgb,attn,NA,zs,bs,mbs,nephew,nephew,cousin,bs,Y,NA,46,451928,8928
8qt5e0hp88,fmgb,gene,line,s,zs,ss,etupol,etupol,awupav,zs,Y,gene,22,335545,52328
8qt5e0hp88,fmgb,gend,gcr,mz,fm,mf,kïmy,qïru,kïmy,mf,N,gcr,26,377216,33039
8qt5e0hp88,fmgb,gene,gcr,mbs,fzs,zs,goviku,goviku,kawuka,fzs,Y,gene,30,401632,15817
8qt5e0hp88,fmgb,gene,gend,mbs,mzd,mb,kvurdå,rymsvå,kvurdå,mb,N,gend,34,475106,64886
8qt5e0hp88,fmgb,gend,line,mm,mzd,ds,cöhido,cöhido,šïenö,mzd,Y,gend,38,513380,29603
8qt5e0hp88,fmgb,line,gcr,mz,fzd,mm,aweh,øqoç,aweh,mm,N,gcr,42,534892,12890
8qt5e0hp88,fmgb,attn,NA,zs,bs,mbs,nephew,nephew,cousin,bs,Y,NA,46,567626,24075
m93svjkxza,mfbg,gend,line,mm,mz,ds,kïmy,qïru,kïmy,ds,N,line,22,322718,51163
m93svjkxza,mfbg,line,gcr,ff,ds,fbs,goviku,goviku,kawuka,ds,Y,line,26,351784,20482
m93svjkxza,mfbg,gend,gcr,ss,ds,sd,kvurdå,kvurdå,rymsvå,ds,Y,gend,30,396378,36007
m93svjkxza,mfbg,gene,line,b,mzs,ss,awupav,awupav,etupol,mzs,Y,gene,34,434878,29932
m93svjkxza,mfbg,gene,gcr,mbs,fzs,mb,øqoç,øqoç,aweh,fzs,Y,gene,38,548938,105472
m93svjkxza,mfbg,gene,gend,zd,zs,mbd,cöhido,cöhido,šïenö,zs,Y,gene,42,591730,34186
m93svjkxza,mfbg,attn,NA,zs,bs,mbs,nephew,nephew,cousin,bs,Y,NA,46,612848,12513
yg1rb8wzq8,fmgb,gend,line,mf,mbs,dd,kawuka,kawuka,goviku,mbs,Y,gend,22,265534,128971
yg1rb8wzq8,fmgb,gend,gcr,fb,mb,fz,etupol,awupav,etupol,fz,N,gcr,26,313054,38888
yg1rb8wzq8,fmgb,line,gcr,mz,fzd,mm,aweh,aweh,øqoç,fzd,Y,line,30,353998,32289
yg1rb8wzq8,fmgb,gene,line,b,mzs,ff,kvurdå,kvurdå,rymsvå,mzs,Y,gene,34,385126,22514
yg1rb8wzq8,fmgb,gene,gend,dd,ds,mm,šïenö,cöhido,šïenö,mm,N,gend,38,408654,14866
yg1rb8wzq8,fmgb,gene,gcr,dd,sd,mm,qïru,kïmy,qïru,mm,N,gcr,42,432022,14752
yg1rb8wzq8,fmgb,attn,NA,zs,bs,mbs,nephew,nephew,cousin,bs,Y,NA,46,468454,27791
wov7fzrpty,mfbg,gend,gcr,fbd,mzd,fbs,awupav,awupav,etupol,mzd,Y,gend,22,359098,25355
wov7fzrpty,mfbg,gene,gcr,zs,bs,mzs,rymsvå,kvurdå,rymsvå,mzs,N,gcr,26,391118,23465
wov7fzrpty,mfbg,line,gcr,fbs,mb,ff,cöhido,cöhido,šïenö,mb,Y,line,30,425306,25644
wov7fzrpty,mfbg,gene,line,b,fzs,ds,qïru,kïmy,qïru,ds,N,line,34,453962,20113
wov7fzrpty,mfbg,gend,line,mm,mz,ds,goviku,goviku,kawuka,mz,Y,gend,38,473587,11084
wov7fzrpty,mfbg,gene,gend,mzd,mbs,mz,aweh,øqoç,aweh,mz,N,gend,42,512311,30133
wov7fzrpty,mfbg,attn,NA,zs,bs,mbs,nephew,nephew,cousin,bs,Y,NA,46,626646,105781
norezgxm48,fmgb,line,gcr,fbs,mb,ff,aweh,aweh,øqoç,mb,Y,line,22,336538,167995
norezgxm48,fmgb,gend,line,ff,fbs,sd,awupav,awupav,etupol,fbs,Y,gend,26,388858,43722
norezgxm48,fmgb,gene,line,s,bs,ds,šïenö,šïenö,cöhido,bs,Y,gene,30,413350,15896
norezgxm48,fmgb,gene,gend,sd,ss,fm,kïmy,kïmy,qïru,ss,Y,gene,34,452069,30170
norezgxm48,fmgb,gend,gcr,fz,mz,fb,goviku,goviku,kawuka,mz,Y,gend,38,476134,15493
norezgxm48,fmgb,gene,gcr,mzs,fbs,zs,rymsvå,rymsvå,kvurdå,fbs,Y,gene,42,500415,15685
norezgxm48,fmgb,attn,NA,zs,bs,mbs,nephew,nephew,cousin,bs,Y,NA,46,528554,19558
yv4zurlaso,mfgb,gene,line,z,mbd,fm,etupol,awupav,etupol,fm,N,line,22,669387,442014
yv4zurlaso,mfgb,line,gcr,fm,dd,fz,goviku,kawuka,goviku,fz,N,gcr,26,701074,23082
yv4zurlaso,mfgb,gene,gend,mbs,mzd,mb,rymsvå,kvurdå,rymsvå,mb,N,gend,30,734422,24780
yv4zurlaso,mfgb,gend,gcr,fbd,mzd,fbs,øqoç,øqoç,aweh,mzd,Y,gend,34,833420,90408
yv4zurlaso,mfgb,gend,line,ff,fzs,sd,kïmy,qïru,kïmy,sd,N,line,38,860654,18639
yv4zurlaso,mfgb,gene,gcr,fb,mb,bs,šïenö,šïenö,cöhido,mb,Y,gene,42,877861,8636
yv4zurlaso,mfgb,attn,NA,zs,bs,mbs,nephew,cousin,nephew,mbs,N,NA,46,935225,48756
navcqfl49f,fmgb,gene,line,z,mzd,sd,kvurdå,kvurdå,rymsvå,mzd,Y,gene,22,806436,26550
navcqfl49f,fmgb,gend,line,mf,mbs,dd,etupol,etupol,awupav,mbs,Y,gend,26,890933,75922
navcqfl49f,fmgb,gene,gend,mbd,mbs,mz,aweh,øqoç,aweh,mz,N,gend,30,931517,31993
navcqfl49f,fmgb,line,gcr,ds,ff,mzs,šïenö,cöhido,šïenö,mzs,N,gcr,34,960932,20830
navcqfl49f,fmgb,gene,gcr,fb,mb,fbs,kïmy,kïmy,qïru,mb,Y,gene,38,992197,22685
navcqfl49f,fmgb,gend,gcr,mb,ff,mm,goviku,kawuka,goviku,mm,N,gcr,42,1049469,48707
navcqfl49f,fmgb,attn,NA,zs,bs,mbs,nephew,nephew,cousin,bs,Y,NA,46,1096604,38566
cmpdk28hz4,mfbg,gene,gend,mzd,mbs,mz,rymsvå,rymsvå,kvurdå,mbs,Y,gene,22,277033,58805
cmpdk28hz4,mfbg,line,gcr,fm,dd,fzd,øqoç,øqoç,aweh,dd,Y,line,26,322978,37330
cmpdk28hz4,mfbg,gene,gcr,fz,mz,bd,kïmy,kïmy,qïru,mz,Y,gene,30,391549,59959
cmpdk28hz4,mfbg,gend,line,mf,mbs,dd,awupav,etupol,awupav,dd,N,line,34,410083,9934
cmpdk28hz4,mfbg,gene,line,z,mbd,sd,cöhido,šïenö,cöhido,sd,N,line,38,448309,29598
cmpdk28hz4,mfbg,gend,gcr,zd,bd,zs,goviku,goviku,kawuka,bd,Y,gend,42,468315,11388
cmpdk28hz4,mfbg,attn,NA,zs,bs,mbs,nephew,nephew,cousin,bs,Y,NA,46,483607,6666
1f76b52sjo,fmgb,gend,gcr,bd,zd,bs,kawuka,kawuka,goviku,zd,Y,gend,22,413010,42887
1f76b52sjo,fmgb,gene,line,d,zd,sd,kvurdå,kvurdå,rymsvå,zd,Y,gene,26,466881,45260
1f76b52sjo,fmgb,gend,line,bd,fm,fzs,etupol,awupav,etupol,fzs,N,line,30,546384,70923
1f76b52sjo,fmgb,gene,gcr,fb,mb,bs,cöhido,cöhido,šïenö,mb,Y,gene,34,576550,21590
1f76b52sjo,fmgb,line,gcr,fbs,mb,ss,øqoç,øqoç,aweh,mb,Y,line,38,617360,32251
1f76b52sjo,fmgb,gene,gend,fbs,fbd,fb,qïru,qïru,kïmy,fbd,Y,gene,42,639727,13769
1f76b52sjo,fmgb,attn,NA,zs,bs,mbs,nephew,nephew,cousin,bs,Y,NA,46,708135,59826
6l9yof0fr2,mfbg,gend,gcr,fzs,mzs,fzd,qïru,qïru,kïmy,mzs,Y,gend,22,456017,62417
6l9yof0fr2,mfbg,gene,line,d,bd,mm,šïenö,šïenö,cöhido,bd,Y,gene,26,539904,75296
6l9yof0fr2,mfbg,gend,line,mm,mz,ds,rymsvå,kvurdå,rymsvå,ds,N,line,30,602623,54132
6l9yof0fr2,mfbg,line,gcr,dd,fm,mzd,kawuka,goviku,kawuka,mzd,N,gcr,34,628511,17305
6l9yof0fr2,mfbg,gene,gcr,mzs,fzs,zs,aweh,aweh,øqoç,fzs,Y,gene,38,655655,18566
6l9yof0fr2,mfbg,gene,gend,mz,mb,mzd,awupav,awupav,etupol,mb,Y,gene,42,678430,14209
6l9yof0fr2,mfbg,attn,NA,zs,bs,mbs,nephew,nephew,cousin,bs,Y,NA,46,699542,12538
bcuacugjby,fmbg,gene,gend,zd,zs,mz,awupav,etupol,awupav,mz,N,gend,22,42115,11624
bcuacugjby,fmbg,gene,gcr,mzs,fzs,zs,kvurdå,kvurdå,rymsvå,fzs,Y,gene,26,56942,6220
bcuacugjby,fmbg,line,gcr,mf,ss,zs,kïmy,qïru,kïmy,zs,N,gcr,30,77921,12383
bcuacugjby,fmbg,gene,line,d,zd,sd,šïenö,šïenö,cöhido,zd,Y,gene,34,93982,7474
bcuacugjby,fmbg,gend,line,mb,mf,mbd,aweh,øqoç,aweh,mbd,N,line,38,111721,9174
bcuacugjby,fmbg,gend,gcr,fzd,mzd,fzs,goviku,goviku,kawuka,mzd,Y,gend,42,126391,6129
bcuacugjby,fmbg,attn,NA,zs,bs,mbs,nephew,nephew,cousin,bs,Y,NA,46,144879,9921
7v72njtgd6,mfgb,gend,line,fb,ff,fbd,rymsvå,rymsvå,kvurdå,ff,Y,gend,22,395147,84683
7v72njtgd6,mfgb,gend,gcr,fbd,mzd,fbs,cöhido,šïenö,cöhido,fbs,N,gcr,26,416619,12858
7v72njtgd6,mfgb,gene,line,b,fbs,ds,etupol,awupav,etupol,ds,N,line,30,458906,33687
7v72njtgd6,mfgb,line,gcr,fzd,zd,sd,aweh,aweh,øqoç,zd,Y,line,34,547171,79658
7v72njtgd6,mfgb,gene,gcr,zd,bd,mzd,goviku,goviku,kawuka,bd,Y,gene,38,570962,15191
7v72njtgd6,mfgb,gene,gend,zs,zd,mbs,qïru,qïru,kïmy,zd,Y,gene,42,591714,12148
7v72njtgd6,mfgb,attn,NA,zs,bs,mbs,nephew,cousin,nephew,mbs,N,NA,46,644502,44183
up6t7s4mvk,fmgb,gene,gcr,mbs,fbs,zs,øqoç,øqoç,aweh,fbs,Y,gene,22,269904,41794
up6t7s4mvk,fmgb,gend,line,fz,fm,fzs,awupav,awupav,etupol,fm,Y,gend,26,303975,25453
up6t7s4mvk,fmgb,line,gcr,fbd,mz,fm,kawuka,kawuka,goviku,mz,Y,line,30,339800,27235
up6t7s4mvk,fmgb,gend,gcr,fz,mm,ff,rymsvå,rymsvå,kvurdå,mm,Y,gend,34,360128,11717
up6t7s4mvk,fmgb,gene,line,b,fbs,ds,šïenö,šïenö,cöhido,fbs,Y,gene,38,379731,10997
up6t7s4mvk,fmgb,gene,gend,mzs,mbd,mb,kïmy,qïru,kïmy,mb,N,gend,42,398420,10098
up6t7s4mvk,fmgb,attn,NA,zs,bs,mbs,nephew,nephew,cousin,bs,Y,NA,46,418325,11276
km3xc7pcud,fmbg,gene,gcr,fbd,mbd,bd,etupol,etupol,awupav,mbd,Y,gene,22,375620,69527
km3xc7pcud,fmbg,gene,gend,mzs,mzd,mb,cöhido,šïenö,cöhido,mb,N,gend,26,461850,77640
km3xc7pcud,fmbg,line,gcr,fm,dd,fbd,kvurdå,kvurdå,rymsvå,dd,Y,line,30,493954,23533
km3xc7pcud,fmbg,gene,line,d,zd,fm,aweh,øqoç,aweh,fm,N,line,34,535504,32972
km3xc7pcud,fmbg,gend,gcr,fb,mb,fz,qïru,kïmy,qïru,fz,N,gcr,38,725706,181627
km3xc7pcud,fmbg,gend,line,mm,mbd,ds,kawuka,kawuka,goviku,mbd,Y,gend,42,756932,22651
km3xc7pcud,fmbg,attn,NA,zs,bs,mbs,nephew,cousin,nephew,mbs,N,NA,46,796285,30675
uskuotvaph,mfbg,gend,line,fb,ff,bd,aweh,øqoç,aweh,bd,N,line,22,525055,66549
uskuotvaph,mfbg,gene,gcr,fm,mm,sd,etupol,etupol,awupav,mm,Y,gene,26,542391,8716
uskuotvaph,mfbg,gend,gcr,fzs,mzs,fzd,goviku,goviku,kawuka,mzs,Y,gend,30,572959,21952
uskuotvaph,mfbg,gene,gend,ds,dd,mf,šïenö,šïenö,cöhido,dd,Y,gene,34,591935,10290
uskuotvaph,mfbg,gene,line,b,mbs,ff,rymsvå,rymsvå,kvurdå,mbs,Y,gene,38,618591,18049
uskuotvaph,mfbg,line,gcr,mb,fzs,mf,kïmy,kïmy,qïru,fzs,Y,line,42,646558,19362
uskuotvaph,mfbg,attn,NA,zs,bs,mbs,nephew,nephew,cousin,bs,Y,NA,46,676662,21482
a14qmegxm1,fmgb,gend,gcr,fz,mz,fb,kvurdå,kvurdå,rymsvå,mz,Y,gend,22,275853,54203
a14qmegxm1,fmgb,gene,line,b,fbs,ds,awupav,awupav,etupol,fbs,Y,gene,26,379332,94915
a14qmegxm1,fmgb,gene,gend,mbs,mzd,mb,øqoç,øqoç,aweh,mzd,Y,gene,30,418294,30380
a14qmegxm1,fmgb,gend,line,fb,ff,fzd,qïru,qïru,kïmy,ff,Y,gend,34,466777,39903
a14qmegxm1,fmgb,line,gcr,mf,mb,ss,goviku,goviku,kawuka,mb,Y,line,38,553262,77920
a14qmegxm1,fmgb,gene,gcr,fzs,mzs,bs,šïenö,šïenö,cöhido,mzs,Y,gene,42,580711,18767
a14qmegxm1,fmgb,attn,NA,zs,bs,mbs,nephew,nephew,cousin,bs,Y,NA,46,617222,27936
v92tuncz6v,fmgb,gene,gend,zd,zs,mz,øqoç,øqoç,aweh,zs,Y,gene,22,1199434,329617
v92tuncz6v,fmgb,line,gcr,mb,fzs,mf,awupav,etupol,awupav,mf,N,gcr,26,1255570,47560
v92tuncz6v,fmgb,gene,gcr,fbs,mzs,bs,kvurdå,rymsvå,kvurdå,bs,N,gcr,30,1287618,23481
v92tuncz6v,fmgb,gene,line,b,mzs,ss,goviku,goviku,kawuka,mzs,Y,gene,34,1356146,59973
v92tuncz6v,fmgb,gend,line,ff,fbs,sd,kïmy,kïmy,qïru,fbs,Y,gend,38,1377042,12329
v92tuncz6v,fmgb,gend,gcr,ss,ds,sd,cöhido,šïenö,cöhido,sd,N,gcr,42,1397930,12302
v92tuncz6v,fmgb,attn,NA,zs,bs,mbs,nephew,nephew,cousin,bs,Y,NA,46,1429418,22907
bagag1007m,mfbg,gend,line,fm,fbd,ss,etupol,etupol,awupav,fbd,Y,gend,22,201604,32257
bagag1007m,mfbg,gene,line,d,zd,sd,qïru,qïru,kïmy,zd,Y,gene,26,330147,119911
bagag1007m,mfbg,gend,gcr,fz,mz,fb,aweh,aweh,øqoç,mz,Y,gend,30,347313,8530
bagag1007m,mfbg,gene,gend,ds,dd,mf,kvurdå,kvurdå,rymsvå,dd,Y,gene,34,385358,29399
bagag1007m,mfbg,line,gcr,mbd,fz,mm,goviku,goviku,kawuka,fz,Y,line,38,462220,68184
bagag1007m,mfbg,gene,gcr,fz,mz,fbd,cöhido,šïenö,cöhido,fbd,N,gcr,42,493427,22529
bagag1007m,mfbg,attn,NA,zs,bs,mbs,nephew,nephew,cousin,bs,Y,NA,46,536505,34389
sxpqsb7gxc,mfbg,gend,gcr,ss,ds,sd,aweh,aweh,øqoç,ds,Y,gend,22,397688,100238
sxpqsb7gxc,mfbg,gene,gcr,fbs,mzs,bs,rymsvå,rymsvå,kvurdå,mzs,Y,gene,26,445857,39564
sxpqsb7gxc,mfbg,gene,gend,fzd,fbs,fz,etupol,etupol,awupav,fbs,Y,gene,30,472657,18200
sxpqsb7gxc,mfbg,gend,line,zs,mf,zd,kïmy,qïru,kïmy,zd,N,line,34,543369,62108
sxpqsb7gxc,mfbg,line,gcr,mbs,fb,mf,kawuka,goviku,kawuka,mf,N,gcr,38,590196,38220
sxpqsb7gxc,mfbg,gene,line,z,mbd,fm,šïenö,cöhido,šïenö,fm,N,line,42,640436,41611
sxpqsb7gxc,mfbg,attn,NA,zs,bs,mbs,nephew,nephew,cousin,bs,Y,NA,46,668512,19476
31ej98q39c,mfgb,gend,line,mb,mf,zd,qïru,qïru,kïmy,mf,Y,gend,22,394286,98247
31ej98q39c,mfgb,gend,gcr,zd,bd,zs,rymsvå,rymsvå,kvurdå,bd,Y,gend,26,484797,81931
31ej98q39c,mfgb,gene,line,b,fbs,mf,šïenö,šïenö,cöhido,fbs,Y,gene,30,572107,78731
31ej98q39c,mfgb,gene,gcr,mz,fz,mbd,øqoç,øqoç,aweh,fz,Y,gene,34,675353,94690
31ej98q39c,mfgb,gene,gend,mzs,mzd,mb,goviku,kawuka,goviku,mb,N,gend,38,798412,114502
31ej98q39c,mfgb,line,gcr,ss,mf,bs,etupol,etupol,awupav,mf,Y,line,42,846373,39402
31ej98q39c,mfgb,attn,NA,zs,bs,mbs,nephew,nephew,cousin,bs,Y,NA,46,897614,42681
mn867qfph4,mfgb,gene,line,s,zs,ss,kawuka,kawuka,goviku,zs,Y,gene,22,257807,36584
mn867qfph4,mfgb,line,gcr,fzd,zd,sd,aweh,aweh,øqoç,zd,Y,line,26,283191,16849
mn867qfph4,mfgb,gend,line,fm,fbd,ss,qïru,qïru,kïmy,fbd,Y,gend,30,302471,10752
mn867qfph4,mfgb,gene,gend,zd,zs,mz,rymsvå,rymsvå,kvurdå,zs,Y,gene,34,322832,11832
mn867qfph4,mfgb,gene,gcr,fb,mb,bs,cöhido,cöhido,šïenö,mb,Y,gene,38,352712,21350
mn867qfph4,mfgb,gend,gcr,fzs,mzs,fzd,awupav,awupav,etupol,mzs,Y,gend,42,367855,6615
mn867qfph4,mfgb,attn,NA,zs,bs,mbs,nephew,nephew,cousin,bs,Y,NA,46,386679,10300
37uqdkuo17,fmgb,gene,line,s,bs,mf,aweh,aweh,øqoç,bs,Y,gene,22,146752,19058
37uqdkuo17,fmgb,line,gcr,fzs,zs,ss,kïmy,qïru,kïmy,ss,N,gcr,26,173780,18440
37uqdkuo17,fmgb,gend,line,mb,mf,mbd,rymsvå,kvurdå,rymsvå,mbd,N,line,30,223661,41297
37uqdkuo17,fmgb,gene,gend,ff,fm,f,cöhido,cöhido,šïenö,fm,Y,gene,34,353253,120969
37uqdkuo17,fmgb,gene,gcr,ss,ds,ff,goviku,kawuka,goviku,ff,N,gcr,38,372294,10473
37uqdkuo17,fmgb,gend,gcr,bd,zd,bs,etupol,awupav,etupol,bs,N,gcr,42,389905,9045
37uqdkuo17,fmgb,attn,NA,zs,bs,mbs,nephew,cousin,nephew,mbs,N,NA,46,407600,9126
vz5avfays4,fmbg,line,gcr,mzs,fb,mf,kawuka,kawuka,goviku,fb,Y,line,22,274396,33823
vz5avfays4,fmbg,gend,gcr,bd,zd,bs,kïmy,kïmy,qïru,zd,Y,gend,26,295694,12741
vz5avfays4,fmbg,gene,line,z,fzd,mm,rymsvå,kvurdå,rymsvå,mm,N,line,30,313835,9596
vz5avfays4,fmbg,gene,gend,mm,mf,m,awupav,etupol,awupav,m,N,gend,34,333704,11324
vz5avfays4,fmbg,gene,gcr,mb,fb,mzs,aweh,øqoç,aweh,mzs,N,gcr,38,348992,6737
vz5avfays4,fmbg,gend,line,bd,fm,fzs,šïenö,šïenö,cöhido,fm,Y,gend,42,367176,9610
vz5avfays4,fmbg,attn,NA,zs,bs,mbs,nephew,nephew,cousin,bs,Y,NA,46,409544,33806
1n65azq6p3,fmgb,gene,gcr,mbd,fzd,zd,kvurdå,rymsvå,kvurdå,zd,N,gcr,22,1005248,38926
1n65azq6p3,fmgb,gene,line,z,mbd,sd,awupav,awupav,etupol,mbd,Y,gene,26,1028574,14778
1n65azq6p3,fmgb,gene,gend,mz,mb,mzd,cöhido,cöhido,šïenö,mb,Y,gene,30,1053959,16797
1n65azq6p3,fmgb,gend,line,ff,fzs,sd,kïmy,qïru,kïmy,sd,N,line,34,1080819,18295
1n65azq6p3,fmgb,gend,gcr,sd,dd,ss,goviku,kawuka,goviku,ss,N,gcr,38,1096377,6987
1n65azq6p3,fmgb,line,gcr,fm,dd,bd,øqoç,aweh,øqoç,bd,N,gcr,42,1117732,12780
1n65azq6p3,fmgb,attn,NA,zs,bs,mbs,nephew,nephew,cousin,bs,Y,NA,46,1206584,80268
hzm6co22ol,mfgb,gend,gcr,fbd,mzd,fbs,šïenö,šïenö,cöhido,mzd,Y,gend,22,233142,78296
hzm6co22ol,mfgb,gene,line,b,mzs,ss,aweh,øqoç,aweh,ss,N,line,26,292998,51277
hzm6co22ol,mfgb,gene,gend,zs,zd,mbs,kawuka,goviku,kawuka,mbs,N,gend,30,311285,9708
hzm6co22ol,mfgb,gene,gcr,zs,bs,mb,qïru,kïmy,qïru,mb,N,gcr,34,330101,10243
hzm6co22ol,mfgb,gend,line,mf,mbs,dd,etupol,awupav,etupol,dd,N,line,38,346093,7402
hzm6co22ol,mfgb,line,gcr,fzd,mz,sd,rymsvå,rymsvå,kvurdå,mz,Y,line,42,362621,7943
hzm6co22ol,mfgb,attn,NA,zs,bs,mbs,nephew,nephew,cousin,bs,Y,NA,46,380900,9701
a4ko2z7z3a,mfbg,gene,gcr,ss,ds,ff,etupol,etupol,awupav,ds,Y,gene,22,132912,22429
a4ko2z7z3a,mfbg,gend,gcr,fbd,mzd,fbs,rymsvå,kvurdå,rymsvå,fbs,N,gcr,26,151527,10038
a4ko2z7z3a,mfbg,gene,gend,mbs,mbd,mb,kïmy,kïmy,qïru,mbd,Y,gene,30,170696,10608
a4ko2z7z3a,mfbg,gene,line,b,fbs,mf,kawuka,goviku,kawuka,mf,N,line,34,193663,14420
a4ko2z7z3a,mfbg,line,gcr,ff,ds,fb,cöhido,šïenö,cöhido,fb,N,gcr,38,222856,20588
a4ko2z7z3a,mfbg,gend,line,ff,fzs,sd,aweh,aweh,øqoç,fzs,Y,gend,42,240073,8648
a4ko2z7z3a,mfbg,attn,NA,zs,bs,mbs,nephew,nephew,cousin,bs,Y,NA,46,262640,13983
k6orsaolqc,mfgb,line,gcr,mbs,bs,ds,øqoç,aweh,øqoç,ds,N,gcr,22,207780,51553
k6orsaolqc,mfgb,gene,line,b,fbs,mf,šïenö,cöhido,šïenö,mf,N,line,26,896410,680082
k6orsaolqc,mfgb,gene,gcr,fb,mb,fbs,awupav,awupav,etupol,mb,Y,gene,30,972290,67335
k6orsaolqc,mfgb,gend,line,fb,ff,bd,goviku,goviku,kawuka,ff,Y,gend,34,994130,13306
k6orsaolqc,mfgb,gene,gend,bs,bd,fbs,rymsvå,kvurdå,rymsvå,fbs,N,gend,38,1020098,17418
k6orsaolqc,mfgb,gend,gcr,fb,mb,fz,kïmy,qïru,kïmy,fz,N,gcr,42,1037338,8706
k6orsaolqc,mfgb,attn,NA,zs,bs,mbs,nephew,cousin,nephew,mbs,N,NA,46,1113289,67406
20yvmjh1lw,mfgb,line,gcr,fb,zs,ff,rymsvå,kvurdå,rymsvå,ff,N,gcr,22,172049,16337
20yvmjh1lw,mfgb,gene,gcr,fz,mz,bd,šïenö,šïenö,cöhido,mz,Y,gene,26,198483,17722
20yvmjh1lw,mfgb,gene,gend,zd,zs,mz,kïmy,qïru,kïmy,mz,N,gend,30,233393,26292
20yvmjh1lw,mfgb,gene,line,s,zs,ss,øqoç,aweh,øqoç,ss,N,line,34,251689,9667
20yvmjh1lw,mfgb,gend,line,mm,mbd,ds,kawuka,kawuka,goviku,mbd,Y,gend,38,268428,8063
20yvmjh1lw,mfgb,gend,gcr,bd,zd,bs,awupav,etupol,awupav,bs,N,gcr,42,286314,9159
20yvmjh1lw,mfgb,attn,NA,zs,bs,mbs,nephew,nephew,cousin,bs,Y,NA,46,318550,23561
w4z8hf6qry,mfgb,gene,gend,zs,zd,mzs,rymsvå,kvurdå,rymsvå,mzs,N,gend,22,594755,58779
w4z8hf6qry,mfgb,gend,gcr,mb,ff,mm,goviku,goviku,kawuka,ff,Y,gend,26,628091,24740
w4z8hf6qry,mfgb,gene,line,b,fbs,ds,awupav,awupav,etupol,fbs,Y,gene,30,699922,63272
w4z8hf6qry,mfgb,gene,gcr,fm,mm,sd,aweh,aweh,øqoç,mm,Y,gene,34,716970,8444
w4z8hf6qry,mfgb,gend,line,mm,mz,ds,kïmy,kïmy,qïru,mz,Y,gend,38,738050,12466
w4z8hf6qry,mfgb,line,gcr,ds,ff,zs,šïenö,cöhido,šïenö,zs,N,gcr,42,754698,8009
w4z8hf6qry,mfgb,attn,NA,zs,bs,mbs,nephew,nephew,cousin,bs,Y,NA,46,781730,18426
mnx09366kn,mfbg,gend,gcr,fb,mf,fm,qïru,qïru,kïmy,mf,Y,gend,22,143036,25486
mnx09366kn,mfbg,gene,gcr,ff,mf,ss,etupol,awupav,etupol,ss,N,gcr,26,163064,11343
mnx09366kn,mfbg,gene,gend,fzd,fbs,fz,šïenö,cöhido,šïenö,fz,N,gend,30,179000,7263
mnx09366kn,mfbg,gend,line,mbd,mm,mb,goviku,goviku,kawuka,mm,Y,gend,34,196001,8373
mnx09366kn,mfbg,gene,line,d,zd,fm,øqoç,øqoç,aweh,zd,Y,gene,38,212832,8162
mnx09366kn,mfbg,line,gcr,mzd,bd,dd,rymsvå,kvurdå,rymsvå,dd,N,gcr,42,249256,27724
mnx09366kn,mfbg,attn,NA,zs,bs,mbs,nephew,nephew,cousin,bs,Y,NA,46,280464,22538
wsquqlnyfg,mfbg,gend,line,fb,ff,bd,awupav,awupav,etupol,ff,Y,gend,22,306337,37392
wsquqlnyfg,mfbg,gene,line,d,bd,mm,rymsvå,rymsvå,kvurdå,bd,Y,gene,26,329765,14870
wsquqlnyfg,mfbg,gene,gcr,fzd,mbd,bd,kïmy,qïru,kïmy,bd,N,gcr,30,366793,28450
wsquqlnyfg,mfbg,line,gcr,ff,ds,fzs,goviku,goviku,kawuka,ds,Y,line,34,406204,30853
wsquqlnyfg,mfbg,gene,gend,fbs,fbd,fb,aweh,øqoç,aweh,fb,N,gend,38,427203,12426
wsquqlnyfg,mfbg,gend,gcr,fbd,mzd,fbs,cöhido,šïenö,cöhido,fbs,N,gcr,42,454797,19033
wsquqlnyfg,mfbg,attn,NA,zs,bs,mbs,nephew,nephew,cousin,bs,Y,NA,46,474185,10811
z64n8tg6w7,fmgb,gene,gend,mzs,mbd,mb,goviku,kawuka,goviku,mb,N,gend,22,307812,78746
z64n8tg6w7,fmgb,gend,line,mb,mf,mbd,etupol,etupol,awupav,mf,Y,gend,26,343873,27483
z64n8tg6w7,fmgb,gend,gcr,mz,fm,mf,qïru,kïmy,qïru,mf,N,gcr,30,377445,25004
z64n8tg6w7,fmgb,gene,line,s,bs,mf,cöhido,cöhido,šïenö,bs,Y,gene,34,409616,23530
z64n8tg6w7,fmgb,gene,gcr,bs,zs,fbs,kvurdå,kvurdå,rymsvå,zs,Y,gene,38,444805,26623
z64n8tg6w7,fmgb,line,gcr,fz,mbd,dd,øqoç,aweh,øqoç,dd,N,gcr,42,474604,21228
z64n8tg6w7,fmgb,attn,NA,zs,bs,mbs,nephew,nephew,cousin,bs,Y,NA,46,543200,60019
9w7wga2r0t,fmbg,gend,line,mz,mm,mbs,qïru,kïmy,qïru,mbs,N,line,22,456018,9896
9w7wga2r0t,fmbg,gene,gcr,sd,dd,fm,aweh,øqoç,aweh,fm,N,gcr,26,469626,5073
9w7wga2r0t,fmbg,gend,gcr,fz,mm,ff,cöhido,šïenö,cöhido,ff,N,gcr,30,484651,6486
9w7wga2r0t,fmbg,line,gcr,ss,mf,bs,rymsvå,rymsvå,kvurdå,mf,Y,line,34,497290,4107
9w7wga2r0t,fmbg,gene,gend,mz,mb,mzd,awupav,etupol,awupav,mzd,N,gend,38,510746,4925
9w7wga2r0t,fmbg,gene,line,d,zd,sd,kawuka,goviku,kawuka,sd,N,line,42,523770,4501
9w7wga2r0t,fmbg,attn,NA,zs,bs,mbs,nephew,nephew,cousin,bs,Y,NA,46,536186,3881
505ly36vtu,mfgb,line,gcr,mz,bd,mm,šïenö,cöhido,šïenö,mm,N,gcr,22,660525,297882
505ly36vtu,mfgb,gene,gend,bs,bd,fzs,awupav,awupav,etupol,bd,Y,gene,26,704333,35239
505ly36vtu,mfgb,gene,line,d,bd,mm,qïru,qïru,kïmy,bd,Y,gene,30,812373,99393
505ly36vtu,mfgb,gene,gcr,ff,mf,ss,goviku,goviku,kawuka,mf,Y,gene,34,837013,16087
505ly36vtu,mfgb,gend,gcr,mb,ff,mm,aweh,aweh,øqoç,ff,Y,gend,38,860348,14765
505ly36vtu,mfgb,gend,line,ff,fbs,sd,kvurdå,kvurdå,rymsvå,fbs,Y,gend,42,893989,25062
505ly36vtu,mfgb,attn,NA,zs,bs,mbs,nephew,nephew,cousin,bs,Y,NA,46,923156,20570
oyawx5eudx,fmgb,gene,line,z,mzd,fm,awupav,etupol,awupav,fm,N,line,22,903239,270072
oyawx5eudx,fmgb,gend,line,fz,fm,fzs,øqoç,øqoç,aweh,fm,Y,gend,26,1025160,113326
oyawx5eudx,fmgb,gene,gcr,mz,fz,mbd,kawuka,goviku,kawuka,mbd,N,gcr,30,1141888,108137
oyawx5eudx,fmgb,gene,gend,fzs,fbd,fb,kïmy,qïru,kïmy,fb,N,gend,34,1173088,22629
oyawx5eudx,fmgb,gend,gcr,bd,zd,bs,cöhido,cöhido,šïenö,zd,Y,gend,42,1278992,42339
oyawx5eudx,fmgb,attn,NA,zs,bs,mbs,nephew,cousin,nephew,mbs,N,NA,46,1346576,58981
0uj4oe55l8,mfgb,gene,line,b,fbs,mf,kïmy,qïru,kïmy,mf,N,line,22,220306,30868
0uj4oe55l8,mfgb,gend,gcr,fb,mb,fz,šïenö,cöhido,šïenö,fz,N,gcr,26,238986,10139
0uj4oe55l8,mfgb,gene,gcr,mbd,fbd,zd,øqoç,aweh,øqoç,zd,N,gcr,30,263522,16006
0uj4oe55l8,mfgb,gene,gend,ff,fm,f,goviku,kawuka,goviku,f,N,gend,34,280602,8533
0uj4oe55l8,mfgb,line,gcr,ss,mf,fb,awupav,awupav,etupol,mf,Y,line,38,304106,14984
0uj4oe55l8,mfgb,gend,line,fm,fbd,ss,rymsvå,rymsvå,kvurdå,fbd,Y,gend,42,331642,19012
0uj4oe55l8,mfgb,attn,NA,zs,bs,mbs,nephew,cousin,nephew,mbs,N,NA,46,352418,12247
