glottocode,language,estimated_number_of_speakers,family,prop,n_kintypes,log_pop
ache1246,Aché,1000,Tupian,0.2916666666666667,48,9.965784284662087
adan1251,Adang,12000,NA,0.20833333333333337,48,13.550746785383243
afri1274,Afrikaans,7300000,Indo-European,0.2916666666666667,48,22.799465033316828
aghu1253,Aghul,29000,Nakh-Daghestanian,0.2708333333333333,48,14.82376527978966
agua1253,Aguaruna,38000,NA,0.3333333333333333,48,15.213711798105672
ahin1234,Ahin-Kayapa Kalanguya,100000,Austronesian,0.25,48,16.609640474436812
akla1241,Aklanon,460000,Austronesian,0.2916666666666667,48,18.811274335606463
alan1249,Alangan,2200,Austronesian,0.22916666666666663,48,11.103287808412022
alba1267,Albanian,7500000,Indo-European,0.375,48,22.838459164932694
aman1265,Amanab,4400,Border,0.375,48,12.103287808412022
anei1239,Aneityum,900,Austronesian,0.2708333333333333,48,9.813781191217037
anut1237,Anuta,270,Austronesian,0.2708333333333333,48,8.076815597050832
arak1252,Araki,8,Austronesian,0.3125,48,3
araw1273,Araweté,280,Tupian,0.40425531914893614,47,8.129283016944967
arch1244,Archi,970,Nakh-Daghestanian,0.3541666666666667,48,9.92184093707449
area1240,'Are'are,18000,Austronesian,0.2857142857142857,42,14.1357092861044
asut1235,Asu (Tanzania),700000,Atlantic-Congo,0.4583333333333333,48,19.416995396494414
avar1256,Avar,1310000,Nakh-Daghestanian,0.3958333333333333,48,20.3211353810869
awet1244,Awetí,170,Tupian,0.2916666666666667,48,7.409390936137702
ayiw1239,Äiwoo,8400,Austronesian,0.3125,48,13.036173612553485
ayor1240,Ayoreo,4300,NA,0.3958333333333333,48,12.070120944476823
baca1243,Bacanese Malay,4500,Austronesian,0.32608695652173914,46,12.1357092861044
bali1278,Balinese,4800000,Austronesian,0.2708333333333333,48,22.194602975157967
balu1257,Paluai,2000,Austronesian,0.2708333333333333,48,10.965784284662087
banj1239,Banjar,4000000,Austronesian,0.25,48,21.931568569324174
bann1247,Bannoni,4500,Austronesian,0.16666666666666666,48,12.1357092861044
basq1248,Basque,1000000,NA,0.3333333333333333,48,19.931568569324174
bata1285,Batanga,15000,Atlantic-Congo,0.8541666666666666,48,13.872674880270605
bata1289,Batak Toba,2500000,Austronesian,0.375,48,21.253496664211536
bats1242,Bats,500,Nakh-Daghestanian,0.3541666666666667,48,8.965784284662087
bela1254,Belarusian,9500000,Indo-European,0.3333333333333333,48,23.17949608276776
bena1262,Bena (Tanzania),1000000,Atlantic-Congo,0.4090909090909091,44,19.931568569324174
beng1280,Bengali,266000000,Indo-European,0.6875,48,27.986851004825365
bera1259,Bera,120000,Atlantic-Congo,0.3863636363636363,44,16.872674880270605
bilb1241,Bilibil,1300,Austronesian,0.20833333333333337,48,10.344295907915816
binu1244,Talaandig-Binukid,100000,Austronesian,0.3125,48,16.609640474436812
boan1243,Boano (Sulawesi),2700,Austronesian,0.25,44,11.398743691938193
bont1247,Bontok,41000,Austronesian,0.16666666666666666,48,15.32333628928017
bret1244,Breton,560000,Indo-European,0.3333333333333333,48,19.095067301607052
buhi1245,Buhid,8000,Austronesian,0.25,48,12.965784284662087
buku1249,Bukusu,1400000,Atlantic-Congo,0.3125,48,20.416995396494414
bulg1262,Bulgarian,7000000,Indo-European,0.4166666666666667,48,22.73892349138178
cahu1264,Cahuilla,6,Uto-Aztecan,0.5319148936170213,47,2.584962500721156
casi1235,Casiguran-Nagtipunan Agta,610,Austronesian,0.20833333333333337,48,9.252665432450248
cebu1242,Cebuano,26000000,Austronesian,0.2708333333333333,48,24.632008287465265
cent1972,Central Kurdish,11100000,Indo-European,0.375,48,23.40405634078692
cent2084,Central Cagayan Agta,780,Austronesian,0.25,48,9.60733031374961
cent2092,Central Sama,410000,Austronesian,0.20833333333333337,48,18.645264384167533
cent2101,Central Melanau,110000,Austronesian,0.2916666666666667,48,16.747143998186747
cham1312,Chamorro,37000,Austronesian,0.3333333333333333,48,15.175237650291036
chav1241,Chavacano,700000,Indo-European,0.375,48,19.416995396494414
chip1261,Chipewyan,13000,NA,0.3541666666666667,48,13.66622400280318
chok1245,Chokwe,980000,Atlantic-Congo,0.30952380952380953,42,19.902422223664658
cint1239,Cinta Larga,650,Tupian,0.2826086956521739,46,9.344295907915816
coma1245,Comanche,100,Uto-Aztecan,0.3636363636363637,44,6.643856189774724
cube1242,Cubeo,6300,NA,0.36585365853658536,41,12.621136113274641
czec1258,Czech,10000000,Indo-European,0.3333333333333333,48,23.253496664211536
dadi1250,Dadibi,10000,Teberan,0.22916666666666663,48,13.287712379549449
daka1243,Dakaka,1000,Austronesian,0.2727272727272727,44,9.965784284662087
dani1285,Danish,5510600,Indo-European,0.3958333333333333,48,22.393777978846227
dari1249,Dari,9600000,Indo-European,0.5208333333333334,48,23.194602975157967
dier1241,Dieri,34,Pama-Nyungan,0.4130434782608696,46,5.087462841250339
digo1243,Digo,400000,Atlantic-Congo,0.380952380952381,42,18.609640474436812
ding1239,Ding,160000,Atlantic-Congo,0.3333333333333333,48,17.28771237954945
dond1249,Dondo,13000,Austronesian,0.2916666666666667,48,13.66622400280318
dout1240,Doutai,70,Lakes Plain,0.16666666666666666,48,6.129283016944966
duna1248,Duna,25000,NA,0.22916666666666663,48,14.609640474436812
dutc1256,Dutch,24085200,Indo-European,0.2916666666666667,48,24.52164356811609
dyir1250,Dyirbal,21,Pama-Nyungan,0.6041666666666666,48,4.392317422778761
east2295,Eastern Yiddish,1500000,Indo-European,0.375,48,20.516531070045332
east2447,East Futuna,4800,Austronesian,0.22916666666666663,48,12.228818690495881
east2516,East Kewa,100000,Nuclear Trans New Guinea,0.2708333333333333,48,16.609640474436812
east2555,Eastern Bolivian Guaraní,81000,Tupian,0.3636363636363637,44,16.305634287546713
edop1238,Edopi,2100,Lakes Plain,0.16666666666666666,48,11.036173612553485
eipo1242,Eipomek,3000,Nuclear Trans New Guinea,0.2727272727272727,44,11.550746785383243
enap1235,Panare,3500,Cariban,0.3541666666666667,48,11.77313920671969
erzy1239,Erzya,440000,Uralic,0.6041666666666666,48,18.747143998186747
fang1246,Fang (Equatorial Guinea),430000,Atlantic-Congo,0.3333333333333333,42,18.713977134251547
fiji1243,Fijian,370000,Austronesian,0.3125,48,18.4971657451784
gada1258,Ga'dang,6000,Austronesian,0.1875,48,12.550746785383243
gale1259,Galela,79000,North Halmahera,0.375,48,16.26956503283919
gali1262,Galibi Carib,7400,Cariban,0.3902439024390244,41,12.853309555403674
gane1237,Gane,2900,Austronesian,0.43478260869565216,46,11.501837184902296
giry1241,Giryama,1900000,Atlantic-Congo,0.4565217391304347,46,20.857567987880397
gogo1263,Gogo,1400000,Atlantic-Congo,0.3695652173913043,46,20.416995396494414
gras1249,Grass Koiari,1700,Koiarian,0.2553191489361702,47,10.731319031025064
guaj1256,Guajá,280,Tupian,0.2916666666666667,48,8.129283016944967
gugu1255,Guugu Yimidhirr,810,Pama-Nyungan,0.5416666666666666,48,9.661778097771988
guja1252,Gujarati,60000000,Indo-European,0.625,48,25.838459164932694
haaa1252,Ha,990000,Atlantic-Congo,0.42857142857142855,42,19.91706899962906
hano1246,Hano,6500,Austronesian,0.25,48,12.66622400280318
hanu1241,Hanunoo,17000,Austronesian,0.22916666666666663,48,14.053247125912426
haus1257,Hausa,28250000,Afro-Asiatic,0.3541666666666667,48,24.751747531739362
hawa1245,Hawaiian,30000,Austronesian,0.3333333333333333,48,14.872674880270605
haya1250,Haya,1300000,Atlantic-Congo,0.3333333333333333,48,20.310080192577903
hehe1240,Hehe,810000,Atlantic-Congo,0.47619047619047616,42,19.627562382434075
here1253,Herero,240000,Atlantic-Congo,0.3720930232558139,43,17.872674880270605
hili1240,Hiligaynon,9200000,Austronesian,0.22916666666666663,48,23.133202430493824
hind1269,Hindi,544000000,Indo-European,0.6875,48,29.019031410574513
hinu1240,Hinuq,350,Nakh-Daghestanian,0.3958333333333333,48,8.451211111832329
homs1234,Western Armenian,1400000,Indo-European,0.3958333333333333,48,20.416995396494414
huli1244,Huli,150000,Nuclear Trans New Guinea,0.2708333333333333,48,17.194602975157967
hung1274,Hungarian,11800000,Uralic,0.3541666666666667,48,23.492283523798655
ibal1244,Ibaloi,110000,Austronesian,0.1875,48,16.747143998186747
iban1264,Iban,820000,Austronesian,0.25,48,19.645264384167533
iban1267,Ibanag,500000,Austronesian,0.22916666666666663,48,18.931568569324174
icel1247,Icelandic,350000,Indo-European,0.4583333333333333,48,18.416995396494414
idaa1241,Ida'an,10000,Austronesian,0.20833333333333337,48,13.287712379549449
ilok1237,Iloko,10000000,Austronesian,0.3125,48,23.253496664211536
indo1316,Indonesian,171000000,Austronesian,0.25,48,27.34942108421007
indo1317,Indonesian Bajau,150000,Austronesian,0.3541666666666667,48,17.194602975157967
ingr1248,Ingrian,140,Uralic,0.3636363636363637,44,7.129283016944966
ingu1240,Ingush,230000,Nakh-Daghestanian,0.3958333333333333,48,17.811274335606463
iray1237,Iraya,10000,Austronesian,0.25,48,13.287712379549449
iris1253,Irish,1100000,Indo-European,0.4375,48,20.06907209307411
isir1237,Isirawa,1800,Greater Kwerba,0.4375,48,10.813781191217037
isna1241,Isnag,35000,Austronesian,0.22916666666666663,48,15.095067301607054
ital1282,Italian,65250820,Indo-European,0.2708333333333333,48,25.959492696200574
ivat1242,Itbayat,33000,Austronesian,0.22916666666666663,48,15.010178404020541
jama1262,Jamaican Creole English,2700000,Indo-European,0.3958333333333333,48,21.36452797660028
java1254,Javanese,91000000,Austronesian,0.3541666666666667,48,26.43936320952287
jica1244,Jicarilla Apache,510,NA,0.3333333333333333,48,8.994353436858859
jude1256,Judeo-Tat,96000,Indo-European,0.3541666666666667,48,16.550746785383243
juru1256,Jurúna,280,Tupian,0.380952380952381,42,8.129283016944967
kagu1239,Kagulu,240000,Atlantic-Congo,0.3333333333333333,42,17.872674880270605
kala1377,Kala Lagaw Ya,960,Pama-Nyungan,0.20833333333333337,48,9.906890595608518
kama1373,Kamayurá,600,Tupian,0.3541666666666667,48,9.228818690495881
kamb1297,Kamba (Kenya),4100000,Atlantic-Congo,0.3125,48,21.967192479054894
kamb1299,Kambera,240000,Austronesian,0.3125,48,17.872674880270605
kank1243,Kankanaey,240000,Austronesian,0.2272727272727273,44,17.872674880270605
kapi1249,Kapingamarangi,3000,Austronesian,0.10416666666666669,48,11.550746785383243
kara1476,Karadjeri,41,Pama-Nyungan,0.3333333333333333,42,5.357552004618084
kara1499,Kalamang,100,NA,0.4791666666666667,48,6.643856189774724
kari1304,Kariyarra,11,Pama-Nyungan,0.4375,48,3.4594316186372973
kash1277,Kashmiri,5400000,Indo-European,0.5833333333333334,48,22.36452797660028
kash1280,Kashaya,12,NA,0.4375,48,3.584962500721156
kemt1242,Kemtuik,2500,Nimboranic,0.3958333333333333,48,11.287712379549449
khan1273,Kazym-Berezover-Suryskarer Khanty,9600,Uralic,0.375,48,13.228818690495881
kiku1240,Kikuyu,9100000,Atlantic-Congo,0.3617021276595745,47,23.11743511463551
kima1246,Kimaama,3000,Kolopom,0.1875,48,11.550746785383243
komb1273,Komba,15000,Nuclear Trans New Guinea,0.3125,48,13.872674880270605
komi1268,Komi-Zyrian,160000,Uralic,0.375,48,17.28771237954945
komo1260,Komo (Democratic Republic of Congo),400000,Atlantic-Congo,0.3541666666666667,48,18.609640474436812
kuan1248,Kuanua,61000,Austronesian,0.22916666666666663,48,15.896521622224974
kuku1273,Kuku-Yalanji,320,Pama-Nyungan,0.3958333333333333,48,8.321928094887362
kumb1268,Kumbainggar,310,Pama-Nyungan,0.47619047619047616,42,8.276124405274238
kumy1244,Kumyk,280000,Turkic,0.3541666666666667,48,18.095067301607052
kwam1252,Kwamera,3500,Austronesian,0.2916666666666667,48,11.77313920671969
kwas1243,Kwasio,8900,Atlantic-Congo,0.3125,48,13.119589620741122
kwom1262,Kwoma,3000,NA,0.25,48,11.550746785383243
kyak1244,Kyaka,15000,Nuclear Trans New Guinea,0.25,48,13.872674880270605
lamb1271,Lamba,200000,Atlantic-Congo,0.32608695652173914,46,17.609640474436812
lamm1241,Western Pantar,10000,NA,0.4090909090909091,44,13.287712379549449
lang1320,Langi,510000,Atlantic-Congo,0.34782608695652173,46,18.960137721520944
lard1243,Lardil,65,NA,0.1875,48,6.022367813028454
latv1249,Latvian,1100000,Indo-European,0.4583333333333333,48,20.06907209307411
lauj1238,Lauje,44000,Austronesian,0.25,48,15.425215903299383
ling1263,Kinshasa Lingala,3420000,Atlantic-Congo,0.32608695652173914,46,21.705564894435348
ling1265,Neverver,560,Austronesian,0.4090909090909091,44,9.129283016944967
lith1251,Lithuanian,2300000,Indo-European,0.3958333333333333,48,21.133202430493824
loto1240,Lo-Toga,580,Austronesian,0.2272727272727273,44,9.179909090014934
luba1249,Luba-Lulua,9800000,Atlantic-Congo,0.29545454545454547,44,23.22435031855202
lugu1238,Luguru,690000,Atlantic-Congo,0.34782608695652173,46,19.396236836327617
lund1266,Lunda,400000,Atlantic-Congo,0.3636363636363637,44,18.609640474436812
luva1239,Luvale,640000,Atlantic-Congo,0.2727272727272727,44,19.28771237954945
luxe1241,Moselle Franconian,420000,Indo-European,0.3125,48,18.68002980232821
maan1238,Ma'anyan,150000,Austronesian,0.25,48,17.194602975157967
maba1278,Maba (Indonesia),6600,Austronesian,0.2916666666666667,48,12.688250309133178
mace1250,Macedonian,1400000,Indo-European,0.4375,48,20.416995396494414
macu1259,Macushi,18000,Cariban,0.3617021276595745,47,14.1357092861044
mafe1237,Mafea,34,Austronesian,0.25,44,5.087462841250339
magu1243,Maguindanao,1300000,Austronesian,0.2127659574468085,47,20.310080192577903
maib1239,Maybrat-Karon,25000,Maybrat-Karon,0.2272727272727273,44,14.609640474436812
mait1250,Maithili,19300000,Indo-European,0.6666666666666666,48,24.202097511704892
mako1251,Makonde,1500000,Atlantic-Congo,0.25,48,20.516531070045332
mala1533,Malacca-Batavia Portuguese Creole,2200,Indo-European,0.3333333333333333,48,11.103287808412022
mang1401,Mangareva,600,Austronesian,0.2916666666666667,48,9.228818690495881
mans1258,Northern Mansi,940,Uralic,0.3333333333333333,48,9.876516946565
maor1246,Māori,140000,Austronesian,0.3125,48,17.095067301607052
mapu1245,Mapudungun,270000,NA,0.3125,48,18.042599881712917
maqu1238,Maquiritari,5900,Cariban,0.2826086956521739,46,12.526499239136566
mara1378,Marathi,93000000,Indo-European,0.5833333333333334,48,26.470727380432205
mari1426,Sunwadia,500,Austronesian,0.16666666666666666,48,8.965784284662087
mart1256,Martu Wangka,7400,Pama-Nyungan,0.2916666666666667,48,12.853309555403674
marw1260,Marwari (India),22000000,Indo-European,0.6585365853658537,41,24.39100018796147
masa1299,Masaaba,1300000,Atlantic-Congo,0.4318181818181818,44,20.310080192577903
matu1261,Matukar,430,Austronesian,0.22916666666666663,48,8.74819284958946
mbal1257,Mbala,200000,Atlantic-Congo,0.2765957446808511,47,17.609640474436812
mbya1239,Mbyá Guaraní,15000,Tupian,0.22916666666666663,48,13.872674880270605
mele1250,Mele-Fila,3500,Austronesian,0.2708333333333333,48,11.77313920671969
meru1245,Meru,2100000,Atlantic-Congo,0.4545454545454546,44,21.001957897215572
mesc1238,Mescalero-Chiricahua Apache,1500,NA,0.2708333333333333,48,10.550746785383243
mini1251,Minigir,6000,Austronesian,0.16666666666666666,48,12.550746785383243
moco1246,Mocoví,3000,NA,0.2916666666666667,48,11.550746785383243
mode1248,Modern Greek,12200000,Indo-European,0.3333333333333333,48,23.540377811999697
mokp1239,Mokpwe,25000,Atlantic-Congo,0.3333333333333333,48,14.609640474436812
mong1338,Mongo,620000,Atlantic-Congo,0.3333333333333333,48,19.241908689936324
moro1287,Moronene,37000,Austronesian,0.16666666666666666,48,15.175237650291036
motl1237,Mwotlap,2100,Austronesian,0.20833333333333337,48,11.036173612553485
mpuo1241,Mbuun,160000,Atlantic-Congo,0.2619047619047619,42,17.28771237954945
muna1247,Muna,300000,Austronesian,0.22916666666666663,48,18.194602975157967
mund1330,Mundurukú,7500,Tupian,0.4130434782608696,46,12.872674880270605
murr1258,Murriny Patha,2000,NA,0.2916666666666667,48,10.965784284662087
myen1241,Myene,20000,Atlantic-Congo,0.425531914893617,47,14.287712379549449
naka1262,Nakanai,13000,Austronesian,0.2708333333333333,48,13.66622400280318
nali1244,Nalik,5100,Austronesian,0.34146341463414637,41,12.31628153174622
nama1266,Nama (Papua New Guinea),1200,NA,0.2916666666666667,48,10.228818690495881
nama1268,Namakura,3800,Austronesian,0.2916666666666667,48,11.89178370321831
nava1243,Navajo,170000,NA,0.42857142857142855,42,17.37517522079979
ngaa1240,Ngaanyatjarra,1100,Pama-Nyungan,0.3333333333333333,48,10.103287808412022
ngul1246,Ngulu,130000,Atlantic-Congo,0.3111111111111111,45,16.98815209769054
nina1238,Ninam,1030,NA,0.21739130434782608,46,10.00842862207058
niva1238,Nivaclé,14000,NA,0.32608695652173914,46,13.77313920671969
noga1249,Nogai,87000,Turkic,0.3333333333333333,48,16.408727780510816
nort2671,North Saami,16000,Uralic,0.5416666666666666,48,13.965784284662087
nort2697,North Azerbaijani,24000000,Turkic,0.3333333333333333,48,24.516531070045332
nort2942,North Slavey,2100,NA,0.40425531914893614,47,11.036173612553485
nort2951,Northwest Maidu,3,NA,0.4390243902439024,41,1.584962500721156
nort2972,Northern Emberá,72000,NA,0.3541666666666667,48,16.1357092861044
norw1259,Norwegian Bokmål,10501500,Indo-European,0.3125,48,23.324092076674514
nucl1235,Eastern Armenian,3000000,Indo-European,0.375,48,21.516531070045332
nucl1301,Turkish,76290000,Turkic,0.3541666666666667,48,26.184990626960712
nucl1417,Igbo,28000000,Atlantic-Congo,0.3863636363636363,44,24.73892349138178
nucl1454,Yawa,10000,Yawa-Saweru,0.25,48,13.287712379549449
nucl1460,Madurese,17000000,Austronesian,0.2708333333333333,48,24.019031410574513
nucl1594,Mairasi,3300,Mairasic,0.16666666666666666,48,11.688250309133178
nucl1633,Nimboran,2000,Nimboranic,0.2708333333333333,48,10.965784284662087
nucl1643,Japanese,119000000,NA,0.3333333333333333,48,26.82638633263212
numb1247,Numbami,200,Austronesian,0.3541666666666667,48,7.643856189774724
nyak1260,Nyakyusa-Ngonde,1400000,Atlantic-Congo,0.43478260869565216,46,20.416995396494414
nyor1246,Nyoro,670000,Atlantic-Congo,0.375,48,19.35380157000722
onob1238,Onobasulu,1000,Bosavi,0.16666666666666666,48,9.965784284662087
onto1237,Luangiua,2400,Austronesian,0.16666666666666666,48,11.228818690495881
oriy1255,Odia,35000000,Indo-European,0.6808510638297872,47,25.06085158626914
paic1239,Paicî,7300,Austronesian,0.375,48,12.833680748654741
paiw1248,Paiwan,66000,Austronesian,0.10416666666666669,48,16.01017840402054
pamp1243,Pampanga,2500000,Austronesian,0.2916666666666667,48,21.253496664211536
panj1256,Eastern Panjabi,200000000,Indo-European,0.6666666666666666,48,27.575424759098897
para1311,Paraguayan Guaraní,4800000,Tupian,0.44680851063829785,47,22.194602975157967
pata1260,Patani,11000,Austronesian,0.3125,48,13.425215903299383
pend1242,Pendau,3900,Austronesian,0.25,48,11.929258408636972
phen1239,Phende,420000,Atlantic-Congo,0.25,48,18.68002980232821
pila1245,Pilagá,4000,NA,0.2916666666666667,48,11.965784284662087
poli1260,Polish,37000000,Indo-European,0.5416666666666666,48,25.141021934953123
port1283,Portuguese,225751001,Indo-European,0.3181818181818182,44,27.750157143857233
puka1242,Pukapuka,2400,Austronesian,0.25,48,11.228818690495881
raro1241,Southern Cook Island Maori,21700,Austronesian,0.2727272727272727,44,14.405407422219204
rata1245,Ratagnon,310,Austronesian,0.25,48,8.276124405274238
reja1240,Rejang,1200000,Austronesian,0.25,44,20.194602975157967
renn1242,Rennell-Bellona,4400,Austronesian,0.26666666666666666,45,12.103287808412022
roma1327,Romanian,21100000,Indo-European,0.3125,48,24.330739663143998
roto1249,Rotokas,4300,NA,0.3541666666666667,48,12.070120944476823
rotu1241,Rotuman,2500,Austronesian,0.3333333333333333,48,11.287712379549449
rovi1238,Roviana,9600,Austronesian,0.25,48,13.228818690495881
rund1242,Rundi,7500000,Atlantic-Congo,0.4565217391304347,46,22.838459164932694
russ1263,Russian,170200000,Indo-European,0.375,48,27.342655796122774
saba1263,Brunei-Sabah Malay,3000000,Austronesian,0.25,48,21.516531070045332
samo1305,Samoan,200000,Austronesian,0.2619047619047619,42,17.609640474436812
sana1298,Sanapaná,980,NA,0.30434782608695654,46,9.936637939002571
sate1242,Ems-Weser Frisian,960,Indo-European,0.2916666666666667,48,9.906890595608518
savo1255,Savosavo,2400,Savosavo,0.16666666666666666,48,11.228818690495881
seke1241,Seke (Vanuatu),300,Austronesian,0.22916666666666663,48,8.228818690495881
serb1264,Serbian Standard,7890000,Indo-European,0.3958333333333333,48,22.911593869562907
seri1257,Seri,900,NA,0.3333333333333333,42,9.813781191217037
shii1238,Shi,650000,Atlantic-Congo,0.4047619047619048,42,19.310080192577903
ship1254,Shipibo-Conibo,26000,Pano-Tacanan,0.3958333333333333,48,14.66622400280318
sika1261,Sikaiana,730,Austronesian,0.16666666666666666,48,9.51175265376738
sind1272,Sindhi,38400000,Indo-European,0.6875,48,25.194602975157967
sion1247,Siona-Tetete,500,NA,0.3333333333333333,42,8.965784284662087
siri1273,Sirionó,500,Tupian,0.2391304347826087,46,8.965784284662087
slov1268,Slovenian,1800000,Indo-European,0.3333333333333333,48,20.779565475879124
slov1269,Slovak,4900000,Indo-European,0.3541666666666667,48,22.22435031855202
soga1242,Soga,2300000,Atlantic-Congo,0.375,48,21.133202430493824
song1299,Nsong,7100,Atlantic-Congo,0.2272727272727273,44,12.793603309279407
sout1528,Serbian-Croatian-Bosnian,19000000,Indo-European,0.4375,48,24.17949608276776
sout2859,Southeast Ambrym,3700,Austronesian,0.2926829268292683,41,11.853309555403674
sout2976,Southeastern Tepehuan,36000,Uto-Aztecan,0.30434782608695654,46,15.1357092861044
stan1288,Spanish,468360000,Indo-European,0.375,48,28.80304262770956
stan1289,Catalan,8539000,Indo-European,0.3333333333333333,48,23.02563569543289
stan1290,French,203194940,Indo-European,0.375,48,27.59828923538319
stan1293,English,1267445366,Indo-European,0.3125,48,30.23927641431181
stan1295,German,91739000,Indo-European,0.3333333333333333,48,26.451031845635075
sund1252,Sundanese,32000000,Austronesian,0.3541666666666667,48,24.931568569324174
suru1262,Suruí,1000,Tupian,0.29545454545454547,44,9.965784284662087
swed1254,Swedish,12226000,Indo-European,0.4166666666666667,48,23.543449136426933
tabl1243,Tabla,3800,Sentanic,0.2708333333333333,48,11.89178370321831
tady1237,Tadyawan,4200,Austronesian,0.25,48,12.036173612553485
taje1237,Taje,350,Austronesian,0.25,48,8.451211111832329
taji1246,Tajio,12000,Austronesian,0.25,48,13.550746785383243
taku1257,Takuu,1800,Austronesian,0.2391304347826087,46,10.813781191217037
tali1259,Talise,13000,Austronesian,0.16666666666666666,48,13.66622400280318
tami1289,Tamil,81530000,Dravidian,0.75,48,26.280827679228626
taus1251,Tausug,1200000,Austronesian,0.20833333333333337,48,20.194602975157967
tele1256,Telefol,5400,Nuclear Trans New Guinea,0.4166666666666667,48,12.398743691938193
telu1262,Telugu,95000000,Dravidian,0.4583333333333333,48,26.50142417765512
tenh1241,Tenharim-Parintintin-Diahoi,870,Tupian,0.3409090909090909,44,9.76487159073609
thao1240,Thao,5,Austronesian,0.21428571428571427,42,2.321928094887362
tiko1237,Tikopia,3300,Austronesian,0.22916666666666663,48,11.688250309133178
tivv1240,Tiv,3400000,Atlantic-Congo,0.20454545454545456,44,21.69710331568715
toab1237,To'abaita,13000,Austronesian,0.1276595744680851,47,13.66622400280318
toba1269,Toba,41000,NA,0.3333333333333333,48,15.32333628928017
toca1235,Tocantins Asurini,1500,Tupian,0.4130434782608696,46,10.550746785383243
toda1252,Toda,1600,Dravidian,0.5238095238095238,42,10.643856189774725
toke1240,Tokelau,1300,Austronesian,0.2916666666666667,48,10.344295907915816
tokp1240,Tok Pisin,5200000,Indo-European,0.17391304347826086,46,22.310080192577903
tola1247,Tolaki,350000,Austronesian,0.1875,48,18.416995396494414
tomb1243,Tombulu,60000,Austronesian,0.3541666666666667,48,15.872674880270605
tomi1243,Tomini,30000,Austronesian,0.25,48,14.872674880270605
tong1325,Tonga (Tonga Islands),100000,Austronesian,0.3125,48,16.609640474436812
toor1238,Tooro,820000,Atlantic-Congo,0.3636363636363637,44,19.645264384167533
torr1261,Torres Strait Creole,6000,Indo-European,0.25,48,12.550746785383243
tosk1239,Northern Tosk Albanian,1800000,Indo-European,0.3333333333333333,48,20.779565475879124
toto1304,Totoli,25000,Austronesian,0.2916666666666667,48,14.609640474436812
touo1238,Touo,1900,Touo,0.3125,48,10.89178370321831
tson1249,Tsonga,2500000,Atlantic-Congo,0.3333333333333333,48,21.253496664211536
tswa1253,Tswana,6000000,Atlantic-Congo,0.5,42,22.516531070045332
tuca1252,Tucano,11600,NA,0.6744186046511628,43,13.501837184902296
tuva1244,Tuvalu,9900,Austronesian,0.3333333333333333,48,13.273212809854334
tuyu1244,Tuyuca,1000,NA,0.3695652173913043,46,9.965784284662087
tzel1254,Tzeltal,370000,NA,0.3720930232558139,43,18.4971657451784
uabm1237,Uab Meto,720000,Austronesian,0.380952380952381,42,19.457637380991763
ukra1253,Ukrainian,29000000,Indo-European,0.4772727272727273,44,24.789549564451747
urdu1245,Urdu,288000000,Indo-European,0.6875,48,28.101493570766486
waim1255,Waimaha,500,NA,0.5625,48,8.965784284662087
wall1255,Walloon,680000,Indo-European,0.3181818181818182,44,19.37517522079979
wamb1258,Wambayan,43,NA,0.4772727272727273,44,5.426264754702098
waor1240,Waorani,1600,NA,0.37777777777777777,45,10.643856189774725
wapi1253,Wapishana,13000,Arawakan,0.3541666666666667,48,13.66622400280318
warl1254,Warlpiri,2500,Pama-Nyungan,0.3958333333333333,48,11.287712379549449
waur1244,Waurá,320,Arawakan,0.3541666666666667,48,8.321928094887362
wayu1243,Wayuu,130000,Arawakan,0.22916666666666663,48,16.98815209769054
wels1247,Welsh,850000,Indo-European,0.3333333333333333,48,19.69710331568715
west2369,Western Farsi,12000000,Indo-European,0.625,48,23.516531070045332
west2386,Western Panjabi,113000000,Indo-European,0.3958333333333333,48,26.751747531739362
west2555,Western Bukidnon Manobo,15000,Austronesian,0.1875,48,13.872674880270605
west2559,Western Tawbuid,14000,Austronesian,0.2708333333333333,48,13.77313920671969
west2615,Western Apache,14000,NA,0.3333333333333333,48,13.77313920671969
wira1262,Wiradhuri,30,Pama-Nyungan,0.4047619047619048,42,4.906890595608519
xibe1242,Xibe,30000,NA,0.5416666666666666,48,14.872674880270605
yabe1254,Yabem,2100,Austronesian,0.375,48,11.036173612553485
yaka1277,Yakan,110000,Austronesian,0.20833333333333337,48,16.747143998186747
yele1255,Yele,3800,Yele,0.2916666666666667,48,11.89178370321831
yomb1244,Yombe,670000,Atlantic-Congo,0.3181818181818182,44,19.35380157000722
zulu1248,Zulu,14000000,Atlantic-Congo,0.3333333333333333,48,23.73892349138178
