Name,Glottocode,Value,settlement_type,Settlement_Type
!Kung,juho1239,Nomadic,Nomadic/Impermanent,Nomadic/Impermanent
Dorobo,okie1245,Nomadic,Nomadic/Impermanent,Nomadic/Impermanent
Nama,nama1265,Nomadic,Nomadic/Impermanent,Nomadic/Impermanent
Bergdama,dama1270,NA,NA,NA
Mbuti,bila1255,Nomadic,Nomadic/Impermanent,Nomadic/Impermanent
Sandawe,sand1273,Dispersed homesteads,Small settlements,Small settlements
Naron,naro1249,Nomadic,Nomadic/Impermanent,Nomadic/Impermanent
/Xam,xamm1241,Nomadic,Nomadic/Impermanent,Nomadic/Impermanent
Hadza,hadz1240,Nomadic,Nomadic/Impermanent,Nomadic/Impermanent
Herero,here1253,Nomadic,Nomadic/Impermanent,Nomadic/Impermanent
Pondo Xhosa,mpon1252,Dispersed homesteads,Small settlements,Small settlements
Xhosa Ngqika,xesi1238,Dispersed homesteads,Small settlements,Small settlements
Zulu,zulu1248,Dispersed homesteads,Small settlements,Small settlements
Tswana,tswa1253,Complex permanent,Large settlements,Large settlements
Lovedu,lobe1242,Hamlets,Small settlements,Small settlements
Pedi,tswe1238,Villages/towns,Large settlements,Large settlements
Lenge,leng1257,Hamlets,Small settlements,Small settlements
Ndau,ndau1241,NA,NA,NA
Shona,shon1251,Hamlets,Small settlements,Small settlements
Ambo,ndon1254,Dispersed homesteads,Small settlements,Small settlements
Swazi,swat1243,Hamlets,Small settlements,Small settlements
Ngumbi,nkhu1238,NA,NA,NA
Kisama,sama1300,Dispersed homesteads,Small settlements,Small settlements
Bomvana,bomv1238,NA,NA,NA
Chopi,copi1238,NA,NA,NA
Lozi,lozi1239,Semisedentary,Nomadic/Impermanent,Nomadic/Impermanent
Tsonga,tson1249,Villages/towns,Large settlements,Large settlements
Mbundu,umbu1257,Villages/towns,Large settlements,Large settlements
Venda,vend1245,Villages/towns,Large settlements,Large settlements
Nyaneka,nyan1305,Hamlets,Small settlements,Small settlements
Sotho,sout2807,Hamlets,Small settlements,Small settlements
Ndebele,nort2795,Complex permanent,Large settlements,Large settlements
Ila,ilaa1246,Semisedentary,Nomadic/Impermanent,Nomadic/Impermanent
Chewa,chew1246,Villages/towns,Large settlements,Large settlements
Luvale,luva1239,Villages/towns,Large settlements,Large settlements
Chokwe,chok1245,Villages/towns,Large settlements,Large settlements
Tonga,tong1321,Hamlets,Small settlements,Small settlements
Bakongo,sans1272,Villages/towns,Large settlements,Large settlements
Mbala,mbal1257,NA,NA,NA
Mitsogho,tsog1243,Villages/towns,Large settlements,Large settlements
Suku,suku1259,Villages/towns,Large settlements,Large settlements
Sundi,koon1244,Villages/towns,Large settlements,Large settlements
Teke,teke1278,Villages/towns,Large settlements,Large settlements
Pende,phen1239,Villages/towns,Large settlements,Large settlements
Yaka,yaka1269,Dispersed homesteads,Small settlements,Small settlements
Bunda,mpuo1241,Dispersed homesteads,Small settlements,Small settlements
Dzing,ding1239,Impermanent,Nomadic/Impermanent,Nomadic/Impermanent
Lele,lele1265,Villages/towns,Large settlements,Large settlements
Sakata,saka1287,Villages/towns,Large settlements,Large settlements
Songo,song1299,Villages/towns,Large settlements,Large settlements
Yanzi,yans1239,Hamlets,Small settlements,Small settlements
Luchazi,luch1239,Impermanent,Nomadic/Impermanent,Nomadic/Impermanent
Luimbe,luim1238,Villages/towns,Large settlements,Large settlements
Luwa,sond1250,NA,NA,NA
Bemba,town1238,Impermanent,Nomadic/Impermanent,Nomadic/Impermanent
Plateau Tonga,tong1318,Hamlets,Small settlements,Small settlements
Buye,buyu1239,Villages/towns,Large settlements,Large settlements
Kaonde,kaon1241,Villages/towns,Large settlements,Large settlements
Lala,lala1264,Villages/towns,Large settlements,Large settlements
Luapula,luun1238,Villages/towns,Large settlements,Large settlements
Shila,luba1250,NA,NA,NA
Tumbuka,tumb1250,Villages/towns,Large settlements,Large settlements
Kunda,kund1255,Villages/towns,Large settlements,Large settlements
Nyanja,nucl1395,Dispersed homesteads,Small settlements,Small settlements
Nyasa,mwer1247,NA,NA,NA
Kuba,bush1247,Impermanent,Nomadic/Impermanent,Nomadic/Impermanent
Sena,nucl1396,Villages/towns,Large settlements,Large settlements
Makonde,mako1251,Hamlets,Small settlements,Small settlements
Makua,makh1264,NA,NA,NA
Mambwe,mamb1296,Villages/towns,Large settlements,Large settlements
Lamba,lamb1271,Villages/towns,Large settlements,Large settlements
Ndembu,lund1266,Impermanent,Nomadic/Impermanent,Nomadic/Impermanent
Yao,yaoo1241,Hamlets,Small settlements,Small settlements
Yombe,yomb1244,Villages/towns,Large settlements,Large settlements
Ngoni,ngon1269,Villages/towns,Large settlements,Large settlements
Bajuni,baju1245,Villages/towns,Large settlements,Large settlements
Shambaa,sham1280,Villages/towns,Large settlements,Large settlements
Bena,bena1262,Villages/towns,Large settlements,Large settlements
Gusii,gusi1247,Dispersed homesteads,Small settlements,Small settlements
Kiga,chig1238,Dispersed homesteads,Small settlements,Small settlements
Luguru,lugu1238,Hamlets,Small settlements,Small settlements
Iwa,nyam1275,Villages/towns,Large settlements,Large settlements
Ngonde,ngon1268,Villages/towns,Large settlements,Large settlements
Safwa,safw1238,Villages/towns,Large settlements,Large settlements
Bende,bend1258,Villages/towns,Large settlements,Large settlements
Fipa,fipa1238,Villages/towns,Large settlements,Large settlements
Nyoro,nyor1246,Dispersed homesteads,Small settlements,Small settlements
Nyamwezi,nyam1276,Hamlets,Small settlements,Small settlements
Pimbwe,pimb1238,Villages/towns,Large settlements,Large settlements
Sukuma,suku1261,Dispersed homesteads,Small settlements,Small settlements
Sangu,sang1330,Villages/towns,Large settlements,Large settlements
Gogo,gogo1263,Dispersed homesteads,Small settlements,Small settlements
Rangi,lang1320,Dispersed homesteads,Small settlements,Small settlements
Turu,nyat1246,Dispersed homesteads,Small settlements,Small settlements
Kwere,kwer1261,Hamlets,Small settlements,Small settlements
Zigula,zigu1242,Hamlets,Small settlements,Small settlements
Hadimu,pemb1239,Villages/towns,Large settlements,Large settlements
Chagga,moch1256,Dispersed homesteads,Small settlements,Small settlements
Digo,digo1243,Villages/towns,Large settlements,Large settlements
Duruma,duru1249,NA,NA,NA
Giriama,giry1241,Villages/towns,Large settlements,Large settlements
Pokomo,poko1261,Villages/towns,Large settlements,Large settlements
Kamba,kamb1297,Hamlets,Small settlements,Small settlements
Meru,meru1245,Dispersed homesteads,Small settlements,Small settlements
Pare,asut1235,Dispersed homesteads,Small settlements,Small settlements
Teita,tait1250,Dispersed homesteads,Small settlements,Small settlements
Kara,kara1481,Hamlets,Small settlements,Small settlements
Sonjo,temi1247,Villages/towns,Large settlements,Large settlements
Kikuyu,kiku1240,Villages/towns,Large settlements,Large settlements
Tiriki,idak1243,Dispersed homesteads,Small settlements,Small settlements
Vugusu,buku1249,Dispersed homesteads,Small settlements,Small settlements
Haya,haya1250,Dispersed homesteads,Small settlements,Small settlements
Kerewe,kere1283,Dispersed homesteads,Small settlements,Small settlements
Konjo,konz1239,Dispersed homesteads,Small settlements,Small settlements
Nyankole,nyan1307,Dispersed homesteads,Small settlements,Small settlements
Soga,soga1242,Dispersed homesteads,Small settlements,Small settlements
Sumbwa,sumb1240,Dispersed homesteads,Small settlements,Small settlements
Toro,toor1238,Dispersed homesteads,Small settlements,Small settlements
Zinza,zinz1238,Dispersed homesteads,Small settlements,Small settlements
Mbugwe,mbug1242,NA,NA,NA
Kaguru,kagu1239,Villages/towns,Large settlements,Large settlements
Ngulu,ngul1246,Villages/towns,Large settlements,Large settlements
Nyakyusa,nyak1261,Villages/towns,Large settlements,Large settlements
Ganda,gand1255,Villages/towns,Large settlements,Large settlements
Hehe,hehe1240,Dispersed homesteads,Small settlements,Small settlements
Gisu,masa1299,Dispersed homesteads,Small settlements,Small settlements
Amba,amba1263,Hamlets,Small settlements,Small settlements
Banyaruanda,kiny1244,Dispersed homesteads,Small settlements,Small settlements
Songola,song1300,Villages/towns,Large settlements,Large settlements
Duala,dual1243,Villages/towns,Large settlements,Large settlements
Bashi,shii1238,NA,NA,NA
Ha,haaa1252,Dispersed homesteads,Small settlements,Small settlements
Hunde,hund1239,Villages/towns,Large settlements,Large settlements
Lulua,luba1249,NA,NA,NA
Rega,lega1249,Complex permanent,Large settlements,Large settlements
Songye,song1303,Complex permanent,Large settlements,Large settlements
Garanganze,sang1331,NA,NA,NA
Kpe,mokp1239,Villages/towns,Large settlements,Large settlements
Ekonda,ekon1238,Hamlets,Small settlements,Small settlements
Kela,yela1238,Villages/towns,Large settlements,Large settlements
Kutsu,kusu1252,Villages/towns,Large settlements,Large settlements
Lalia,ngan1302,NA,NA,NA
Mongo,long1393,NA,NA,NA
Tetela,tete1250,NA,NA,NA
Topoke,poke1238,Villages/towns,Large settlements,Large settlements
Lokele,kele1255,Villages/towns,Large settlements,Large settlements
Ngala,ling1263,Villages/towns,Large settlements,Large settlements
Poto,luse1252,Villages/towns,Large settlements,Large settlements
Fang,fang1246,Villages/towns,Large settlements,Large settlements
Bira,bila1255,Villages/towns,Large settlements,Large settlements
Budu,budu1250,Villages/towns,Large settlements,Large settlements
Kumu,komo1260,Villages/towns,Large settlements,Large settlements
Ndaka Babali,bali1274,Villages/towns,Large settlements,Large settlements
Plains Bira,bera1259,Dispersed homesteads,Small settlements,Small settlements
Rumbi,lomb1254,Villages/towns,Large settlements,Large settlements
Bombesa,mbes1238,Villages/towns,Large settlements,Large settlements
Budja,budz1238,NA,NA,NA
Ndoko,doko1244,Villages/towns,Large settlements,Large settlements
Ngombe,binj1250,Villages/towns,Large settlements,Large settlements
Nkundo,nkun1238,Hamlets,Small settlements,Small settlements
Dzem,njye1238,Villages/towns,Large settlements,Large settlements
Kota,ndas1238,Villages/towns,Large settlements,Large settlements
Ngumba,kwas1243,Villages/towns,Large settlements,Large settlements
Sanga,bomw1238,Villages/towns,Large settlements,Large settlements
Bubi,bube1242,Villages/towns,Large settlements,Large settlements
Kundu,orok1266,Villages/towns,Large settlements,Large settlements
Mpongwe,myen1241,Villages/towns,Large settlements,Large settlements
Puku,bata1285,Villages/towns,Large settlements,Large settlements
Bafia,bafi1243,Dispersed homesteads,Small settlements,Small settlements
Bali Nyonga,mung1266,NA,NA,NA
Bamileke,fefe1239,Hamlets,Small settlements,Small settlements
Bamum,bamu1253,Villages/towns,Large settlements,Large settlements
Banen,tune1261,Dispersed homesteads,Small settlements,Small settlements
Fungom,mmen1238,NA,NA,NA
Koko,bako1249,NA,NA,NA
Kom,komc1235,NA,NA,NA
Ndob,band1349,Villages/towns,Large settlements,Large settlements
Nsaw,lamn1239,Villages/towns,Large settlements,Large settlements
Nsungli,limb1268,Villages/towns,Large settlements,Large settlements
Tikar,tige1238,Villages/towns,Large settlements,Large settlements
Widikum,meta1238,NA,NA,NA
Luba,luba1250,Villages/towns,Large settlements,Large settlements
Baboa,bwaa1238,Hamlets,Small settlements,Small settlements
Rundi,rund1242,Dispersed homesteads,Small settlements,Small settlements
Fut,bafu1246,Villages/towns,Large settlements,Large settlements
Fon,fonn1241,Villages/towns,Large settlements,Large settlements
Igbo,nucl1417,Hamlets,Small settlements,Small settlements
Toma,toma1245,Villages/towns,Large settlements,Large settlements
Akyem,akye1239,Villages/towns,Large settlements,Large settlements
Ebira,ebir1243,Villages/towns,Large settlements,Large settlements
Sherbro,sher1258,Villages/towns,Large settlements,Large settlements
Kpelle,libe1247,Villages/towns,Large settlements,Large settlements
Banyang,keny1279,Villages/towns,Large settlements,Large settlements
Boki,boky1238,Villages/towns,Large settlements,Large settlements
Ekoi,ejag1239,Villages/towns,Large settlements,Large settlements
Efik,efik1245,Villages/towns,Large settlements,Large settlements
Kissi,nort2765,Villages/towns,Large settlements,Large settlements
Ibibio,ibib1240,Hamlets,Small settlements,Small settlements
Ijaw,kala1381,Villages/towns,Large settlements,Large settlements
Itsekiri,isek1239,Villages/towns,Large settlements,Large settlements
Afikpo,afik1238,Villages/towns,Large settlements,Large settlements
Edo,bini1246,Villages/towns,Large settlements,Large settlements
Isoko,isok1239,Complex permanent,Large settlements,Large settlements
Kukuruku,yekh1238,Villages/towns,Large settlements,Large settlements
Eloyi,eloy1241,Villages/towns,Large settlements,Large settlements
Gbagyi,gbar1246,Villages/towns,Large settlements,Large settlements
Idoma,idom1241,Dispersed homesteads,Small settlements,Small settlements
Ashanti,asan1239,Villages/towns,Large settlements,Large settlements
Igala,igal1242,NA,NA,NA
Koro,ashe1269,NA,NA,NA
Egba,egba1238,Villages/towns,Large settlements,Large settlements
Ekiti,ekit1244,Villages/towns,Large settlements,Large settlements
Ife,ijes1238,Villages/towns,Large settlements,Large settlements
Adangme,adan1247,Villages/towns,Large settlements,Large settlements
Ewe,aguu1242,Complex permanent,Large settlements,Large settlements
Buem,siwu1238,Villages/towns,Large settlements,Large settlements
Abron,abro1238,Villages/towns,Large settlements,Large settlements
Anyi,anyi1245,Dispersed homesteads,Small settlements,Small settlements
Yako,loka1252,Villages/towns,Large settlements,Large settlements
Assini,abur1243,Villages/towns,Large settlements,Large settlements
Attie,atti1239,Villages/towns,Large settlements,Large settlements
Fante,fant1241,Villages/towns,Large settlements,Large settlements
Ga,gaaa1244,Complex permanent,Large settlements,Large settlements
Alagya,alla1248,NA,NA,NA
Avikam,avik1243,Villages/towns,Large settlements,Large settlements
Bakwe,bakw1243,Villages/towns,Large settlements,Large settlements
Krahn,west2488,Villages/towns,Large settlements,Large settlements
Kru,klao1243,Villages/towns,Large settlements,Large settlements
Sapo,sapo1251,Villages/towns,Large settlements,Large settlements
Mende,mend1266,Complex permanent,Large settlements,Large settlements
Dan,dann1241,Villages/towns,Large settlements,Large settlements
Gagu,gagu1242,Villages/towns,Large settlements,Large settlements
Guro,guro1248,Villages/towns,Large settlements,Large settlements
Tura,tour1242,Villages/towns,Large settlements,Large settlements
Gbande,band1352,Villages/towns,Large settlements,Large settlements
Gola,gola1255,Complex permanent,Large settlements,Large settlements
Ngere,dann1241,Villages/towns,Large settlements,Large settlements
Temne,timn1235,Complex permanent,Large settlements,Large settlements
Vai,vaii1241,Villages/towns,Large settlements,Large settlements
Oyo Yoruba,oyoo1238,Villages/towns,Large settlements,Large settlements
Bete,dalo1238,Villages/towns,Large settlements,Large settlements
Nupe,nupe1254,Hamlets,Small settlements,Small settlements
Baule,baou1238,Villages/towns,Large settlements,Large settlements
Bambara,bamb1269,Villages/towns,Large settlements,Large settlements
Konkomba,konk1269,Hamlets,Small settlements,Small settlements
Lobi,lobi1245,Dispersed homesteads,Small settlements,Small settlements
Nankanse,nank1249,Dispersed homesteads,Small settlements,Small settlements
Kasena,kase1253,Villages/towns,Large settlements,Large settlements
Baga,mbul1258,Villages/towns,Large settlements,Large settlements
Balanta,bala1301,Villages/towns,Large settlements,Large settlements
Banyun,bain1259,Dispersed homesteads,Small settlements,Small settlements
Biafada,biaf1240,Villages/towns,Large settlements,Large settlements
Bijogo,bidy1244,Villages/towns,Large settlements,Large settlements
Diola,ejam1238,Villages/towns,Large settlements,Large settlements
Mossi (Yatenga),moss1236,Dispersed homesteads,Small settlements,Small settlements
Papel,pape1239,Dispersed homesteads,Small settlements,Small settlements
Bassari,bass1258,Villages/towns,Large settlements,Large settlements
Serer,sere1260,Dispersed homesteads,Small settlements,Small settlements
Kasonke,xaas1235,Villages/towns,Large settlements,Large settlements
Koranko,kura1250,Villages/towns,Large settlements,Large settlements
Soninke,soni1259,Villages/towns,Large settlements,Large settlements
Susu,susu1250,Villages/towns,Large settlements,Large settlements
Diula,dyul1238,Villages/towns,Large settlements,Large settlements
Nononke,jena1242,Villages/towns,Large settlements,Large settlements
Samo,sout2844,Villages/towns,Large settlements,Large settlements
Dogon,bank1259,Villages/towns,Large settlements,Large settlements
Bobo,nort2819,Dispersed homesteads,Small settlements,Small settlements
Minianka,mama1271,Villages/towns,Large settlements,Large settlements
Senufo,ceba1235,Villages/towns,Large settlements,Large settlements
Dyan,dyan1251,Dispersed homesteads,Small settlements,Small settlements
Dorosie,dogo1295,Dispersed homesteads,Small settlements,Small settlements
Kulango,boun1243,Villages/towns,Large settlements,Large settlements
Lowiili,sout2790,Dispersed homesteads,Small settlements,Small settlements
Awuna,angl1262,Hamlets,Small settlements,Small settlements
Builsa,buli1254,Hamlets,Small settlements,Small settlements
Dagara,sout2789,Dispersed homesteads,Small settlements,Small settlements
Tallensi,taln1239,Dispersed homesteads,Small settlements,Small settlements
Isala,tumu1242,Villages/towns,Large settlements,Large settlements
Kusasi,kusa1250,Dispersed homesteads,Small settlements,Small settlements
Nunuma,sout2795,Dispersed homesteads,Small settlements,Small settlements
Vagala,vagl1239,Villages/towns,Large settlements,Large settlements
Dagomba,dagb1246,Villages/towns,Large settlements,Large settlements
Gurma,gour1243,Villages/towns,Large settlements,Large settlements
Manprusi,mamp1244,Villages/towns,Large settlements,Large settlements
Mossi (Ouagadougou),moss1236,Dispersed homesteads,Small settlements,Small settlements
Basari,ntch1242,Villages/towns,Large settlements,Large settlements
Kabre,kabi1261,Hamlets,Small settlements,Small settlements
Birifor,sout2790,Dispersed homesteads,Small settlements,Small settlements
Moba,moba1244,Hamlets,Small settlements,Small settlements
Somba,dita1238,Villages/towns,Large settlements,Large settlements
Tem,temm1241,Villages/towns,Large settlements,Large settlements
Bisa,biss1248,Villages/towns,Large settlements,Large settlements
Yalunka,yalu1240,Complex permanent,Large settlements,Large settlements
Futajalonke,pula1262,Complex permanent,Large settlements,Large settlements
Bozo,tiey1235,Semisedentary,Nomadic/Impermanent,Nomadic/Impermanent
Coniagui,wame1240,Villages/towns,Large settlements,Large settlements
Malinke,kita1249,Villages/towns,Large settlements,Large settlements
Katab,kata1265,Villages/towns,Large settlements,Large settlements
Chawai,atsa1241,Villages/towns,Large settlements,Large settlements
Basa,basa1282,Hamlets,Small settlements,Small settlements
Basakomo,basa1282,Hamlets,Small settlements,Small settlements
Dakakari,clel1238,Semisedentary,Nomadic/Impermanent,Nomadic/Impermanent
Kamuku,cind1241,Dispersed homesteads,Small settlements,Small settlements
Reshe,resh1242,Villages/towns,Large settlements,Large settlements
Angas,ngas1240,Dispersed homesteads,Small settlements,Small settlements
Birom,bero1242,Dispersed homesteads,Small settlements,Small settlements
Burmawa,bogh1241,Dispersed homesteads,Small settlements,Small settlements
Adara,kada1284,Villages/towns,Large settlements,Large settlements
Jukun,juku1254,Villages/towns,Large settlements,Large settlements
Kagoro,kago1246,Villages/towns,Large settlements,Large settlements
Kurama,kura1249,Villages/towns,Large settlements,Large settlements
Yergum,taro1263,NA,NA,NA
Jibu,jibu1239,NA,NA,NA
Kentu,etky1238,NA,NA,NA
Tigon,tigo1236,Villages/towns,Large settlements,Large settlements
Ndoro,ndoo1241,Villages/towns,Large settlements,Large settlements
Zuande,bita1251,Villages/towns,Large settlements,Large settlements
Chamba,samb1305,Villages/towns,Large settlements,Large settlements
Daka,samb1311,Villages/towns,Large settlements,Large settlements
Tiv,tivv1240,Dispersed homesteads,Small settlements,Small settlements
Longuda,long1389,Hamlets,Small settlements,Small settlements
Mumuye,nucl1240,Villages/towns,Large settlements,Large settlements
Vere,momj1237,Villages/towns,Large settlements,Large settlements
Yungur,bena1260,Hamlets,Small settlements,Small settlements
Bata,bata1314,Hamlets,Small settlements,Small settlements
Bura,bura1292,Hamlets,Small settlements,Small settlements
Gude,gude1246,Villages/towns,Large settlements,Large settlements
Hwana,hwan1240,Hamlets,Small settlements,Small settlements
Kapsiki,psik1239,Villages/towns,Large settlements,Large settlements
Podokwo,park1239,Villages/towns,Large settlements,Large settlements
Mambila,came1252,Hamlets,Small settlements,Small settlements
Margi,marg1265,Hamlets,Small settlements,Small settlements
Gure,gbir1241,Hamlets,Small settlements,Small settlements
Mafa,mafa1239,Hamlets,Small settlements,Small settlements
Bafute,vute1244,Villages/towns,Large settlements,Large settlements
Anaguta,igut1238,Hamlets,Small settlements,Small settlements
Banda,west2458,Dispersed homesteads,Small settlements,Small settlements
Otoro,otor1240,Hamlets,Small settlements,Small settlements
Mangbetu,nucl1420,Dispersed homesteads,Small settlements,Small settlements
Fali,sout2782,Hamlets,Small settlements,Small settlements
Laka,laka1254,Villages/towns,Large settlements,Large settlements
Mbum,mbum1254,Dispersed homesteads,Small settlements,Small settlements
Mundang,mund1325,Villages/towns,Large settlements,Large settlements
Namshi,doya1240,Villages/towns,Large settlements,Large settlements
Gisiga,sout3051,Villages/towns,Large settlements,Large settlements
Kotoko,lagw1237,Villages/towns,Large settlements,Large settlements
Musgu,musg1254,Villages/towns,Large settlements,Large settlements
Nyaro,kooo1244,NA,NA,NA
Tupuri,tupu1244,Dispersed homesteads,Small settlements,Small settlements
Bagirmi,bagi1246,Villages/towns,Large settlements,Large settlements
Sara,sarr1246,Dispersed homesteads,Small settlements,Small settlements
Bwaka,ngba1284,Villages/towns,Large settlements,Large settlements
Mandja,manz1243,Dispersed homesteads,Small settlements,Small settlements
Mbandja,mban1263,Villages/towns,Large settlements,Large settlements
Ngbandi,nort2774,Villages/towns,Large settlements,Large settlements
Abarambo,bara1361,Dispersed homesteads,Small settlements,Small settlements
Popoi,popo1291,Villages/towns,Large settlements,Large settlements
Lendu,lend1245,Villages/towns,Large settlements,Large settlements
Azande,zand1248,Dispersed homesteads,Small settlements,Small settlements
Lese,lese1243,Villages/towns,Large settlements,Large settlements
Logo,logo1259,Dispersed homesteads,Small settlements,Small settlements
Lugbara,lugb1240,Hamlets,Small settlements,Small settlements
Madi,madi1260,Dispersed homesteads,Small settlements,Small settlements
Moru,moru1253,Dispersed homesteads,Small settlements,Small settlements
Bongo,bong1285,Dispersed homesteads,Small settlements,Small settlements
Jur,luwo1239,Dispersed homesteads,Small settlements,Small settlements
Koalib,koal1240,Hamlets,Small settlements,Small settlements
Korongo,kron1241,Hamlets,Small settlements,Small settlements
Mesakin,ngil1242,Hamlets,Small settlements,Small settlements
Ingassana,gaam1241,Dispersed homesteads,Small settlements,Small settlements
Moro,moro1285,Hamlets,Small settlements,Small settlements
Tira,tira1254,Hamlets,Small settlements,Small settlements
Tullishi,tuli1249,Hamlets,Small settlements,Small settlements
Nyimang,amas1236,Hamlets,Small settlements,Small settlements
Anuak,anua1242,Villages/towns,Large settlements,Large settlements
Meban,maba1273,Hamlets,Small settlements,Small settlements
Koma,komo1258,Villages/towns,Large settlements,Large settlements
Mao,hozo1236,Villages/towns,Large settlements,Large settlements
Mamvu,mamv1243,Villages/towns,Large settlements,Large settlements
Shilluk,shil1265,Hamlets,Small settlements,Small settlements
Gbaya,nort2775,Villages/towns,Large settlements,Large settlements
Dilling,dill1242,Hamlets,Small settlements,Small settlements
Masa,masa1322,Dispersed homesteads,Small settlements,Small settlements
Teso,teso1249,Dispersed homesteads,Small settlements,Small settlements
Acholi,dhop1238,Hamlets,Small settlements,Small settlements
Dinka,sout2832,Seminomadic,Nomadic/Impermanent,Nomadic/Impermanent
Lotuko,otuh1238,Villages/towns,Large settlements,Large settlements
Pojulu,poju1239,Villages/towns,Large settlements,Large settlements
Kakwa,kakw1240,Villages/towns,Large settlements,Large settlements
Kuku,kuku1285,Dispersed homesteads,Small settlements,Small settlements
Mondari,mand1425,Semisedentary,Nomadic/Impermanent,Nomadic/Impermanent
Alur,alur1250,Hamlets,Small settlements,Small settlements
Bodi,meen1242,Hamlets,Small settlements,Small settlements
Didinga,didi1258,Seminomadic,Nomadic/Impermanent,Nomadic/Impermanent
Maasi,masa1300,Nomadic,Nomadic/Impermanent,Nomadic/Impermanent
Suri,suri1267,Villages/towns,Large settlements,Large settlements
Jie,jiee1239,Semisedentary,Nomadic/Impermanent,Nomadic/Impermanent
Labwor,labw1238,Villages/towns,Large settlements,Large settlements
Plains Suk,east2420,Seminomadic,Nomadic/Impermanent,Nomadic/Impermanent
Toposa,topo1242,Semisedentary,Nomadic/Impermanent,Nomadic/Impermanent
Keyu,keiy1238,Hamlets,Small settlements,Small settlements
Hill Suk,west2492,Dispersed homesteads,Small settlements,Small settlements
Sapei,kups1238,Hamlets,Small settlements,Small settlements
Tatoga,dato1239,Seminomadic,Nomadic/Impermanent,Nomadic/Impermanent
Samburu,samb1315,Nomadic,Nomadic/Impermanent,Nomadic/Impermanent
Nuer,nuer1246,Seminomadic,Nomadic/Impermanent,Nomadic/Impermanent
Karamojong,nucl1430,NA,NA,NA
Pari,pari1256,NA,NA,NA
Lango,lang1324,Villages/towns,Large settlements,Large settlements
Turkana,turk1308,Seminomadic,Nomadic/Impermanent,Nomadic/Impermanent
Luo,luok1236,Dispersed homesteads,Small settlements,Small settlements
Nandi,nand1266,Dispersed homesteads,Small settlements,Small settlements
Bari,ligo1238,Dispersed homesteads,Small settlements,Small settlements
Kipsigis,kips1239,Dispersed homesteads,Small settlements,Small settlements
Konso,kons1243,Villages/towns,Large settlements,Large settlements
Somali (Esa),nort3051,Nomadic,Nomadic/Impermanent,Nomadic/Impermanent
Arusi,bora1271,Semisedentary,Nomadic/Impermanent,Nomadic/Impermanent
Gibe,west2721,Dispersed homesteads,Small settlements,Small settlements
Macha,west2721,Dispersed homesteads,Small settlements,Small settlements
Burji,burj1242,Dispersed homesteads,Small settlements,Small settlements
Darasa,gede1246,Dispersed homesteads,Small settlements,Small settlements
Sidama,sida1246,Dispersed homesteads,Small settlements,Small settlements
Tsamai,tsam1247,Dispersed homesteads,Small settlements,Small settlements
Arbore,arbo1245,Villages/towns,Large settlements,Large settlements
Banna,hame1242,Hamlets,Small settlements,Small settlements
Somali (Dolbahanta),nort3051,Nomadic,Nomadic/Impermanent,Nomadic/Impermanent
Galab,daas1238,Semisedentary,Nomadic/Impermanent,Nomadic/Impermanent
Hamar,hame1242,Hamlets,Small settlements,Small settlements
Male,male1284,Dispersed homesteads,Small settlements,Small settlements
Bako,aari1239,Dispersed homesteads,Small settlements,Small settlements
Dime,dime1235,Dispersed homesteads,Small settlements,Small settlements
Shangama,aari1239,Dispersed homesteads,Small settlements,Small settlements
Ubamer,aari1239,Dispersed homesteads,Small settlements,Small settlements
Anfillo,anfi1235,Dispersed homesteads,Small settlements,Small settlements
Basketo,bask1236,Dispersed homesteads,Small settlements,Small settlements
Yem,toba1264,Dispersed homesteads,Small settlements,Small settlements
Tigrinya,tigr1271,Villages/towns,Large settlements,Large settlements
Kafa,kafa1242,Dispersed homesteads,Small settlements,Small settlements
Beta Israel,qima1242,Villages/towns,Large settlements,Large settlements
Nara,nara1262,Villages/towns,Large settlements,Large settlements
Kunama,kuna1268,Villages/towns,Large settlements,Large settlements
Ababda,abab1239,Nomadic,Nomadic/Impermanent,Nomadic/Impermanent
Amarar,amar1281,Seminomadic,Nomadic/Impermanent,Nomadic/Impermanent
Beni-Amer,mans1267,Nomadic,Nomadic/Impermanent,Nomadic/Impermanent
Blin,bili1260,Seminomadic,Nomadic/Impermanent,Nomadic/Impermanent
Tigre,mans1267,Seminomadic,Nomadic/Impermanent,Nomadic/Impermanent
Jimma,west2721,Dispersed homesteads,Small settlements,Small settlements
Iraqw,iraq1241,Dispersed homesteads,Small settlements,Small settlements
Baditu,koor1239,Dispersed homesteads,Small settlements,Small settlements
Dorse,dorz1235,Dispersed homesteads,Small settlements,Small settlements
Shako,shek1245,Hamlets,Small settlements,Small settlements
Hadendowa,hade1248,NA,NA,NA
Bisharin,bish1251,Seminomadic,Nomadic/Impermanent,Nomadic/Impermanent
Afar,afar1241,Seminomadic,Nomadic/Impermanent,Nomadic/Impermanent
Amhara,amha1245,Hamlets,Small settlements,Small settlements
Gurage,seba1251,Villages/towns,Large settlements,Large settlements
Goroa,goro1270,Dispersed homesteads,Small settlements,Small settlements
Maguzawa,kano1249,NA,NA,NA
Karekare,kare1348,Hamlets,Small settlements,Small settlements
Midobi,mido1240,Seminomadic,Nomadic/Impermanent,Nomadic/Impermanent
Gimma,nort3133,Seminomadic,Nomadic/Impermanent,Nomadic/Impermanent
Habbaniya,nort3133,Nomadic,Nomadic/Impermanent,Nomadic/Impermanent
Hemat,bath1248,Seminomadic,Nomadic/Impermanent,Nomadic/Impermanent
Messiria Humr,tama1331,Nomadic,Nomadic/Impermanent,Nomadic/Impermanent
Shuwa,char1283,Nomadic,Nomadic/Impermanent,Nomadic/Impermanent
Fur,furr1244,Villages/towns,Large settlements,Large settlements
Kanembu,kane1243,Villages/towns,Large settlements,Large settlements
Kanuri,cent2050,Complex permanent,Large settlements,Large settlements
Wolof,nucl1347,Villages/towns,Large settlements,Large settlements
Zerma,zarm1239,Villages/towns,Large settlements,Large settlements
Djafun,adam1253,Nomadic,Nomadic/Impermanent,Nomadic/Impermanent
Liptako,west2454,Villages/towns,Large settlements,Large settlements
Tukulor,pula1263,Villages/towns,Large settlements,Large settlements
Wodaabe Fulani,boro1274,Nomadic,Nomadic/Impermanent,Nomadic/Impermanent
Tazarawa Hausa,arew1238,Villages/towns,Large settlements,Large settlements
Zazzagawa Hausa,haus1257,Villages/towns,Large settlements,Large settlements
Bachama,baca1246,Villages/towns,Large settlements,Large settlements
Dera,dera1248,Villages/towns,Large settlements,Large settlements
Ngizim,ngiz1242,NA,NA,NA
Songhai,koyr1242,Villages/towns,Large settlements,Large settlements
Hasania,khar1296,Seminomadic,Nomadic/Impermanent,Nomadic/Impermanent
Buduma,budu1265,Dispersed homesteads,Small settlements,Small settlements
Tera,tera1251,Villages/towns,Large settlements,Large settlements
Bolewa,nucl1695,Villages/towns,Large settlements,Large settlements
Bororo Fulani,boro1274,Semisedentary,Nomadic/Impermanent,Nomadic/Impermanent
Hausa Kanawa,kano1249,Villages/towns,Large settlements,Large settlements
Regeibat,hass1238,Seminomadic,Nomadic/Impermanent,Nomadic/Impermanent
Asben,taya1257,Seminomadic,Nomadic/Impermanent,Nomadic/Impermanent
Azjer,ghat1242,Nomadic,Nomadic/Impermanent,Nomadic/Impermanent
Ifora,tadh1242,Nomadic,Nomadic/Impermanent,Nomadic/Impermanent
Udalan Tuareg,timb1263,Nomadic,Nomadic/Impermanent,Nomadic/Impermanent
Daza,daza1242,Seminomadic,Nomadic/Impermanent,Nomadic/Impermanent
Drawa,susi1238,NA,NA,NA
Chaambra,algi1247,Seminomadic,Nomadic/Impermanent,Nomadic/Impermanent
Delim,hass1238,Nomadic,Nomadic/Impermanent,Nomadic/Impermanent
Kunta,hass1238,Seminomadic,Nomadic/Impermanent,Nomadic/Impermanent
Trarza,hass1238,Seminomadic,Nomadic/Impermanent,Nomadic/Impermanent
Teda,teda1241,Seminomadic,Nomadic/Impermanent,Nomadic/Impermanent
Zenaga,zena1248,Seminomadic,Nomadic/Impermanent,Nomadic/Impermanent
Siwans,siwi1239,Complex permanent,Large settlements,Large settlements
Mzab,tumz1238,Villages/towns,Large settlements,Large settlements
Kel Antessar,timb1263,Nomadic,Nomadic/Impermanent,Nomadic/Impermanent
Kababish,nort3133,Nomadic,Nomadic/Impermanent,Nomadic/Impermanent
Barabish,hass1238,Nomadic,Nomadic/Impermanent,Nomadic/Impermanent
Aulliminden,ioul1238,NA,NA,NA
Tuareg Ahaggar,hogg1238,Seminomadic,Nomadic/Impermanent,Nomadic/Impermanent
Barabra,kenu1236,Villages/towns,Large settlements,Large settlements
Zekara,tari1263,Semisedentary,Nomadic/Impermanent,Nomadic/Impermanent
Guanche,guan1277,Villages/towns,Large settlements,Large settlements
Algerians,algi1247,Villages/towns,Large settlements,Large settlements
Hamama,sout3114,Semisedentary,Nomadic/Impermanent,Nomadic/Impermanent
Hamyan,oran1236,Nomadic,Nomadic/Impermanent,Nomadic/Impermanent
Jebala,jebl1238,Villages/towns,Large settlements,Large settlements
Moroccans,sout3117,Villages/towns,Large settlements,Large settlements
Nail,cons1245,Seminomadic,Nomadic/Impermanent,Nomadic/Impermanent
Saadi,said1239,Seminomadic,Nomadic/Impermanent,Nomadic/Impermanent
Sahel,sahi1245,Villages/towns,Large settlements,Large settlements
Egyptians,egyp1253,Villages/towns,Large settlements,Large settlements
Sanusi,liby1240,Seminomadic,Nomadic/Impermanent,Nomadic/Impermanent
Tunisians,tuni1260,Villages/towns,Large settlements,Large settlements
Riffians,tari1263,Villages/towns,Large settlements,Large settlements
Kabyle,kaby1243,Villages/towns,Large settlements,Large settlements
Shluh,susi1238,Hamlets,Small settlements,Small settlements
Ancient Egyptians,egyp1246,Villages/towns,Large settlements,Large settlements
Beraber,cent2194,Semisedentary,Nomadic/Impermanent,Nomadic/Impermanent
Shawiya,tach1249,Semisedentary,Nomadic/Impermanent,Nomadic/Impermanent
Tekna,hass1238,Semisedentary,Nomadic/Impermanent,Nomadic/Impermanent
Gheg,gheg1238,Dispersed homesteads,Small settlements,Small settlements
Portuguese,gali1257,NA,NA,NA
Ancient Romans,lati1261,Villages/towns,Large settlements,Large settlements
French Basques,labo1236,Dispersed homesteads,Small settlements,Small settlements
Neapolitans,neap1235,Complex permanent,Large settlements,Large settlements
Spaniards,stan1288,Villages/towns,Large settlements,Large settlements
Greeks,mode1248,Villages/towns,Large settlements,Large settlements
Spanish Basques,west1508,Complex permanent,Large settlements,Large settlements
New Englanders,stan1293,Complex permanent,Large settlements,Large settlements
Boers,afri1274,Dispersed homesteads,Small settlements,Small settlements
Tristan da Cunha,stan1293,Villages/towns,Large settlements,Large settlements
Brazilians,braz1246,Villages/towns,Large settlements,Large settlements
French Canadians,queb1247,Villages/towns,Large settlements,Large settlements
Dutch,dutc1256,Villages/towns,Large settlements,Large settlements
Icelanders,icel1247,Villages/towns,Large settlements,Large settlements
Irish,iris1253,Dispersed homesteads,Small settlements,Small settlements
Sami,nort2671,Nomadic,Nomadic/Impermanent,Nomadic/Impermanent
Walloons,wall1255,Villages/towns,Large settlements,Large settlements
Serbs,serb1264,Complex permanent,Large settlements,Large settlements
Romanians,baya1255,NA,NA,NA
Russians,russ1263,Villages/towns,Large settlements,Large settlements
Bashkir,bash1264,Villages/towns,Large settlements,Large settlements
Besermyan,nort2676,Villages/towns,Large settlements,Large settlements
Chuvash,chuv1255,Villages/towns,Large settlements,Large settlements
Erzya Mordvins,erzy1239,Villages/towns,Large settlements,Large settlements
Estonians,esto1258,Dispersed homesteads,Small settlements,Small settlements
Gagauz,gaga1249,Villages/towns,Large settlements,Large settlements
Ingrians,ingr1248,Villages/towns,Large settlements,Large settlements
Karelians,livv1243,Villages/towns,Large settlements,Large settlements
Hutsuls,sout2604,Dispersed homesteads,Small settlements,Small settlements
Kazan tatar,midd1325,Villages/towns,Large settlements,Large settlements
Latvians,latv1249,Dispersed homesteads,Small settlements,Small settlements
Lithuanian Karaim,kara1464,Complex permanent,Large settlements,Large settlements
Lithuanian Tatar,west2405,Complex permanent,Large settlements,Large settlements
Livs,livv1244,Villages/towns,Large settlements,Large settlements
Moldovans,mold1248,Villages/towns,Large settlements,Large settlements
Udmurt,sout2681,Villages/towns,Large settlements,Large settlements
Veps,veps1250,Villages/towns,Large settlements,Large settlements
Votes,voti1245,Villages/towns,Large settlements,Large settlements
Czechs,czec1258,Villages/towns,Large settlements,Large settlements
Mari,east2328,Hamlets,Small settlements,Small settlements
Bulgarians,bulg1262,Villages/towns,Large settlements,Large settlements
Byelorussians,bela1254,Villages/towns,Large settlements,Large settlements
Ukrainians,east2270,Villages/towns,Large settlements,Large settlements
Magyar,hung1274,Villages/towns,Large settlements,Large settlements
Lithuanians,lith1251,Villages/towns,Large settlements,Large settlements
Kalmyk,kalm1243,Seminomadic,Nomadic/Impermanent,Nomadic/Impermanent
Armenians,nucl1235,Villages/towns,Large settlements,Large settlements
Kurd,cent1972,Semisedentary,Nomadic/Impermanent,Nomadic/Impermanent
Abkhaz,abkh1244,Dispersed homesteads,Small settlements,Small settlements
Khevsur,xevs1238,Villages/towns,Large settlements,Large settlements
Kumyk,kumy1244,Villages/towns,Large settlements,Large settlements
Cherkess,kaba1278,Hamlets,Small settlements,Small settlements
Turks,nucl1301,Villages/towns,Large settlements,Large settlements
Ossetians,digo1242,Villages/towns,Large settlements,Large settlements
Chechen,chec1245,Villages/towns,Large settlements,Large settlements
Georgians,imer1248,Villages/towns,Large settlements,Large settlements
Svan,svan1243,Villages/towns,Large settlements,Large settlements
Syrians,nort3142,Villages/towns,Large settlements,Large settlements
Madan,meso1252,Villages/towns,Large settlements,Large settlements
Rwala,east2690,Nomadic,Nomadic/Impermanent,Nomadic/Impermanent
Hebrews,anci1244,Villages/towns,Large settlements,Large settlements
Babylonians,akka1240,Villages/towns,Large settlements,Large settlements
Mutair,sout3119,Nomadic,Nomadic/Impermanent,Nomadic/Impermanent
Jordanians,sout3123,Villages/towns,Large settlements,Large settlements
Lebanese,nort3139,Villages/towns,Large settlements,Large settlements
Druze,sunn1238,Villages/towns,Large settlements,Large settlements
Yemeni,sana1295,Villages/towns,Large settlements,Large settlements
Sindhi,sind1272,Villages/towns,Large settlements,Large settlements
Marri,east2304,Seminomadic,Nomadic/Impermanent,Nomadic/Impermanent
Ghilzai,ghil1238,Villages/towns,Large settlements,Large settlements
Qashqui,qash1240,Nomadic,Nomadic/Impermanent,Nomadic/Impermanent
Punjabi,west2386,Complex permanent,Large settlements,Large settlements
Yusufzai,yusu1238,Villages/towns,Large settlements,Large settlements
Hazara,haza1239,Semisedentary,Nomadic/Impermanent,Nomadic/Impermanent
Kohistani,indu1241,Semisedentary,Nomadic/Impermanent,Nomadic/Impermanent
Nuristani,kamv1242,Villages/towns,Large settlements,Large settlements
Basseri,bass1257,Nomadic,Nomadic/Impermanent,Nomadic/Impermanent
Moghol,mogh1245,Hamlets,Small settlements,Small settlements
Bakhtiari,bakh1245,Nomadic,Nomadic/Impermanent,Nomadic/Impermanent
Iranians,tehr1242,Villages/towns,Large settlements,Large settlements
Kazakh,kaza1248,Seminomadic,Nomadic/Impermanent,Nomadic/Impermanent
Tu,tuuu1240,Hamlets,Small settlements,Small settlements
Khalka,halh1238,Seminomadic,Nomadic/Impermanent,Nomadic/Impermanent
Dagur,daur1238,NA,NA,NA
Turkmen,turk1304,Villages/towns,Large settlements,Large settlements
Buryat,russ1264,NA,NA,NA
Chahar,peri1253,Semisedentary,Nomadic/Impermanent,Nomadic/Impermanent
Uzbek,nort2690,NA,NA,NA
Nivkh,gily1242,Seminomadic,Nomadic/Impermanent,Nomadic/Impermanent
Ob Ostyak,khan1273,Seminomadic,Nomadic/Impermanent,Nomadic/Impermanent
Selkup,selk1253,Seminomadic,Nomadic/Impermanent,Nomadic/Impermanent
Nganasan,ngan1291,Nomadic,Nomadic/Impermanent,Nomadic/Impermanent
Itelmen,itel1242,Villages/towns,Large settlements,Large settlements
Ungazikmit,cent2128,Villages/towns,Large settlements,Large settlements
Mansi,mans1258,Semisedentary,Nomadic/Impermanent,Nomadic/Impermanent
Evenk,even1259,Nomadic,Nomadic/Impermanent,Nomadic/Impermanent
Negidal,negi1245,Seminomadic,Nomadic/Impermanent,Nomadic/Impermanent
Ulch,ulch1241,Semisedentary,Nomadic/Impermanent,Nomadic/Impermanent
Orok,orok1265,Seminomadic,Nomadic/Impermanent,Nomadic/Impermanent
Yakut,yaku1245,Seminomadic,Nomadic/Impermanent,Nomadic/Impermanent
Oroch,oroc1248,Semisedentary,Nomadic/Impermanent,Nomadic/Impermanent
Udihe,udih1248,Semisedentary,Nomadic/Impermanent,Nomadic/Impermanent
Chukchi,chuk1273,Nomadic,Nomadic/Impermanent,Nomadic/Impermanent
Yurak-Samoyeds,nene1249,Nomadic,Nomadic/Impermanent,Nomadic/Impermanent
Koryak,kory1246,Semisedentary,Nomadic/Impermanent,Nomadic/Impermanent
Yukaghir,nort2745,Seminomadic,Nomadic/Impermanent,Nomadic/Impermanent
Ainu,ainu1240,Semisedentary,Nomadic/Impermanent,Nomadic/Impermanent
Ket,kett1243,Seminomadic,Nomadic/Impermanent,Nomadic/Impermanent
Nanai,nana1257,Villages/towns,Large settlements,Large settlements
Koreans,kore1280,Villages/towns,Large settlements,Large settlements
Shantung,mand1415,Villages/towns,Large settlements,Large settlements
Ishigakians,yaey1239,NA,NA,NA
Man,kimm1245,NA,NA,NA
Miyakans,miya1259,NA,NA,NA
Kiangsu,wuch1236,Villages/towns,Large settlements,Large settlements
Cantonese,yuec1235,NA,NA,NA
Lolo,sich1238,Villages/towns,Large settlements,Large settlements
Manchu,manc1252,Villages/towns,Large settlements,Large settlements
Miao,horn1235,Hamlets,Small settlements,Small settlements
Japanese,nucl1643,Complex permanent,Large settlements,Large settlements
Min Chinese,chao1239,Villages/towns,Large settlements,Large settlements
Okinawans,cent2126,Villages/towns,Large settlements,Large settlements
Minchia,cent2004,Villages/towns,Large settlements,Large settlements
Li,hlai1239,Villages/towns,Large settlements,Large settlements
Adi,bori1243,Villages/towns,Large settlements,Large settlements
Burusho,buru1296,Villages/towns,Large settlements,Large settlements
Lepcha,lepc1244,Dispersed homesteads,Small settlements,Small settlements
Central Tibetans,dbus1238,Villages/towns,Large settlements,Large settlements
Shina,shin1264,Semisedentary,Nomadic/Impermanent,Nomadic/Impermanent
Sherpa,sher1255,Semisedentary,Nomadic/Impermanent,Nomadic/Impermanent
Kachari,kach1279,NA,NA,NA
Magar,west2418,Hamlets,Small settlements,Small settlements
Santal,sant1410,Villages/towns,Large settlements,Large settlements
Bihari,mait1250,NA,NA,NA
Uttar Pradesh,bhoj1244,Complex permanent,Large settlements,Large settlements
Bengali,beng1280,Villages/towns,Large settlements,Large settlements
Indo-Iranian,sans1269,NA,NA,NA
Ho,hooo1248,NA,NA,NA
Bhil,bhil1251,Dispersed homesteads,Small settlements,Small settlements
Kurukh,kuru1302,Villages/towns,Large settlements,Large settlements
Pahari,garh1243,Villages/towns,Large settlements,Large settlements
Kashmiri,kash1277,Villages/towns,Large settlements,Large settlements
Gujarati,guja1252,Villages/towns,Large settlements,Large settlements
Chenchu,chen1255,Semisedentary,Nomadic/Impermanent,Nomadic/Impermanent
Telugu,telu1262,Villages/towns,Large settlements,Large settlements
Koya,koya1251,NA,NA,NA
Khond,kuii1252,NA,NA,NA
Muria Gond,west2408,Villages/towns,Large settlements,Large settlements
Reddi,mukh1238,Villages/towns,Large settlements,Large settlements
Tamil,tami1289,Villages/towns,Large settlements,Large settlements
Madia,mari1414,Villages/towns,Large settlements,Large settlements
Toda,toda1252,Semisedentary,Nomadic/Impermanent,Nomadic/Impermanent
Kodavas,koda1255,Hamlets,Small settlements,Small settlements
Kerala,mala1464,Dispersed homesteads,Small settlements,Small settlements
Hill Bhuiya,oriy1255,Impermanent,Nomadic/Impermanent,Nomadic/Impermanent
Kol,mund1320,Villages/towns,Large settlements,Large settlements
Baiga,chha1249,Impermanent,Nomadic/Impermanent,Nomadic/Impermanent
Andamanese,akab1249,Seminomadic,Nomadic/Impermanent,Nomadic/Impermanent
Betsileo,bets1235,NA,NA,NA
Merina,meri1243,Villages/towns,Large settlements,Large settlements
Tanala,tana1285,Villages/towns,Large settlements,Large settlements
Vedda,vedd1240,Seminomadic,Nomadic/Impermanent,Nomadic/Impermanent
Nicobarese,carn1240,Hamlets,Small settlements,Small settlements
Sinhalese,sinh1246,Villages/towns,Large settlements,Large settlements
Antandroy,tand1256,Semisedentary,Nomadic/Impermanent,Nomadic/Impermanent
Sakalava,saka1291,Hamlets,Small settlements,Small settlements
Antaisaka,tesa1236,Villages/towns,Large settlements,Large settlements
Garo,garo1247,Villages/towns,Large settlements,Large settlements
Chakma,chak1266,Villages/towns,Large settlements,Large settlements
Aimol,aimo1244,Villages/towns,Large settlements,Large settlements
Thado,thad1238,Villages/towns,Large settlements,Large settlements
Angami,anga1288,Villages/towns,Large settlements,Large settlements
Ao,aona1235,Villages/towns,Large settlements,Large settlements
Rengma,sout2732,NA,NA,NA
Sema,sumi1235,Villages/towns,Large settlements,Large settlements
Karbi,karb1241,NA,NA,NA
Palaung,shwe1236,Villages/towns,Large settlements,Large settlements
Chin,asho1236,Villages/towns,Large settlements,Large settlements
Lhota,loth1237,Villages/towns,Large settlements,Large settlements
Kuki,lush1249,NA,NA,NA
Burmese,nucl1310,Villages/towns,Large settlements,Large settlements
Maras,mara1382,Villages/towns,Large settlements,Large settlements
Kachin,kach1280,Villages/towns,Large settlements,Large settlements
Purum,puru1266,Villages/towns,Large settlements,Large settlements
Karen,pwow1235,Villages/towns,Large settlements,Large settlements
Khasi,khas1269,Villages/towns,Large settlements,Large settlements
Mogh,rakh1245,Villages/towns,Large settlements,Large settlements
Lamet,lame1256,Villages/towns,Large settlements,Large settlements
Rade,rade1240,Hamlets,Small settlements,Small settlements
Cham,east2563,Hamlets,Small settlements,Small settlements
Lawa,west2396,Villages/towns,Large settlements,Large settlements
Muong,muon1246,Dispersed homesteads,Small settlements,Small settlements
Senoi,sema1266,Impermanent,Nomadic/Impermanent,Nomadic/Impermanent
Ancient Khmer,oldk1249,Villages/towns,Large settlements,Large settlements
Negri Sembilan,nege1240,Dispersed homesteads,Small settlements,Small settlements
Mnong Gar,east2333,Impermanent,Nomadic/Impermanent,Nomadic/Impermanent
Semang,kens1248,Nomadic,Nomadic/Impermanent,Nomadic/Impermanent
Annamese,viet1252,Villages/towns,Large settlements,Large settlements
Khmer,cent1989,Villages/towns,Large settlements,Large settlements
Moken,moke1242,Nomadic,Nomadic/Impermanent,Nomadic/Impermanent
Akha,akha1245,Impermanent,Nomadic/Impermanent,Nomadic/Impermanent
Malays,mala1479,Villages/towns,Large settlements,Large settlements
Thai,thai1261,Villages/towns,Large settlements,Large settlements
Atayal,atay1247,Villages/towns,Large settlements,Large settlements
Bunun,bunu1267,Dispersed homesteads,Small settlements,Small settlements
Puyuma,puyu1239,Villages/towns,Large settlements,Large settlements
Sugbuanon,cebu1242,Villages/towns,Large settlements,Large settlements
Badjau Tawi-Tawi,sout2918,Nomadic,Nomadic/Impermanent,Nomadic/Impermanent
Tao,yami1254,Villages/towns,Large settlements,Large settlements
Manobo,agus1235,Dispersed homesteads,Small settlements,Small settlements
Kalinga,lubu1243,Hamlets,Small settlements,Small settlements
Bilaan,koro1310,NA,NA,NA
Bisayan,akla1241,NA,NA,NA
Sagada,nort2877,Villages/towns,Large settlements,Large settlements
Ifugao,tuwa1243,Hamlets,Small settlements,Small settlements
Subanun,cent2089,Dispersed homesteads,Small settlements,Small settlements
Hanunoo,hanu1241,Hamlets,Small settlements,Small settlements
Paiwan,paiw1248,Villages/towns,Large settlements,Large settlements
Tagbanua,tagb1258,Villages/towns,Large settlements,Large settlements
Bontok,cent2292,Villages/towns,Large settlements,Large settlements
Ami,amis1246,Villages/towns,Large settlements,Large settlements
Iban,iban1264,Villages/towns,Large settlements,Large settlements
Javanese,java1254,Complex permanent,Large settlements,Large settlements
Balinese,bali1278,Villages/towns,Large settlements,Large settlements
Toba Batak,bata1289,Villages/towns,Large settlements,Large settlements
Kadazan-Dusun,cent2100,Villages/towns,Large settlements,Large settlements
Minangkabau,mina1268,Villages/towns,Large settlements,Large settlements
Mentaweians,ment1249,Villages/towns,Large settlements,Large settlements
Anak Dalam,kubu1239,Nomadic,Nomadic/Impermanent,Nomadic/Impermanent
Punan,puna1275,NA,NA,NA
Macassarese,maka1311,Dispersed homesteads,Small settlements,Small settlements
Tobelorese,tobe1252,Villages/towns,Large settlements,Large settlements
Ambonese,ambo1250,Villages/towns,Large settlements,Large settlements
Sumbawanese,sumb1241,Semisedentary,Nomadic/Impermanent,Nomadic/Impermanent
Kodi,kodi1247,NA,NA,NA
Alorese,abui1241,Complex permanent,Large settlements,Large settlements
Belu,tetu1245,Hamlets,Small settlements,Small settlements
Rotinese,term1237,NA,NA,NA
Toradja,pamo1252,Villages/towns,Large settlements,Large settlements
Tanimbarese,sela1259,Villages/towns,Large settlements,Large settlements
Ili-Mandiri,lama1277,Villages/towns,Large settlements,Large settlements
Kei,keii1239,Villages/towns,Large settlements,Large settlements
Sumbanese,kamb1299,Complex permanent,Large settlements,Large settlements
Northern Aranda,east2379,Nomadic,Nomadic/Impermanent,Nomadic/Impermanent
Walbiri,warl1254,Nomadic,Nomadic/Impermanent,Nomadic/Impermanent
Gidjingali,gunn1248,Nomadic,Nomadic/Impermanent,Nomadic/Impermanent
Yir Yoront,jirj1239,Nomadic,Nomadic/Impermanent,Nomadic/Impermanent
Anindilyagwa,anin1240,Nomadic,Nomadic/Impermanent,Nomadic/Impermanent
"Yolngu, Dhuwal",dhuw1249,Nomadic,Nomadic/Impermanent,Nomadic/Impermanent
Tiwi,tiwi1244,Nomadic,Nomadic/Impermanent,Nomadic/Impermanent
Diyari,dier1241,Nomadic,Nomadic/Impermanent,Nomadic/Impermanent
Kariyarra,kari1304,Nomadic,Nomadic/Impermanent,Nomadic/Impermanent
Wikmunkan,wikm1247,Nomadic,Nomadic/Impermanent,Nomadic/Impermanent
Murriny Patha,murr1258,Nomadic,Nomadic/Impermanent,Nomadic/Impermanent
Tasmanians (northwestern),port1278,Nomadic,Nomadic/Impermanent,Nomadic/Impermanent
Ngiyambaa,wang1291,Nomadic,Nomadic/Impermanent,Nomadic/Impermanent
Mee,ekar1243,Villages/towns,Large settlements,Large settlements
Motu,motu1246,Villages/towns,Large settlements,Large settlements
Kakoli,umbu1258,Dispersed homesteads,Small settlements,Small settlements
Kwoma,kwom1262,Hamlets,Small settlements,Small settlements
Kiwai,sout2949,Villages/towns,Large settlements,Large settlements
Miriam,meri1244,Villages/towns,Large settlements,Large settlements
Abelam,ambu1247,Villages/towns,Large settlements,Large settlements
Kutubu,foii1241,Villages/towns,Large settlements,Large settlements
Siane,sian1257,Impermanent,Nomadic/Impermanent,Nomadic/Impermanent
Kimam,kima1246,Dispersed homesteads,Small settlements,Small settlements
Marind-Amin,nucl1622,Hamlets,Small settlements,Small settlements
Wantoat,want1252,Villages/towns,Large settlements,Large settlements
Koita,koit1244,Villages/towns,Large settlements,Large settlements
Mailu,mail1248,Villages/towns,Large settlements,Large settlements
Mekeo,meke1243,Villages/towns,Large settlements,Large settlements
Muju,sout2940,Dispersed homesteads,Small settlements,Small settlements
Koiari,gras1249,Villages/towns,Large settlements,Large settlements
Mafulu,fuyu1242,Hamlets,Small settlements,Small settlements
Ngarawapum,adze1240,Villages/towns,Large settlements,Large settlements
Banaro,bana1292,Hamlets,Small settlements,Small settlements
Busama,buga1250,Villages/towns,Large settlements,Large settlements
Manam,mana1295,Hamlets,Small settlements,Small settlements
Arapesh,buki1249,Hamlets,Small settlements,Small settlements
Mimika,kamo1255,Semisedentary,Nomadic/Impermanent,Nomadic/Impermanent
Fore,fore1270,Hamlets,Small settlements,Small settlements
Sio,sioo1240,Villages/towns,Large settlements,Large settlements
Soromadja,nucl1595,Semisedentary,Nomadic/Impermanent,Nomadic/Impermanent
Bgu,bong1287,NA,NA,NA
Iatmul,iatm1242,Villages/towns,Large settlements,Large settlements
Samarokena,sama1240,NA,NA,NA
Star Mountain,ngal1298,NA,NA,NA
Dani,midg1235,Hamlets,Small settlements,Small settlements
Elema,orok1267,Villages/towns,Large settlements,Large settlements
Wogeo,woge1237,Villages/towns,Large settlements,Large settlements
Keraki,namb1293,Semisedentary,Nomadic/Impermanent,Nomadic/Impermanent
Waropen,waro1242,Villages/towns,Large settlements,Large settlements
Enga,enga1252,Dispersed homesteads,Small settlements,Small settlements
Purari,pura1257,Villages/towns,Large settlements,Large settlements
Orokaiva,orok1269,Villages/towns,Large settlements,Large settlements
Palauans,pala1344,Villages/towns,Large settlements,Large settlements
Nomoians,mort1237,NA,NA,NA
Kosraeans,kosr1238,Dispersed homesteads,Small settlements,Small settlements
Bikinians,rali1241,Villages/towns,Large settlements,Large settlements
Nauruans,naur1243,Dispersed homesteads,Small settlements,Small settlements
Makin,bana1287,Complex permanent,Large settlements,Large settlements
Carolinians,caro1242,Hamlets,Small settlements,Small settlements
Lamotrek,lamo1243,Dispersed homesteads,Small settlements,Small settlements
Marshallese - Jaluit atoll,rali1241,Dispersed homesteads,Small settlements,Small settlements
Trukese,chuu1238,Hamlets,Small settlements,Small settlements
Majuro,rata1243,Hamlets,Small settlements,Small settlements
Ifaluk,nucl1479,Villages/towns,Large settlements,Large settlements
Ponapeans,pohn1238,Dispersed homesteads,Small settlements,Small settlements
Yapese,yape1248,Dispersed homesteads,Small settlements,Small settlements
Gilbert Onotoa,nuii1237,Villages/towns,Large settlements,Large settlements
Chamorro,cham1312,Villages/towns,Large settlements,Large settlements
Ulithians,ulit1238,Villages/towns,Large settlements,Large settlements
Siuai,siwa1245,Hamlets,Small settlements,Small settlements
Usiai,lele1270,Villages/towns,Large settlements,Large settlements
Rossel Islanders,yele1255,Villages/towns,Large settlements,Large settlements
Choiseulese,vagh1249,Hamlets,Small settlements,Small settlements
Aua,wuvu1239,Villages/towns,Large settlements,Large settlements
Dahuni,suau1242,Hamlets,Small settlements,Small settlements
Bakovi,bola1250,NA,NA,NA
Bwaidoga,bwai1242,NA,NA,NA
Kombe,mudu1242,NA,NA,NA
Kwaio,kwai1243,NA,NA,NA
Molima,moli1248,NA,NA,NA
Trobriands,kili1267,Villages/towns,Large settlements,Large settlements
Kaoka,long1395,Hamlets,Small settlements,Small settlements
Tangu,tang1348,Dispersed homesteads,Small settlements,Small settlements
Kurtatchi,tinp1237,Hamlets,Small settlements,Small settlements
Lesu,nots1237,Hamlets,Small settlements,Small settlements
Dobuans,dobu1241,Villages/towns,Large settlements,Large settlements
Ulawans,saaa1240,Hamlets,Small settlements,Small settlements
Lakalai,naka1262,Hamlets,Small settlements,Small settlements
Simboese,simb1256,NA,NA,NA
Manus,tita1241,Villages/towns,Large settlements,Large settlements
Mota,mota1237,Villages/towns,Large settlements,Large settlements
Tannese,sout2869,Villages/towns,Large settlements,Large settlements
Epi,lame1260,NA,NA,NA
Eromangans,siee1239,NA,NA,NA
Ranon,nort2839,NA,NA,NA
Mbau Fijians,bauu1243,Villages/towns,Large settlements,Large settlements
Seniang,sout2857,Villages/towns,Large settlements,Large settlements
Bunlap,saaa1241,Villages/towns,Large settlements,Large settlements
Lau,laua1243,Villages/towns,Large settlements,Large settlements
Ajie,ajie1238,Villages/towns,Large settlements,Large settlements
Rotumans,rotu1241,Villages/towns,Large settlements,Large settlements
Lifu,dehu1237,Villages/towns,Large settlements,Large settlements
Vanua Levu,nort2843,Villages/towns,Large settlements,Large settlements
Santa Cruz Islanders,natu1246,Villages/towns,Large settlements,Large settlements
American Samoans,samo1305,Villages/towns,Large settlements,Large settlements
Rennell Islanders,renn1242,Hamlets,Small settlements,Small settlements
Tongans,tong1325,Villages/towns,Large settlements,Large settlements
Uveans,wall1257,Villages/towns,Large settlements,Large settlements
Upolu Samoans,samo1305,Villages/towns,Large settlements,Large settlements
Tikopia,tiko1237,Hamlets,Small settlements,Small settlements
Pukapukans,puka1242,Villages/towns,Large settlements,Large settlements
Ellice,tuva1244,Villages/towns,Large settlements,Large settlements
Ontong Java,onto1237,Semisedentary,Nomadic/Impermanent,Nomadic/Impermanent
Tokelau,toke1240,Villages/towns,Large settlements,Large settlements
Kapingamarangi,kapi1249,Villages/towns,Large settlements,Large settlements
Futunans,east2447,Villages/towns,Large settlements,Large settlements
Niueans,niue1239,Villages/towns,Large settlements,Large settlements
Mangaians,raro1241,Dispersed homesteads,Small settlements,Small settlements
Tongarevans,penr1237,Dispersed homesteads,Small settlements,Small settlements
Māori,maor1246,Villages/towns,Large settlements,Large settlements
Marquesans,nort2845,Dispersed homesteads,Small settlements,Small settlements
Manihikians,raka1237,Villages/towns,Large settlements,Large settlements
Raroians,tuam1242,Dispersed homesteads,Small settlements,Small settlements
Hawaiians,hawa1245,Villages/towns,Large settlements,Large settlements
Mangarevans,mang1401,Villages/towns,Large settlements,Large settlements
Tahitians,tahi1242,Villages/towns,Large settlements,Large settlements
Easter Islanders,rapa1244,Villages/towns,Large settlements,Large settlements
Nabesna,uppe1437,Seminomadic,Nomadic/Impermanent,Nomadic/Impermanent
Chugach,chug1254,Villages/towns,Large settlements,Large settlements
Sivokakmeit,cent2128,Villages/towns,Large settlements,Large settlements
Nunamiut,nort2944,Seminomadic,Nomadic/Impermanent,Nomadic/Impermanent
Nunatsiarmiut,baff1240,Seminomadic,Nomadic/Impermanent,Nomadic/Impermanent
Inughuit (Northern Greenland),pola1254,Seminomadic,Nomadic/Impermanent,Nomadic/Impermanent
Tlicho,dogr1252,Seminomadic,Nomadic/Impermanent,Nomadic/Impermanent
Délįne,nort2942,Nomadic,Nomadic/Impermanent,Nomadic/Impermanent
DeneTha,sout2959,Seminomadic,Nomadic/Impermanent,Nomadic/Impermanent
Dakelh,carr1249,Semisedentary,Nomadic/Impermanent,Nomadic/Impermanent
Tareumiut,nort2944,Semisedentary,Nomadic/Impermanent,Nomadic/Impermanent
Kutchin,gwic1235,Seminomadic,Nomadic/Impermanent,Nomadic/Impermanent
Caribou Inuit,cari1277,Seminomadic,Nomadic/Impermanent,Nomadic/Impermanent
Iglulik Inuit,west2618,Seminomadic,Nomadic/Impermanent,Nomadic/Impermanent
Labrador Inuit,labr1244,Seminomadic,Nomadic/Impermanent,Nomadic/Impermanent
Tasiilaq,tunu1234,Semisedentary,Nomadic/Impermanent,Nomadic/Impermanent
Kalaallit (West Greenland),kala1399,Semisedentary,Nomadic/Impermanent,Nomadic/Impermanent
Dena'ina,tana1289,Villages/towns,Large settlements,Large settlements
Tahltan,tahl1239,Semisedentary,Nomadic/Impermanent,Nomadic/Impermanent
Sekani,seka1250,Seminomadic,Nomadic/Impermanent,Nomadic/Impermanent
Beaver,beav1236,Seminomadic,Nomadic/Impermanent,Nomadic/Impermanent
Copper Inuit,copp1244,Seminomadic,Nomadic/Impermanent,Nomadic/Impermanent
Dene,chip1261,Seminomadic,Nomadic/Impermanent,Nomadic/Impermanent
Eastern Cree,sout2978,Seminomadic,Nomadic/Impermanent,Nomadic/Impermanent
Montagnais,mont1268,Seminomadic,Nomadic/Impermanent,Nomadic/Impermanent
Northern Saulteaux,alba1270,Seminomadic,Nomadic/Impermanent,Nomadic/Impermanent
Pekangekum,lacs1238,Semisedentary,Nomadic/Impermanent,Nomadic/Impermanent
Nipigon,cent2136,Seminomadic,Nomadic/Impermanent,Nomadic/Impermanent
Minnesota Ojibwa,redl1238,Seminomadic,Nomadic/Impermanent,Nomadic/Impermanent
Rainy River Ojibwe,rain1239,Seminomadic,Nomadic/Impermanent,Nomadic/Impermanent
Katikitegon,uppe1274,Semisedentary,Nomadic/Impermanent,Nomadic/Impermanent
Eastern Ojibwa,east2542,Seminomadic,Nomadic/Impermanent,Nomadic/Impermanent
Kaska,kask1239,Seminomadic,Nomadic/Impermanent,Nomadic/Impermanent
Ottawa,otta1242,Semisedentary,Nomadic/Impermanent,Nomadic/Impermanent
Mi'kmaq,mikm1235,Seminomadic,Nomadic/Impermanent,Nomadic/Impermanent
Potawatomi,pota1247,Semisedentary,Nomadic/Impermanent,Nomadic/Impermanent
Netsilik,nets1241,Seminomadic,Nomadic/Impermanent,Nomadic/Impermanent
Nunavimmiut,queb1248,Seminomadic,Nomadic/Impermanent,Nomadic/Impermanent
Mistissini Cree,sout2978,Seminomadic,Nomadic/Impermanent,Nomadic/Impermanent
Naskapi,nask1242,Seminomadic,Nomadic/Impermanent,Nomadic/Impermanent
Nunivak,kusk1241,Semisedentary,Nomadic/Impermanent,Nomadic/Impermanent
Attawapiskat Cree,swam1239,Seminomadic,Nomadic/Impermanent,Nomadic/Impermanent
Deg Xit'an,dege1248,Seminomadic,Nomadic/Impermanent,Nomadic/Impermanent
Aleut,east2533,Villages/towns,Large settlements,Large settlements
Haida,nort2938,Villages/towns,Large settlements,Large settlements
Alkatcho,sout2958,Semisedentary,Nomadic/Impermanent,Nomadic/Impermanent
Nuu chah nulth,nuuc1236,Semisedentary,Nomadic/Impermanent,Nomadic/Impermanent
Klahoose,slia1241,Semisedentary,Nomadic/Impermanent,Nomadic/Impermanent
Squamish,squa1248,Semisedentary,Nomadic/Impermanent,Nomadic/Impermanent
Comox,isla1276,Semisedentary,Nomadic/Impermanent,Nomadic/Impermanent
Lummi,lumm1243,Seminomadic,Nomadic/Impermanent,Nomadic/Impermanent
Klallam,clal1241,Seminomadic,Nomadic/Impermanent,Nomadic/Impermanent
Puyallup,sout2965,Semisedentary,Nomadic/Impermanent,Nomadic/Impermanent
Quileute,quil1240,Villages/towns,Large settlements,Large settlements
Lower Chinook,chin1286,Villages/towns,Large settlements,Large settlements
Twana,twan1247,Semisedentary,Nomadic/Impermanent,Nomadic/Impermanent
Tillamook,till1254,Villages/towns,Large settlements,Large settlements
Coos,coos1249,Villages/towns,Large settlements,Large settlements
Tlingit,tlin1245,Semisedentary,Nomadic/Impermanent,Nomadic/Impermanent
Heiltsuk,bell1263,Semisedentary,Nomadic/Impermanent,Nomadic/Impermanent
Makah,maka1318,Semisedentary,Nomadic/Impermanent,Nomadic/Impermanent
Quinault,quin1251,Seminomadic,Nomadic/Impermanent,Nomadic/Impermanent
Cowichan,cowi1241,Semisedentary,Nomadic/Impermanent,Nomadic/Impermanent
Stó:lō,chil1281,Semisedentary,Nomadic/Impermanent,Nomadic/Impermanent
Alsea,alse1251,Villages/towns,Large settlements,Large settlements
Siuslaw,sius1254,Villages/towns,Large settlements,Large settlements
Kwakwaka'wakw,kwak1269,Villages/towns,Large settlements,Large settlements
Takelma,take1257,Seminomadic,Nomadic/Impermanent,Nomadic/Impermanent
Tututni,tutu1242,Semisedentary,Nomadic/Impermanent,Nomadic/Impermanent
Shasta,shas1239,Semisedentary,Nomadic/Impermanent,Nomadic/Impermanent
Chimariko,chim1301,Villages/towns,Large settlements,Large settlements
Karuk,karo1304,Villages/towns,Large settlements,Large settlements
Hupa,hupa1239,Villages/towns,Large settlements,Large settlements
Wiyot,wiyo1248,Villages/towns,Large settlements,Large settlements
Lassik,wail1244,Seminomadic,Nomadic/Impermanent,Nomadic/Impermanent
Mattole-Bear River,matt1238,Villages/towns,Large settlements,Large settlements
Sinkyone,wail1244,Villages/towns,Large settlements,Large settlements
Yurok,yuro1248,Villages/towns,Large settlements,Large settlements
Eyak,eyak1241,Villages/towns,Large settlements,Large settlements
Tolowa,tolo1259,Semisedentary,Nomadic/Impermanent,Nomadic/Impermanent
Tsimshian,nucl1649,Semisedentary,Nomadic/Impermanent,Nomadic/Impermanent
Haisla,hais1244,Semisedentary,Nomadic/Impermanent,Nomadic/Impermanent
Nuxalk,bell1243,Villages/towns,Large settlements,Large settlements
Nomlaki,noml1242,Villages/towns,Large settlements,Large settlements
Achumawi,achu1247,Seminomadic,Nomadic/Impermanent,Nomadic/Impermanent
Yana,yana1271,Seminomadic,Nomadic/Impermanent,Nomadic/Impermanent
Maidu,nort2952,Semisedentary,Nomadic/Impermanent,Nomadic/Impermanent
Nisenan,nise1244,Semisedentary,Nomadic/Impermanent,Nomadic/Impermanent
Wintu,nucl1651,Seminomadic,Nomadic/Impermanent,Nomadic/Impermanent
Coast Yuki,yuki1243,Seminomadic,Nomadic/Impermanent,Nomadic/Impermanent
Huchnom,yuki1243,Seminomadic,Nomadic/Impermanent,Nomadic/Impermanent
Northern Pomo,nort2966,Seminomadic,Nomadic/Impermanent,Nomadic/Impermanent
Eastern Pomo,east2545,Semisedentary,Nomadic/Impermanent,Nomadic/Impermanent
Southern Pomo,sout2984,Seminomadic,Nomadic/Impermanent,Nomadic/Impermanent
Tübalulabal,tuba1278,Seminomadic,Nomadic/Impermanent,Nomadic/Impermanent
Wappo,wapp1239,Seminomadic,Nomadic/Impermanent,Nomadic/Impermanent
Lake Miwok,lake1258,Seminomadic,Nomadic/Impermanent,Nomadic/Impermanent
Patwin,patw1250,Seminomadic,Nomadic/Impermanent,Nomadic/Impermanent
Western Mono,mono1275,Seminomadic,Nomadic/Impermanent,Nomadic/Impermanent
Southern Valley Yokuts,vall1251,Seminomadic,Nomadic/Impermanent,Nomadic/Impermanent
Wukchumni,tule1245,Seminomadic,Nomadic/Impermanent,Nomadic/Impermanent
Salinan,sali1253,Semisedentary,Nomadic/Impermanent,Nomadic/Impermanent
Kawaiisu,kawa1283,Seminomadic,Nomadic/Impermanent,Nomadic/Impermanent
Chumash,cruz1243,Semisedentary,Nomadic/Impermanent,Nomadic/Impermanent
Tongva,tong1329,Semisedentary,Nomadic/Impermanent,Nomadic/Impermanent
Northern Foothill Yokuts,nort2937,Seminomadic,Nomadic/Impermanent,Nomadic/Impermanent
Serrano,serr1255,Seminomadic,Nomadic/Impermanent,Nomadic/Impermanent
Cahuilla (Desert),cahu1264,Seminomadic,Nomadic/Impermanent,Nomadic/Impermanent
Cupeño,cupe1243,Seminomadic,Nomadic/Impermanent,Nomadic/Impermanent
Luiseño,luis1253,Seminomadic,Nomadic/Impermanent,Nomadic/Impermanent
Kiliwa,kili1268,Seminomadic,Nomadic/Impermanent,Nomadic/Impermanent
Atsugewi,atsu1245,Seminomadic,Nomadic/Impermanent,Nomadic/Impermanent
Central Sierra Miwok,cent2140,Semisedentary,Nomadic/Impermanent,Nomadic/Impermanent
Kumeyaay,kumi1248,Seminomadic,Nomadic/Impermanent,Nomadic/Impermanent
Yuki,yuki1243,Semisedentary,Nomadic/Impermanent,Nomadic/Impermanent
Klamath,klam1254,Seminomadic,Nomadic/Impermanent,Nomadic/Impermanent
Modoc,klam1254,Seminomadic,Nomadic/Impermanent,Nomadic/Impermanent
Tenino,teni1238,Semisedentary,Nomadic/Impermanent,Nomadic/Impermanent
Nlaka'pamux,thom1243,Seminomadic,Nomadic/Impermanent,Nomadic/Impermanent
Shuswap,shus1248,Seminomadic,Nomadic/Impermanent,Nomadic/Impermanent
Bitterroot Salish,kali1309,Seminomadic,Nomadic/Impermanent,Nomadic/Impermanent
Kalispel,kali1309,Seminomadic,Nomadic/Impermanent,Nomadic/Impermanent
Coeur d’Alene,coeu1236,Seminomadic,Nomadic/Impermanent,Nomadic/Impermanent
Sinkaitk,sout2963,Seminomadic,Nomadic/Impermanent,Nomadic/Impermanent
Wenatchi,wena1241,Seminomadic,Nomadic/Impermanent,Nomadic/Impermanent
Klikitat,nucl1237,Seminomadic,Nomadic/Impermanent,Nomadic/Impermanent
Wishram,wasc1239,Semisedentary,Nomadic/Impermanent,Nomadic/Impermanent
Umatilla,umat1237,Seminomadic,Nomadic/Impermanent,Nomadic/Impermanent
Southern Ute,utee1244,Seminomadic,Nomadic/Impermanent,Nomadic/Impermanent
Nez Perce,nezp1238,Seminomadic,Nomadic/Impermanent,Nomadic/Impermanent
Tagotoka,nort1551,Seminomadic,Nomadic/Impermanent,Nomadic/Impermanent
Wadadokado,nort1551,Seminomadic,Nomadic/Impermanent,Nomadic/Impermanent
Atsakudokwa,nort1551,Seminomadic,Nomadic/Impermanent,Nomadic/Impermanent
Kidutokado,nort1551,Seminomadic,Nomadic/Impermanent,Nomadic/Impermanent
Sawakudokwa,nort1551,Seminomadic,Nomadic/Impermanent,Nomadic/Impermanent
Wadatkuht,sout2967,Seminomadic,Nomadic/Impermanent,Nomadic/Impermanent
Kuyuidokado,sout2967,Seminomadic,Nomadic/Impermanent,Nomadic/Impermanent
Toedokado,sout2967,Seminomadic,Nomadic/Impermanent,Nomadic/Impermanent
Tunava (Deep Springs and Fish Lake),mono1275,Seminomadic,Nomadic/Impermanent,Nomadic/Impermanent
Havasupai,hava1249,Semisedentary,Nomadic/Impermanent,Nomadic/Impermanent
Eastern Mono,mono1275,Seminomadic,Nomadic/Impermanent,Nomadic/Impermanent
Koso,pana1305,Seminomadic,Nomadic/Impermanent,Nomadic/Impermanent
Tümpisa Shoshone (Saline and Panamint),pana1305,Seminomadic,Nomadic/Impermanent,Nomadic/Impermanent
Beatty,pana1305,Seminomadic,Nomadic/Impermanent,Nomadic/Impermanent
Lida Shoshoni,west2622,Seminomadic,Nomadic/Impermanent,Nomadic/Impermanent
Mahaguaduka,west2622,Seminomadic,Nomadic/Impermanent,Nomadic/Impermanent
Wiyambituka,west2622,Seminomadic,Nomadic/Impermanent,Nomadic/Impermanent
Railroad Valley Shoshoni,west2622,Seminomadic,Nomadic/Impermanent,Nomadic/Impermanent
Ely Shoshoni,west2622,Seminomadic,Nomadic/Impermanent,Nomadic/Impermanent
Spring Valley Shoshoni,west2622,Seminomadic,Nomadic/Impermanent,Nomadic/Impermanent
Sanpoil,sanp1257,Seminomadic,Nomadic/Impermanent,Nomadic/Impermanent
Tubaduka,west2622,Seminomadic,Nomadic/Impermanent,Nomadic/Impermanent
Wadaduka,west2622,Seminomadic,Nomadic/Impermanent,Nomadic/Impermanent
Elko Shoshoni,west2622,Seminomadic,Nomadic/Impermanent,Nomadic/Impermanent
White Knife Shoshoni,west2622,Seminomadic,Nomadic/Impermanent,Nomadic/Impermanent
Yahanduka,west2622,Seminomadic,Nomadic/Impermanent,Nomadic/Impermanent
Bohogue,nort2955,Seminomadic,Nomadic/Impermanent,Nomadic/Impermanent
Agaiduka,nort2955,Seminomadic,Nomadic/Impermanent,Nomadic/Impermanent
Tukudika,nort2955,Seminomadic,Nomadic/Impermanent,Nomadic/Impermanent
Gosiute,gosi1242,Seminomadic,Nomadic/Impermanent,Nomadic/Impermanent
Antarianunts,utee1244,Seminomadic,Nomadic/Impermanent,Nomadic/Impermanent
Hukundika,nort2955,Seminomadic,Nomadic/Impermanent,Nomadic/Impermanent
Panguitch,utee1244,Seminomadic,Nomadic/Impermanent,Nomadic/Impermanent
Moapa,sout2969,Seminomadic,Nomadic/Impermanent,Nomadic/Impermanent
Shivwits,sout2969,Seminomadic,Nomadic/Impermanent,Nomadic/Impermanent
Southern Paiute (Kaibab),sout2969,Seminomadic,Nomadic/Impermanent,Nomadic/Impermanent
Chemehuevi,chem1251,Seminomadic,Nomadic/Impermanent,Nomadic/Impermanent
Southern Paiute (Las Vegas),sout2969,Seminomadic,Nomadic/Impermanent,Nomadic/Impermanent
San Juan,sout2969,Seminomadic,Nomadic/Impermanent,Nomadic/Impermanent
Pahvant,utee1244,Seminomadic,Nomadic/Impermanent,Nomadic/Impermanent
Uintah Ute,utee1244,Seminomadic,Nomadic/Impermanent,Nomadic/Impermanent
Moanunts,utee1244,Seminomadic,Nomadic/Impermanent,Nomadic/Impermanent
Washo,wash1253,Seminomadic,Nomadic/Impermanent,Nomadic/Impermanent
Moache,utee1244,Seminomadic,Nomadic/Impermanent,Nomadic/Impermanent
Taviwatsiu,utee1244,Seminomadic,Nomadic/Impermanent,Nomadic/Impermanent
Uncompahgre Ute,utee1244,Nomadic,Nomadic/Impermanent,Nomadic/Impermanent
Bannock,bann1248,Seminomadic,Nomadic/Impermanent,Nomadic/Impermanent
Wind River Eastern Shoshone,nort2955,Seminomadic,Nomadic/Impermanent,Nomadic/Impermanent
Hualapai,wala1270,Seminomadic,Nomadic/Impermanent,Nomadic/Impermanent
Yavapai,yava1252,Seminomadic,Nomadic/Impermanent,Nomadic/Impermanent
Tolkepaya,yava1252,Seminomadic,Nomadic/Impermanent,Nomadic/Impermanent
Kutenai,kute1249,Seminomadic,Nomadic/Impermanent,Nomadic/Impermanent
Chilcotin,chil1280,Seminomadic,Nomadic/Impermanent,Nomadic/Impermanent
Lillooet,lill1248,Seminomadic,Nomadic/Impermanent,Nomadic/Impermanent
Gros Ventre,gros1243,Nomadic,Nomadic/Impermanent,Nomadic/Impermanent
Arikara,arik1262,Villages/towns,Large settlements,Large settlements
Assiniboine,assi1247,Nomadic,Nomadic/Impermanent,Nomadic/Impermanent
Blackfoot,pieg1239,Nomadic,Nomadic/Impermanent,Nomadic/Impermanent
Kainai,bloo1239,Nomadic,Nomadic/Impermanent,Nomadic/Impermanent
Bungi,west1510,Nomadic,Nomadic/Impermanent,Nomadic/Impermanent
Hidatsa,hida1246,Semisedentary,Nomadic/Impermanent,Nomadic/Impermanent
Karankawa,kara1289,Nomadic,Nomadic/Impermanent,Nomadic/Impermanent
Kiowa,kiow1266,Seminomadic,Nomadic/Impermanent,Nomadic/Impermanent
Piegan,pieg1239,Nomadic,Nomadic/Impermanent,Nomadic/Impermanent
Plains Cree,plai1258,Nomadic,Nomadic/Impermanent,Nomadic/Impermanent
Kiowa Apache,kiow1264,Nomadic,Nomadic/Impermanent,Nomadic/Impermanent
Santee,dako1258,Seminomadic,Nomadic/Impermanent,Nomadic/Impermanent
Coahuilteco,coah1252,NA,NA,NA
Comanche,coma1245,Nomadic,Nomadic/Impermanent,Nomadic/Impermanent
Crow,crow1244,Seminomadic,Nomadic/Impermanent,Nomadic/Impermanent
Cheyenne,chey1247,Nomadic,Nomadic/Impermanent,Nomadic/Impermanent
Mandan,mand1446,Semisedentary,Nomadic/Impermanent,Nomadic/Impermanent
Sarcee,sars1236,Nomadic,Nomadic/Impermanent,Nomadic/Impermanent
Teton,lako1247,Seminomadic,Nomadic/Impermanent,Nomadic/Impermanent
Arapaho,arap1274,Seminomadic,Nomadic/Impermanent,Nomadic/Impermanent
Iowa,iowa1246,Semisedentary,Nomadic/Impermanent,Nomadic/Impermanent
Otoe,otoo1241,Semisedentary,Nomadic/Impermanent,Nomadic/Impermanent
Ponca,ponc1241,Semisedentary,Nomadic/Impermanent,Nomadic/Impermanent
Shawnee,shaw1249,Semisedentary,Nomadic/Impermanent,Nomadic/Impermanent
Caddo,cadd1256,Villages/towns,Large settlements,Large settlements
Kickapoo,kick1244,NA,NA,NA
Ho Chunk,hoch1243,Semisedentary,Nomadic/Impermanent,Nomadic/Impermanent
Omaha,omah1248,Semisedentary,Nomadic/Impermanent,Nomadic/Impermanent
Myaamia,miam1252,Semisedentary,Nomadic/Impermanent,Nomadic/Impermanent
Wichita,wich1260,Semisedentary,Nomadic/Impermanent,Nomadic/Impermanent
Pawnee,pawn1254,Semisedentary,Nomadic/Impermanent,Nomadic/Impermanent
Fox,mesk1242,Seminomadic,Nomadic/Impermanent,Nomadic/Impermanent
Hasinai,cadd1256,Hamlets,Small settlements,Small settlements
Menominee,meno1252,Semisedentary,Nomadic/Impermanent,Nomadic/Impermanent
Huron,wyan1247,Semisedentary,Nomadic/Impermanent,Nomadic/Impermanent
Seneca,sene1264,Villages/towns,Large settlements,Large settlements
Yuchi,yuch1247,Villages/towns,Large settlements,Large settlements
Choctaw,choc1276,Dispersed homesteads,Small settlements,Small settlements
Abenaki,peno1243,NA,NA,NA
Chickasaw,chic1270,NA,NA,NA
Chitimacha,chit1248,NA,NA,NA
Seminole,mika1239,NA,NA,NA
Muscogee,cree1270,Villages/towns,Large settlements,Large settlements
Penobscot,peno1243,NA,NA,NA
Cherokee,cher1273,Villages/towns,Large settlements,Large settlements
Delaware,unam1242,Semisedentary,Nomadic/Impermanent,Nomadic/Impermanent
Natchez,natc1249,Villages/towns,Large settlements,Large settlements
Timucua,timu1245,Semisedentary,Nomadic/Impermanent,Nomadic/Impermanent
Catawba,cata1286,Dispersed homesteads,Small settlements,Small settlements
Chiricahua,mesc1238,Nomadic,Nomadic/Impermanent,Nomadic/Impermanent
Isleta,sout2961,Villages/towns,Large settlements,Large settlements
San Ildefonso,sani1273,Villages/towns,Large settlements,Large settlements
Santa Ana,sant1426,Villages/towns,Large settlements,Large settlements
Acoma,acom1246,Villages/towns,Large settlements,Large settlements
Laguna,acom1246,Complex permanent,Large settlements,Large settlements
Mescalero,mesc1238,Seminomadic,Nomadic/Impermanent,Nomadic/Impermanent
Jicarilla,jica1244,Seminomadic,Nomadic/Impermanent,Nomadic/Impermanent
Western Apache,west2615,Semisedentary,Nomadic/Impermanent,Nomadic/Impermanent
Hopi,hopi1249,Villages/towns,Large settlements,Large settlements
Cocopa,coco1261,Dispersed homesteads,Small settlements,Small settlements
Hano,ariz1237,Villages/towns,Large settlements,Large settlements
Kamia,kumi1248,Dispersed homesteads,Small settlements,Small settlements
Mojave,moha1256,Dispersed homesteads,Small settlements,Small settlements
Quechan,quec1382,Villages/towns,Large settlements,Large settlements
Kewyipaya,yava1252,Seminomadic,Nomadic/Impermanent,Nomadic/Impermanent
Lipan Apache,lipa1241,Seminomadic,Nomadic/Impermanent,Nomadic/Impermanent
Sia,ziaa1251,Villages/towns,Large settlements,Large settlements
Santa Clara,sant1421,NA,NA,NA
Kewa,sant1425,NA,NA,NA
Navajo,nava1243,Semisedentary,Nomadic/Impermanent,Nomadic/Impermanent
Zuni,zuni1245,Villages/towns,Large settlements,Large settlements
Maricopa,mari1440,Villages/towns,Large settlements,Large settlements
Taos,taos1236,Villages/towns,Large settlements,Large settlements
Cochiti,coch1273,Villages/towns,Large settlements,Large settlements
Jemez,jeme1245,Villages/towns,Large settlements,Large settlements
Picuris,picu1248,Villages/towns,Large settlements,Large settlements
Tarahumara,cent2131,Dispersed homesteads,Small settlements,Small settlements
Tohono O'odham,toho1246,Semisedentary,Nomadic/Impermanent,Nomadic/Impermanent
Huichol,huic1243,Hamlets,Small settlements,Small settlements
Seri,seri1257,Seminomadic,Nomadic/Impermanent,Nomadic/Impermanent
Chichimeca,chic1272,Nomadic,Nomadic/Impermanent,Nomadic/Impermanent
Pima,akim1239,Villages/towns,Large settlements,Large settlements
Yaqui,yaqu1251,Villages/towns,Large settlements,Large settlements
Opata,opat1246,NA,NA,NA
Tepehuán,nort2959,NA,NA,NA
Chinantec,ojit1237,Villages/towns,Large settlements,Large settlements
Zapotec,yala1267,Villages/towns,Large settlements,Large settlements
Huastec,huas1242,NA,NA,NA
Mixtec,juxt1235,NA,NA,NA
Otomí,mezq1235,NA,NA,NA
Tequistlatec,high1242,NA,NA,NA
Aztec,clas1250,Villages/towns,Large settlements,Large settlements
Sierra Popoluca,high1276,Villages/towns,Large settlements,Large settlements
Totonac,papa1238,Villages/towns,Large settlements,Large settlements
Mazateco,huau1238,NA,NA,NA
Huave,sanm1287,NA,NA,NA
Mixe,isth1238,Villages/towns,Large settlements,Large settlements
Tarasco,pure1242,Villages/towns,Large settlements,Large settlements
Tlaxcalans,cent2132,Complex permanent,Large settlements,Large settlements
Guna,sanb1242,Villages/towns,Large settlements,Large settlements
Lacandon,laca1243,Dispersed homesteads,Small settlements,Small settlements
Kaqchikel,kaqc1270,NA,NA,NA
Lenca,lenc1242,Villages/towns,Large settlements,Large settlements
K'iche',kich1262,Villages/towns,Large settlements,Large settlements
Ngäbe,ngab1239,NA,NA,NA
Jakaltek,popt1235,NA,NA,NA
Tolupan,toll1241,NA,NA,NA
Poqomam,poqo1253,NA,NA,NA
Tzeltal,tzel1254,NA,NA,NA
Ch'orti',chor1273,Complex permanent,Large settlements,Large settlements
Emberá,nort2972,Dispersed homesteads,Small settlements,Small settlements
Bribri,brib1243,Dispersed homesteads,Small settlements,Small settlements
Yucatec Maya,yuca1254,Complex permanent,Large settlements,Large settlements
Garifuna,gari1256,Villages/towns,Large settlements,Large settlements
Mam,mamm1241,Villages/towns,Large settlements,Large settlements
Miskito,misk1235,Villages/towns,Large settlements,Large settlements
Callinago,isla1278,Hamlets,Small settlements,Small settlements
Cágaba,cogu1240,Semisedentary,Nomadic/Impermanent,Nomadic/Impermanent
Barí (Motilon),yukp1241,Villages/towns,Large settlements,Large settlements
Cariña,taba1267,Dispersed homesteads,Small settlements,Small settlements
Paraujano,para1316,Villages/towns,Large settlements,Large settlements
Wayuu,wayu1243,Nomadic,Nomadic/Impermanent,Nomadic/Impermanent
Yupa,yukp1241,Villages/towns,Large settlements,Large settlements
Taíno,tain1254,Villages/towns,Large settlements,Large settlements
Haitians,hait1244,Villages/towns,Large settlements,Large settlements
Warao,wara1303,Semisedentary,Nomadic/Impermanent,Nomadic/Impermanent
Lokono,araw1276,Villages/towns,Large settlements,Large settlements
Camaracoto,cama1252,Villages/towns,Large settlements,Large settlements
Macushi,macu1259,Villages/towns,Large settlements,Large settlements
Panare,enap1235,Seminomadic,Nomadic/Impermanent,Nomadic/Impermanent
Rucuyen,waya1269,NA,NA,NA
Taulípang,taul1252,Villages/towns,Large settlements,Large settlements
Ye'kuana,maqu1238,Villages/towns,Large settlements,Large settlements
Piapoco,piap1246,Villages/towns,Large settlements,Large settlements
Ndyuka,ndyu1242,Semisedentary,Nomadic/Impermanent,Nomadic/Impermanent
Pumé,pume1238,Villages/towns,Large settlements,Large settlements
Barama River Carib,mura1272,Dispersed homesteads,Small settlements,Small settlements
Guahibo,guah1255,Semisedentary,Nomadic/Impermanent,Nomadic/Impermanent
Wapishana,wapi1253,Villages/towns,Large settlements,Large settlements
Saramaccan,sara1340,Villages/towns,Large settlements,Large settlements
Yabarana,yaba1248,Villages/towns,Large settlements,Large settlements
Piaroa,piar1243,Seminomadic,Nomadic/Impermanent,Nomadic/Impermanent
Curripaco,curr1243,Villages/towns,Large settlements,Large settlements
Munduruku,mund1330,Villages/towns,Large settlements,Large settlements
Tapirapé,tapi1254,Villages/towns,Large settlements,Large settlements
Palikur,pali1279,Villages/towns,Large settlements,Large settlements
Guaica,yano1262,Seminomadic,Nomadic/Impermanent,Nomadic/Impermanent
Sateré Mawé,sate1243,Villages/towns,Large settlements,Large settlements
Shiriana,nina1238,Seminomadic,Nomadic/Impermanent,Nomadic/Impermanent
Wai-wai,waiw1244,Villages/towns,Large settlements,Large settlements
Sanema,sanu1240,Seminomadic,Nomadic/Impermanent,Nomadic/Impermanent
Yanomami,yano1261,Impermanent,Nomadic/Impermanent,Nomadic/Impermanent
Sirionó,siri1273,Seminomadic,Nomadic/Impermanent,Nomadic/Impermanent
Cocama,coca1259,Villages/towns,Large settlements,Large settlements
Chácobo,chac1251,Villages/towns,Large settlements,Large settlements
Tucano,tuca1252,NA,NA,NA
Ticuna,ticu1245,Villages/towns,Large settlements,Large settlements
Shuar,shua1257,Dispersed homesteads,Small settlements,Small settlements
Yagua,yagu1244,Villages/towns,Large settlements,Large settlements
Cubeo,cube1242,Impermanent,Nomadic/Impermanent,Nomadic/Impermanent
Witoto,muru1274,Villages/towns,Large settlements,Large settlements
Camba,chiq1248,NA,NA,NA
Amahuaca,amah1246,Dispersed homesteads,Small settlements,Small settlements
Shipibo-Conibo,ship1254,Villages/towns,Large settlements,Large settlements
Inca,cusc1236,Villages/towns,Large settlements,Large settlements
Aymara,cent2142,Villages/towns,Large settlements,Large settlements
Chachi,chac1249,Dispersed homesteads,Small settlements,Small settlements
U'wa,cent2150,Villages/towns,Large settlements,Large settlements
Páez,paez1247,Dispersed homesteads,Small settlements,Small settlements
Muisca,chib1270,Villages/towns,Large settlements,Large settlements
Asháninka,ajyi1238,Villages/towns,Large settlements,Large settlements
Piro,yine1238,NA,NA,NA
Uru,uruu1244,NA,NA,NA
Yahgan,yama1264,Nomadic,Nomadic/Impermanent,Nomadic/Impermanent
Mapuche,mapu1245,Hamlets,Small settlements,Small settlements
Ona,onaa1245,Nomadic,Nomadic/Impermanent,Nomadic/Impermanent
Tehuelche,tehu1242,Nomadic,Nomadic/Impermanent,Nomadic/Impermanent
Alacaluf,qawa1238,Nomadic,Nomadic/Impermanent,Nomadic/Impermanent
Wichí,wich1264,Seminomadic,Nomadic/Impermanent,Nomadic/Impermanent
Terena,tere1279,Seminomadic,Nomadic/Impermanent,Nomadic/Impermanent
Abipón,abip1241,Nomadic,Nomadic/Impermanent,Nomadic/Impermanent
Kadiwéu,kadi1248,Nomadic,Nomadic/Impermanent,Nomadic/Impermanent
Choroti,iyow1239,Impermanent,Nomadic/Impermanent,Nomadic/Impermanent
Chamacoco,cham1315,Nomadic,Nomadic/Impermanent,Nomadic/Impermanent
Guaraní,east2555,Villages/towns,Large settlements,Large settlements
Toba,toba1269,Semisedentary,Nomadic/Impermanent,Nomadic/Impermanent
Lengua,nort2971,Nomadic,Nomadic/Impermanent,Nomadic/Impermanent
Bororo,boro1282,Seminomadic,Nomadic/Impermanent,Nomadic/Impermanent
Kuikuru,kuik1246,Villages/towns,Large settlements,Large settlements
Trumai,trum1247,Villages/towns,Large settlements,Large settlements
Bacairi,baka1277,Villages/towns,Large settlements,Large settlements
Nambikwara,sout2994,Seminomadic,Nomadic/Impermanent,Nomadic/Impermanent
Kamayurá,kama1373,Impermanent,Nomadic/Impermanent,Nomadic/Impermanent
Guató,guat1253,Seminomadic,Nomadic/Impermanent,Nomadic/Impermanent
Paresi,pare1272,Villages/towns,Large settlements,Large settlements
Umotina,umot1240,Villages/towns,Large settlements,Large settlements
Aweti,awet1244,NA,NA,NA
Carajá,kara1500,Semisedentary,Nomadic/Impermanent,Nomadic/Impermanent
Cayua,mbya1239,Villages/towns,Large settlements,Large settlements
Shavante,xava1240,Seminomadic,Nomadic/Impermanent,Nomadic/Impermanent
Sherente,xere1240,Villages/towns,Large settlements,Large settlements
Aweikoma,xokl1240,Nomadic,Nomadic/Impermanent,Nomadic/Impermanent
Canela,cane1242,Seminomadic,Nomadic/Impermanent,Nomadic/Impermanent
Aimoré,kren1239,Nomadic,Nomadic/Impermanent,Nomadic/Impermanent
Tenetehara,temb1276,Villages/towns,Large settlements,Large settlements
Apinaye,apin1244,Villages/towns,Large settlements,Large settlements
Tupinambá,tupi1273,Villages/towns,Large settlements,Large settlements
Kayapo,kaya1330,Seminomadic,Nomadic/Impermanent,Nomadic/Impermanent
