Name,Glottocode,Value,Subsistence_Type
!Kung,juho1239,Gathering,Hunting and gathering
Dorobo,okie1245,Hunting,Hunting and gathering
Nama,nama1265,Pastoralism,Hunting and gathering
Bergdama,dama1270,Gathering,Hunting and gathering
Mbuti,bila1255,Hunting,Hunting and gathering
Sandawe,sand1273,Extensive agriculture,Agriculture
Naron,naro1249,Gathering,Hunting and gathering
/Xam,xamm1241,Gathering,Hunting and gathering
Hadza,hadz1240,Gathering,Hunting and gathering
Herero,here1253,Pastoralism,Hunting and gathering
Pondo Xhosa,mpon1252,Two or more sources,NA
Xhosa Ngqika,xesi1238,Extensive agriculture,Agriculture
Zulu,zulu1248,Extensive agriculture,Agriculture
Tswana,tswa1253,Extensive agriculture,Agriculture
Lovedu,lobe1242,Intensive agriculture,Agriculture
Pedi,tswe1238,Extensive agriculture,Agriculture
Lenge,leng1257,Extensive agriculture,Agriculture
Ndau,ndau1241,"Agriculture, type unknown",Agriculture
Shona,shon1251,Extensive agriculture,Agriculture
Ambo,ndon1254,Extensive agriculture,Agriculture
Swazi,swat1243,Extensive agriculture,Agriculture
Ngumbi,nkhu1238,"Agriculture, type unknown",Agriculture
Kisama,sama1300,Extensive agriculture,Agriculture
Bomvana,bomv1238,"Agriculture, type unknown",Agriculture
Chopi,copi1238,"Agriculture, type unknown",Agriculture
Lozi,lozi1239,Intensive agriculture,Agriculture
Tsonga,tson1249,Extensive agriculture,Agriculture
Mbundu,umbu1257,Extensive agriculture,Agriculture
Venda,vend1245,Intensive agriculture,Agriculture
Nyaneka,nyan1305,Two or more sources,NA
Sotho,sout2807,Intensive agriculture,Agriculture
Ndebele,nort2795,Extensive agriculture,Agriculture
Ila,ilaa1246,Extensive agriculture,Agriculture
Chewa,chew1246,Extensive agriculture,Agriculture
Luvale,luva1239,Extensive agriculture,Agriculture
Chokwe,chok1245,Extensive agriculture,Agriculture
Tonga,tong1321,Two or more sources,NA
Bakongo,sans1272,Extensive agriculture,Agriculture
Mbala,mbal1257,"Agriculture, type unknown",Agriculture
Mitsogho,tsog1243,Extensive agriculture,Agriculture
Suku,suku1259,Extensive agriculture,Agriculture
Sundi,koon1244,Extensive agriculture,Agriculture
Teke,teke1278,Extensive agriculture,Agriculture
Pende,phen1239,Extensive agriculture,Agriculture
Yaka,yaka1269,Extensive agriculture,Agriculture
Bunda,mpuo1241,Extensive agriculture,Agriculture
Dzing,ding1239,Extensive agriculture,Agriculture
Lele,lele1265,Extensive agriculture,Agriculture
Sakata,saka1287,Extensive agriculture,Agriculture
Songo,song1299,Extensive agriculture,Agriculture
Yanzi,yans1239,Extensive agriculture,Agriculture
Luchazi,luch1239,Extensive agriculture,Agriculture
Luimbe,luim1238,Fishing,Hunting and gathering
Luwa,sond1250,"Agriculture, type unknown",Agriculture
Bemba,town1238,Extensive agriculture,Agriculture
Plateau Tonga,tong1318,Extensive agriculture,Agriculture
Buye,buyu1239,Extensive agriculture,Agriculture
Kaonde,kaon1241,Extensive agriculture,Agriculture
Lala,lala1264,Extensive agriculture,Agriculture
Luapula,luun1238,Extensive agriculture,Agriculture
Shila,luba1250,"Agriculture, type unknown",Agriculture
Tumbuka,tumb1250,Extensive agriculture,Agriculture
Kunda,kund1255,Extensive agriculture,Agriculture
Nyanja,nucl1395,Extensive agriculture,Agriculture
Nyasa,mwer1247,"Agriculture, type unknown",Agriculture
Kuba,bush1247,Extensive agriculture,Agriculture
Sena,nucl1396,Extensive agriculture,Agriculture
Makonde,mako1251,Extensive agriculture,Agriculture
Makua,makh1264,"Agriculture, type unknown",Agriculture
Mambwe,mamb1296,Extensive agriculture,Agriculture
Lamba,lamb1271,Extensive agriculture,Agriculture
Ndembu,lund1266,Extensive agriculture,Agriculture
Yao,yaoo1241,Extensive agriculture,Agriculture
Yombe,yomb1244,Extensive agriculture,Agriculture
Ngoni,ngon1269,Extensive agriculture,Agriculture
Bajuni,baju1245,Two or more sources,NA
Shambaa,sham1280,Intensive agriculture,Agriculture
Bena,bena1262,Intensive agriculture,Agriculture
Gusii,gusi1247,Extensive agriculture,Agriculture
Kiga,chig1238,Extensive agriculture,Agriculture
Luguru,lugu1238,Extensive agriculture,Agriculture
Iwa,nyam1275,Extensive agriculture,Agriculture
Ngonde,ngon1268,Intensive agriculture,Agriculture
Safwa,safw1238,Extensive agriculture,Agriculture
Bende,bend1258,Extensive agriculture,Agriculture
Fipa,fipa1238,Extensive agriculture,Agriculture
Nyoro,nyor1246,Intensive agriculture,Agriculture
Nyamwezi,nyam1276,Extensive agriculture,Agriculture
Pimbwe,pimb1238,Extensive agriculture,Agriculture
Sukuma,suku1261,Intensive agriculture,Agriculture
Sangu,sang1330,Pastoralism,Hunting and gathering
Gogo,gogo1263,Extensive agriculture,Agriculture
Rangi,lang1320,Extensive agriculture,Agriculture
Turu,nyat1246,Two or more sources,NA
Kwere,kwer1261,Extensive agriculture,Agriculture
Zigula,zigu1242,Extensive agriculture,Agriculture
Hadimu,pemb1239,Extensive agriculture,Agriculture
Chagga,moch1256,Intensive agriculture,Agriculture
Digo,digo1243,Extensive agriculture,Agriculture
Duruma,duru1249,"Agriculture, type unknown",Agriculture
Giriama,giry1241,Extensive agriculture,Agriculture
Pokomo,poko1261,Intensive agriculture,Agriculture
Kamba,kamb1297,Intensive agriculture,Agriculture
Meru,meru1245,Extensive agriculture,Agriculture
Pare,asut1235,Intensive agriculture,Agriculture
Teita,tait1250,Intensive agriculture,Agriculture
Kara,kara1481,Intensive agriculture,Agriculture
Sonjo,temi1247,Intensive agriculture,Agriculture
Kikuyu,kiku1240,Intensive agriculture,Agriculture
Tiriki,idak1243,Intensive agriculture,Agriculture
Vugusu,buku1249,Extensive agriculture,Agriculture
Haya,haya1250,Intensive agriculture,Agriculture
Kerewe,kere1283,Intensive agriculture,Agriculture
Konjo,konz1239,Extensive agriculture,Agriculture
Nyankole,nyan1307,Extensive agriculture,Agriculture
Soga,soga1242,Intensive agriculture,Agriculture
Sumbwa,sumb1240,Intensive agriculture,Agriculture
Toro,toor1238,Extensive agriculture,Agriculture
Zinza,zinz1238,Extensive agriculture,Agriculture
Mbugwe,mbug1242,Two or more sources,NA
Kaguru,kagu1239,Extensive agriculture,Agriculture
Ngulu,ngul1246,Extensive agriculture,Agriculture
Nyakyusa,nyak1261,Intensive agriculture,Agriculture
Ganda,gand1255,Intensive agriculture,Agriculture
Hehe,hehe1240,Intensive agriculture,Agriculture
Gisu,masa1299,Extensive agriculture,Agriculture
Amba,amba1263,Extensive agriculture,Agriculture
Banyaruanda,kiny1244,Intensive agriculture,Agriculture
Songola,song1300,Fishing,Hunting and gathering
Duala,dual1243,Extensive agriculture,Agriculture
Bashi,shii1238,"Agriculture, type unknown",Agriculture
Ha,haaa1252,Intensive agriculture,Agriculture
Hunde,hund1239,Intensive agriculture,Agriculture
Lulua,luba1249,"Agriculture, type unknown",Agriculture
Rega,lega1249,Extensive agriculture,Agriculture
Songye,song1303,Extensive agriculture,Agriculture
Garanganze,sang1331,"Agriculture, type unknown",Agriculture
Kpe,mokp1239,Extensive agriculture,Agriculture
Ekonda,ekon1238,Extensive agriculture,Agriculture
Kela,yela1238,Extensive agriculture,Agriculture
Kutsu,kusu1252,Extensive agriculture,Agriculture
Lalia,ngan1302,"Agriculture, type unknown",Agriculture
Mongo,long1393,"Agriculture, type unknown",Agriculture
Tetela,tete1250,"Agriculture, type unknown",Agriculture
Topoke,poke1238,Extensive agriculture,Agriculture
Lokele,kele1255,Fishing,Hunting and gathering
Ngala,ling1263,Two or more sources,NA
Poto,luse1252,Fishing,Hunting and gathering
Fang,fang1246,Extensive agriculture,Agriculture
Bira,bila1255,Extensive agriculture,Agriculture
Budu,budu1250,Extensive agriculture,Agriculture
Kumu,komo1260,Extensive agriculture,Agriculture
Ndaka Babali,bali1274,Extensive agriculture,Agriculture
Plains Bira,bera1259,Extensive agriculture,Agriculture
Rumbi,lomb1254,Extensive agriculture,Agriculture
Bombesa,mbes1238,Extensive agriculture,Agriculture
Budja,budz1238,"Agriculture, type unknown",Agriculture
Ndoko,doko1244,Extensive agriculture,Agriculture
Ngombe,binj1250,Extensive agriculture,Agriculture
Nkundo,nkun1238,Extensive agriculture,Agriculture
Dzem,njye1238,Extensive agriculture,Agriculture
Kota,ndas1238,Extensive agriculture,Agriculture
Ngumba,kwas1243,Extensive agriculture,Agriculture
Sanga,bomw1238,Extensive agriculture,Agriculture
Bubi,bube1242,Extensive agriculture,Agriculture
Kundu,orok1266,Extensive agriculture,Agriculture
Mpongwe,myen1241,Extensive agriculture,Agriculture
Puku,bata1285,Extensive agriculture,Agriculture
Bafia,bafi1243,Extensive agriculture,Agriculture
Bali Nyonga,mung1266,"Agriculture, type unknown",Agriculture
Bamileke,fefe1239,Extensive agriculture,Agriculture
Bamum,bamu1253,Extensive agriculture,Agriculture
Banen,tune1261,Extensive agriculture,Agriculture
Fungom,mmen1238,"Agriculture, type unknown",Agriculture
Koko,bako1249,"Agriculture, type unknown",Agriculture
Kom,komc1235,"Agriculture, type unknown",Agriculture
Ndob,band1349,Extensive agriculture,Agriculture
Nsaw,lamn1239,Extensive agriculture,Agriculture
Nsungli,limb1268,Extensive agriculture,Agriculture
Tikar,tige1238,Extensive agriculture,Agriculture
Widikum,meta1238,"Agriculture, type unknown",Agriculture
Luba,luba1250,Extensive agriculture,Agriculture
Baboa,bwaa1238,Extensive agriculture,Agriculture
Rundi,rund1242,Intensive agriculture,Agriculture
Fut,bafu1246,Extensive agriculture,Agriculture
Fon,fonn1241,Extensive agriculture,Agriculture
Igbo,nucl1417,Extensive agriculture,Agriculture
Toma,toma1245,Extensive agriculture,Agriculture
Akyem,akye1239,Extensive agriculture,Agriculture
Ebira,ebir1243,Extensive agriculture,Agriculture
Sherbro,sher1258,Extensive agriculture,Agriculture
Kpelle,libe1247,Extensive agriculture,Agriculture
Banyang,keny1279,Extensive agriculture,Agriculture
Boki,boky1238,Extensive agriculture,Agriculture
Ekoi,ejag1239,Extensive agriculture,Agriculture
Efik,efik1245,Extensive agriculture,Agriculture
Kissi,nort2765,Extensive agriculture,Agriculture
Ibibio,ibib1240,Extensive agriculture,Agriculture
Ijaw,kala1381,Extensive agriculture,Agriculture
Itsekiri,isek1239,Fishing,Hunting and gathering
Afikpo,afik1238,Intensive agriculture,Agriculture
Edo,bini1246,Extensive agriculture,Agriculture
Isoko,isok1239,Extensive agriculture,Agriculture
Kukuruku,yekh1238,Extensive agriculture,Agriculture
Eloyi,eloy1241,Extensive agriculture,Agriculture
Gbagyi,gbar1246,Intensive agriculture,Agriculture
Idoma,idom1241,Extensive agriculture,Agriculture
Ashanti,asan1239,Extensive agriculture,Agriculture
Igala,igal1242,Extensive agriculture,Agriculture
Koro,ashe1269,"Agriculture, type unknown",Agriculture
Egba,egba1238,Extensive agriculture,Agriculture
Ekiti,ekit1244,Extensive agriculture,Agriculture
Ife,ijes1238,Extensive agriculture,Agriculture
Adangme,adan1247,Extensive agriculture,Agriculture
Ewe,aguu1242,Extensive agriculture,Agriculture
Buem,siwu1238,Extensive agriculture,Agriculture
Abron,abro1238,Extensive agriculture,Agriculture
Anyi,anyi1245,Extensive agriculture,Agriculture
Yako,loka1252,Extensive agriculture,Agriculture
Assini,abur1243,Extensive agriculture,Agriculture
Attie,atti1239,Extensive agriculture,Agriculture
Fante,fant1241,Extensive agriculture,Agriculture
Ga,gaaa1244,Two or more sources,NA
Alagya,alla1248,Fishing,Hunting and gathering
Avikam,avik1243,Two or more sources,NA
Bakwe,bakw1243,Extensive agriculture,Agriculture
Krahn,west2488,Extensive agriculture,Agriculture
Kru,klao1243,Extensive agriculture,Agriculture
Sapo,sapo1251,Extensive agriculture,Agriculture
Mende,mend1266,Extensive agriculture,Agriculture
Dan,dann1241,Extensive agriculture,Agriculture
Gagu,gagu1242,Extensive agriculture,Agriculture
Guro,guro1248,Extensive agriculture,Agriculture
Tura,tour1242,Extensive agriculture,Agriculture
Gbande,band1352,Extensive agriculture,Agriculture
Gola,gola1255,Extensive agriculture,Agriculture
Ngere,dann1241,Extensive agriculture,Agriculture
Temne,timn1235,Extensive agriculture,Agriculture
Vai,vaii1241,Extensive agriculture,Agriculture
Oyo Yoruba,oyoo1238,Extensive agriculture,Agriculture
Bete,dalo1238,Extensive agriculture,Agriculture
Nupe,nupe1254,Extensive agriculture,Agriculture
Baule,baou1238,Extensive agriculture,Agriculture
Bambara,bamb1269,Intensive agriculture,Agriculture
Konkomba,konk1269,Extensive agriculture,Agriculture
Lobi,lobi1245,Extensive agriculture,Agriculture
Nankanse,nank1249,Extensive agriculture,Agriculture
Kasena,kase1253,Extensive agriculture,Agriculture
Baga,mbul1258,Extensive agriculture,Agriculture
Balanta,bala1301,Extensive agriculture,Agriculture
Banyun,bain1259,Extensive agriculture,Agriculture
Biafada,biaf1240,Extensive agriculture,Agriculture
Bijogo,bidy1244,Extensive agriculture,Agriculture
Diola,ejam1238,Extensive agriculture,Agriculture
Mossi (Yatenga),moss1236,Intensive agriculture,Agriculture
Papel,pape1239,Extensive agriculture,Agriculture
Bassari,bass1258,Extensive agriculture,Agriculture
Serer,sere1260,Extensive agriculture,Agriculture
Kasonke,xaas1235,Extensive agriculture,Agriculture
Koranko,kura1250,Extensive agriculture,Agriculture
Soninke,soni1259,Extensive agriculture,Agriculture
Susu,susu1250,Extensive agriculture,Agriculture
Diula,dyul1238,Extensive agriculture,Agriculture
Nononke,jena1242,Intensive agriculture,Agriculture
Samo,sout2844,Intensive agriculture,Agriculture
Dogon,bank1259,Intensive agriculture,Agriculture
Bobo,nort2819,Extensive agriculture,Agriculture
Minianka,mama1271,Extensive agriculture,Agriculture
Senufo,ceba1235,Intensive agriculture,Agriculture
Dyan,dyan1251,Extensive agriculture,Agriculture
Dorosie,dogo1295,Extensive agriculture,Agriculture
Kulango,boun1243,Extensive agriculture,Agriculture
Lowiili,sout2790,Intensive agriculture,Agriculture
Awuna,angl1262,Extensive agriculture,Agriculture
Builsa,buli1254,Extensive agriculture,Agriculture
Dagara,sout2789,Extensive agriculture,Agriculture
Tallensi,taln1239,Intensive agriculture,Agriculture
Isala,tumu1242,Extensive agriculture,Agriculture
Kusasi,kusa1250,Intensive agriculture,Agriculture
Nunuma,sout2795,Intensive agriculture,Agriculture
Vagala,vagl1239,Extensive agriculture,Agriculture
Dagomba,dagb1246,Extensive agriculture,Agriculture
Gurma,gour1243,Extensive agriculture,Agriculture
Manprusi,mamp1244,Intensive agriculture,Agriculture
Mossi (Ouagadougou),moss1236,Extensive agriculture,Agriculture
Basari,ntch1242,Intensive agriculture,Agriculture
Kabre,kabi1261,Intensive agriculture,Agriculture
Birifor,sout2790,Extensive agriculture,Agriculture
Moba,moba1244,Extensive agriculture,Agriculture
Somba,dita1238,Extensive agriculture,Agriculture
Tem,temm1241,Intensive agriculture,Agriculture
Bisa,biss1248,Extensive agriculture,Agriculture
Yalunka,yalu1240,Extensive agriculture,Agriculture
Futajalonke,pula1262,Two or more sources,NA
Bozo,tiey1235,Fishing,Hunting and gathering
Coniagui,wame1240,Extensive agriculture,Agriculture
Malinke,kita1249,Extensive agriculture,Agriculture
Katab,kata1265,Intensive agriculture,Agriculture
Chawai,atsa1241,Extensive agriculture,Agriculture
Basa,basa1282,Extensive agriculture,Agriculture
Basakomo,basa1282,Extensive agriculture,Agriculture
Dakakari,clel1238,Extensive agriculture,Agriculture
Kamuku,cind1241,Intensive agriculture,Agriculture
Reshe,resh1242,Intensive agriculture,Agriculture
Angas,ngas1240,Intensive agriculture,Agriculture
Birom,bero1242,Extensive agriculture,Agriculture
Burmawa,bogh1241,Intensive agriculture,Agriculture
Adara,kada1284,Intensive agriculture,Agriculture
Jukun,juku1254,Extensive agriculture,Agriculture
Kagoro,kago1246,Intensive agriculture,Agriculture
Kurama,kura1249,Extensive agriculture,Agriculture
Yergum,taro1263,"Agriculture, type unknown",Agriculture
Jibu,jibu1239,"Agriculture, type unknown",Agriculture
Kentu,etky1238,"Agriculture, type unknown",Agriculture
Tigon,tigo1236,Extensive agriculture,Agriculture
Ndoro,ndoo1241,Extensive agriculture,Agriculture
Zuande,bita1251,Extensive agriculture,Agriculture
Chamba,samb1305,Extensive agriculture,Agriculture
Daka,samb1311,Extensive agriculture,Agriculture
Tiv,tivv1240,Extensive agriculture,Agriculture
Longuda,long1389,Intensive agriculture,Agriculture
Mumuye,nucl1240,Intensive agriculture,Agriculture
Vere,momj1237,Intensive agriculture,Agriculture
Yungur,bena1260,Intensive agriculture,Agriculture
Bata,bata1314,Intensive agriculture,Agriculture
Bura,bura1292,Intensive agriculture,Agriculture
Gude,gude1246,Intensive agriculture,Agriculture
Hwana,hwan1240,Intensive agriculture,Agriculture
Kapsiki,psik1239,Intensive agriculture,Agriculture
Podokwo,park1239,Intensive agriculture,Agriculture
Mambila,came1252,Intensive agriculture,Agriculture
Margi,marg1265,Intensive agriculture,Agriculture
Gure,gbir1241,Extensive agriculture,Agriculture
Mafa,mafa1239,Intensive agriculture,Agriculture
Bafute,vute1244,Extensive agriculture,Agriculture
Anaguta,igut1238,Extensive agriculture,Agriculture
Banda,west2458,Extensive agriculture,Agriculture
Otoro,otor1240,Intensive agriculture,Agriculture
Mangbetu,nucl1420,Extensive agriculture,Agriculture
Fali,sout2782,Extensive agriculture,Agriculture
Laka,laka1254,Extensive agriculture,Agriculture
Mbum,mbum1254,Extensive agriculture,Agriculture
Mundang,mund1325,Extensive agriculture,Agriculture
Namshi,doya1240,Extensive agriculture,Agriculture
Gisiga,sout3051,Extensive agriculture,Agriculture
Kotoko,lagw1237,Intensive agriculture,Agriculture
Musgu,musg1254,Intensive agriculture,Agriculture
Nyaro,kooo1244,"Agriculture, type unknown",Agriculture
Tupuri,tupu1244,Extensive agriculture,Agriculture
Bagirmi,bagi1246,Extensive agriculture,Agriculture
Sara,sarr1246,Extensive agriculture,Agriculture
Bwaka,ngba1284,Extensive agriculture,Agriculture
Mandja,manz1243,Extensive agriculture,Agriculture
Mbandja,mban1263,Extensive agriculture,Agriculture
Ngbandi,nort2774,Extensive agriculture,Agriculture
Abarambo,bara1361,Extensive agriculture,Agriculture
Popoi,popo1291,Extensive agriculture,Agriculture
Lendu,lend1245,Extensive agriculture,Agriculture
Azande,zand1248,Extensive agriculture,Agriculture
Lese,lese1243,Extensive agriculture,Agriculture
Logo,logo1259,Extensive agriculture,Agriculture
Lugbara,lugb1240,Extensive agriculture,Agriculture
Madi,madi1260,Extensive agriculture,Agriculture
Moru,moru1253,Extensive agriculture,Agriculture
Bongo,bong1285,Extensive agriculture,Agriculture
Jur,luwo1239,Extensive agriculture,Agriculture
Koalib,koal1240,Intensive agriculture,Agriculture
Korongo,kron1241,Extensive agriculture,Agriculture
Mesakin,ngil1242,Extensive agriculture,Agriculture
Ingassana,gaam1241,Intensive agriculture,Agriculture
Moro,moro1285,Intensive agriculture,Agriculture
Tira,tira1254,Intensive agriculture,Agriculture
Tullishi,tuli1249,Extensive agriculture,Agriculture
Nyimang,amas1236,Intensive agriculture,Agriculture
Anuak,anua1242,Intensive agriculture,Agriculture
Meban,maba1273,Extensive agriculture,Agriculture
Koma,komo1258,Extensive agriculture,Agriculture
Mao,hozo1236,Extensive agriculture,Agriculture
Mamvu,mamv1243,Extensive agriculture,Agriculture
Shilluk,shil1265,Extensive agriculture,Agriculture
Gbaya,nort2775,Extensive agriculture,Agriculture
Dilling,dill1242,Intensive agriculture,Agriculture
Masa,masa1322,Intensive agriculture,Agriculture
Teso,teso1249,Extensive agriculture,Agriculture
Acholi,dhop1238,Extensive agriculture,Agriculture
Dinka,sout2832,Pastoralism,Hunting and gathering
Lotuko,otuh1238,Extensive agriculture,Agriculture
Pojulu,poju1239,Extensive agriculture,Agriculture
Kakwa,kakw1240,Extensive agriculture,Agriculture
Kuku,kuku1285,Intensive agriculture,Agriculture
Mondari,mand1425,Extensive agriculture,Agriculture
Alur,alur1250,Extensive agriculture,Agriculture
Bodi,meen1242,Pastoralism,Hunting and gathering
Didinga,didi1258,Two or more sources,NA
Maasi,masa1300,Pastoralism,Hunting and gathering
Suri,suri1267,Extensive agriculture,Agriculture
Jie,jiee1239,Extensive agriculture,Agriculture
Labwor,labw1238,Extensive agriculture,Agriculture
Plains Suk,east2420,Pastoralism,Hunting and gathering
Toposa,topo1242,Pastoralism,Hunting and gathering
Keyu,keiy1238,Two or more sources,NA
Hill Suk,west2492,Intensive agriculture,Agriculture
Sapei,kups1238,Two or more sources,NA
Tatoga,dato1239,Pastoralism,Hunting and gathering
Samburu,samb1315,Pastoralism,Hunting and gathering
Nuer,nuer1246,Pastoralism,Hunting and gathering
Karamojong,nucl1430,Pastoralism,Hunting and gathering
Pari,pari1256,"Agriculture, type unknown",Agriculture
Lango,lang1324,Extensive agriculture,Agriculture
Turkana,turk1308,Extensive agriculture,Agriculture
Luo,luok1236,Intensive agriculture,Agriculture
Nandi,nand1266,Two or more sources,NA
Bari,ligo1238,Extensive agriculture,Agriculture
Kipsigis,kips1239,Intensive agriculture,Agriculture
Konso,kons1243,Intensive agriculture,Agriculture
Somali (Esa),nort3051,Pastoralism,Hunting and gathering
Arusi,bora1271,Pastoralism,Hunting and gathering
Gibe,west2721,Intensive agriculture,Agriculture
Macha,west2721,Intensive agriculture,Agriculture
Burji,burj1242,Intensive agriculture,Agriculture
Darasa,gede1246,Intensive agriculture,Agriculture
Sidama,sida1246,Intensive agriculture,Agriculture
Tsamai,tsam1247,Intensive agriculture,Agriculture
Arbore,arbo1245,Extensive agriculture,Agriculture
Banna,hame1242,Pastoralism,Hunting and gathering
Somali (Dolbahanta),nort3051,Pastoralism,Hunting and gathering
Galab,daas1238,Pastoralism,Hunting and gathering
Hamar,hame1242,Pastoralism,Hunting and gathering
Male,male1284,Two or more sources,NA
Bako,aari1239,Intensive agriculture,Agriculture
Dime,dime1235,Intensive agriculture,Agriculture
Shangama,aari1239,Intensive agriculture,Agriculture
Ubamer,aari1239,Intensive agriculture,Agriculture
Anfillo,anfi1235,Extensive agriculture,Agriculture
Basketo,bask1236,Intensive agriculture,Agriculture
Yem,toba1264,Intensive agriculture,Agriculture
Tigrinya,tigr1271,Intensive agriculture,Agriculture
Kafa,kafa1242,Intensive agriculture,Agriculture
Beta Israel,qima1242,Intensive agriculture,Agriculture
Nara,nara1262,Extensive agriculture,Agriculture
Kunama,kuna1268,Extensive agriculture,Agriculture
Ababda,abab1239,Pastoralism,Hunting and gathering
Amarar,amar1281,Pastoralism,Hunting and gathering
Beni-Amer,mans1267,Pastoralism,Hunting and gathering
Blin,bili1260,Pastoralism,Hunting and gathering
Tigre,mans1267,Pastoralism,Hunting and gathering
Jimma,west2721,Intensive agriculture,Agriculture
Iraqw,iraq1241,Two or more sources,NA
Baditu,koor1239,Intensive agriculture,Agriculture
Dorse,dorz1235,Intensive agriculture,Agriculture
Shako,shek1245,Intensive agriculture,Agriculture
Hadendowa,hade1248,Pastoralism,Hunting and gathering
Bisharin,bish1251,Pastoralism,Hunting and gathering
Afar,afar1241,Pastoralism,Hunting and gathering
Amhara,amha1245,Intensive agriculture,Agriculture
Gurage,seba1251,Intensive agriculture,Agriculture
Goroa,goro1270,Two or more sources,NA
Maguzawa,kano1249,"Agriculture, type unknown",Agriculture
Karekare,kare1348,Extensive agriculture,Agriculture
Midobi,mido1240,Pastoralism,Hunting and gathering
Gimma,nort3133,Pastoralism,Hunting and gathering
Habbaniya,nort3133,Pastoralism,Hunting and gathering
Hemat,bath1248,Two or more sources,NA
Messiria Humr,tama1331,Pastoralism,Hunting and gathering
Shuwa,char1283,Pastoralism,Hunting and gathering
Fur,furr1244,Intensive agriculture,Agriculture
Kanembu,kane1243,Intensive agriculture,Agriculture
Kanuri,cent2050,Intensive agriculture,Agriculture
Wolof,nucl1347,Extensive agriculture,Agriculture
Zerma,zarm1239,Intensive agriculture,Agriculture
Djafun,adam1253,Pastoralism,Hunting and gathering
Liptako,west2454,Extensive agriculture,Agriculture
Tukulor,pula1263,Extensive agriculture,Agriculture
Wodaabe Fulani,boro1274,Pastoralism,Hunting and gathering
Tazarawa Hausa,arew1238,Extensive agriculture,Agriculture
Zazzagawa Hausa,haus1257,Intensive agriculture,Agriculture
Bachama,baca1246,Intensive agriculture,Agriculture
Dera,dera1248,Intensive agriculture,Agriculture
Ngizim,ngiz1242,"Agriculture, type unknown",Agriculture
Songhai,koyr1242,Intensive agriculture,Agriculture
Hasania,khar1296,Two or more sources,NA
Buduma,budu1265,Two or more sources,NA
Tera,tera1251,Extensive agriculture,Agriculture
Bolewa,nucl1695,Extensive agriculture,Agriculture
Bororo Fulani,boro1274,Pastoralism,Hunting and gathering
Hausa Kanawa,kano1249,Extensive agriculture,Agriculture
Regeibat,hass1238,Pastoralism,Hunting and gathering
Asben,taya1257,Pastoralism,Hunting and gathering
Azjer,ghat1242,Pastoralism,Hunting and gathering
Ifora,tadh1242,Pastoralism,Hunting and gathering
Udalan Tuareg,timb1263,Intensive agriculture,Agriculture
Daza,daza1242,Two or more sources,NA
Drawa,susi1238,"Agriculture, type unknown",Agriculture
Chaambra,algi1247,Pastoralism,Hunting and gathering
Delim,hass1238,Pastoralism,Hunting and gathering
Kunta,hass1238,Pastoralism,Hunting and gathering
Trarza,hass1238,Pastoralism,Hunting and gathering
Teda,teda1241,Intensive agriculture,Agriculture
Zenaga,zena1248,Pastoralism,Hunting and gathering
Siwans,siwi1239,Intensive agriculture,Agriculture
Mzab,tumz1238,Intensive agriculture,Agriculture
Kel Antessar,timb1263,Pastoralism,Hunting and gathering
Kababish,nort3133,Pastoralism,Hunting and gathering
Barabish,hass1238,Pastoralism,Hunting and gathering
Aulliminden,ioul1238,Pastoralism,Hunting and gathering
Tuareg Ahaggar,hogg1238,Pastoralism,Hunting and gathering
Barabra,kenu1236,Intensive agriculture,Agriculture
Zekara,tari1263,Two or more sources,NA
Guanche,guan1277,Extensive agriculture,Agriculture
Algerians,algi1247,Intensive agriculture,Agriculture
Hamama,sout3114,Pastoralism,Hunting and gathering
Hamyan,oran1236,Pastoralism,Hunting and gathering
Jebala,jebl1238,Intensive agriculture,Agriculture
Moroccans,sout3117,Intensive agriculture,Agriculture
Nail,cons1245,Pastoralism,Hunting and gathering
Saadi,said1239,Pastoralism,Hunting and gathering
Sahel,sahi1245,Intensive agriculture,Agriculture
Egyptians,egyp1253,Intensive agriculture,Agriculture
Sanusi,liby1240,Pastoralism,Hunting and gathering
Tunisians,tuni1260,Intensive agriculture,Agriculture
Riffians,tari1263,Intensive agriculture,Agriculture
Kabyle,kaby1243,Intensive agriculture,Agriculture
Shluh,susi1238,Intensive agriculture,Agriculture
Ancient Egyptians,egyp1246,Intensive agriculture,Agriculture
Beraber,cent2194,Intensive agriculture,Agriculture
Shawiya,tach1249,Intensive agriculture,Agriculture
Tekna,hass1238,Intensive agriculture,Agriculture
Gheg,gheg1238,Intensive agriculture,Agriculture
Portuguese,gali1257,"Agriculture, type unknown",Agriculture
Ancient Romans,lati1261,Intensive agriculture,Agriculture
French Basques,labo1236,Intensive agriculture,Agriculture
Neapolitans,neap1235,Intensive agriculture,Agriculture
Spaniards,stan1288,Intensive agriculture,Agriculture
Greeks,mode1248,Intensive agriculture,Agriculture
Spanish Basques,west1508,Intensive agriculture,Agriculture
New Englanders,stan1293,Intensive agriculture,Agriculture
Boers,afri1274,Pastoralism,Hunting and gathering
Tristan da Cunha,stan1293,Intensive agriculture,Agriculture
Brazilians,braz1246,Intensive agriculture,Agriculture
French Canadians,queb1247,Intensive agriculture,Agriculture
Dutch,dutc1256,Intensive agriculture,Agriculture
Icelanders,icel1247,Pastoralism,Hunting and gathering
Irish,iris1253,Intensive agriculture,Agriculture
Sami,nort2671,Pastoralism,Hunting and gathering
Walloons,wall1255,Intensive agriculture,Agriculture
Serbs,serb1264,Intensive agriculture,Agriculture
Romanians,baya1255,"Agriculture, type unknown",Agriculture
Russians,russ1263,Intensive agriculture,Agriculture
Bashkir,bash1264,Two or more sources,NA
Besermyan,nort2676,Intensive agriculture,Agriculture
Chuvash,chuv1255,Intensive agriculture,Agriculture
Erzya Mordvins,erzy1239,Intensive agriculture,Agriculture
Estonians,esto1258,Intensive agriculture,Agriculture
Gagauz,gaga1249,Intensive agriculture,Agriculture
Ingrians,ingr1248,Intensive agriculture,Agriculture
Karelians,livv1243,Two or more sources,NA
Hutsuls,sout2604,Two or more sources,NA
Kazan tatar,midd1325,Intensive agriculture,Agriculture
Latvians,latv1249,Intensive agriculture,Agriculture
Lithuanian Karaim,kara1464,Extensive agriculture,Agriculture
Lithuanian Tatar,west2405,Extensive agriculture,Agriculture
Livs,livv1244,Fishing,Hunting and gathering
Moldovans,mold1248,Intensive agriculture,Agriculture
Udmurt,sout2681,Intensive agriculture,Agriculture
Veps,veps1250,Intensive agriculture,Agriculture
Votes,voti1245,Intensive agriculture,Agriculture
Czechs,czec1258,Intensive agriculture,Agriculture
Mari,east2328,Intensive agriculture,Agriculture
Bulgarians,bulg1262,Intensive agriculture,Agriculture
Byelorussians,bela1254,Intensive agriculture,Agriculture
Ukrainians,east2270,Intensive agriculture,Agriculture
Magyar,hung1274,Intensive agriculture,Agriculture
Lithuanians,lith1251,Intensive agriculture,Agriculture
Kalmyk,kalm1243,Pastoralism,Hunting and gathering
Armenians,nucl1235,Intensive agriculture,Agriculture
Kurd,cent1972,Intensive agriculture,Agriculture
Abkhaz,abkh1244,Pastoralism,Hunting and gathering
Khevsur,xevs1238,Intensive agriculture,Agriculture
Kumyk,kumy1244,Intensive agriculture,Agriculture
Cherkess,kaba1278,Intensive agriculture,Agriculture
Turks,nucl1301,Intensive agriculture,Agriculture
Ossetians,digo1242,Pastoralism,Hunting and gathering
Chechen,chec1245,Two or more sources,NA
Georgians,imer1248,Intensive agriculture,Agriculture
Svan,svan1243,Two or more sources,NA
Syrians,nort3142,Intensive agriculture,Agriculture
Madan,meso1252,Two or more sources,NA
Rwala,east2690,Pastoralism,Hunting and gathering
Hebrews,anci1244,Intensive agriculture,Agriculture
Babylonians,akka1240,Intensive agriculture,Agriculture
Mutair,sout3119,Pastoralism,Hunting and gathering
Jordanians,sout3123,Intensive agriculture,Agriculture
Lebanese,nort3139,Intensive agriculture,Agriculture
Druze,sunn1238,Intensive agriculture,Agriculture
Yemeni,sana1295,Intensive agriculture,Agriculture
Sindhi,sind1272,Intensive agriculture,Agriculture
Marri,east2304,Pastoralism,Hunting and gathering
Ghilzai,ghil1238,Intensive agriculture,Agriculture
Qashqui,qash1240,Pastoralism,Hunting and gathering
Punjabi,west2386,Intensive agriculture,Agriculture
Yusufzai,yusu1238,Intensive agriculture,Agriculture
Hazara,haza1239,Two or more sources,NA
Kohistani,indu1241,Two or more sources,NA
Nuristani,kamv1242,Intensive agriculture,Agriculture
Basseri,bass1257,Pastoralism,Hunting and gathering
Moghol,mogh1245,Intensive agriculture,Agriculture
Bakhtiari,bakh1245,Pastoralism,Hunting and gathering
Iranians,tehr1242,Intensive agriculture,Agriculture
Kazakh,kaza1248,Pastoralism,Hunting and gathering
Tu,tuuu1240,Intensive agriculture,Agriculture
Khalka,halh1238,Pastoralism,Hunting and gathering
Dagur,daur1238,"Agriculture, type unknown",Agriculture
Turkmen,turk1304,Intensive agriculture,Agriculture
Buryat,russ1264,Pastoralism,Hunting and gathering
Chahar,peri1253,Pastoralism,Hunting and gathering
Uzbek,nort2690,Pastoralism,Hunting and gathering
Nivkh,gily1242,Fishing,Hunting and gathering
Ob Ostyak,khan1273,Fishing,Hunting and gathering
Selkup,selk1253,Two or more sources,NA
Nganasan,ngan1291,Hunting,Hunting and gathering
Itelmen,itel1242,Fishing,Hunting and gathering
Ungazikmit,cent2128,Fishing,Hunting and gathering
Mansi,mans1258,Fishing,Hunting and gathering
Evenk,even1259,Hunting,Hunting and gathering
Negidal,negi1245,Fishing,Hunting and gathering
Ulch,ulch1241,Fishing,Hunting and gathering
Orok,orok1265,Fishing,Hunting and gathering
Yakut,yaku1245,Pastoralism,Hunting and gathering
Oroch,oroc1248,Fishing,Hunting and gathering
Udihe,udih1248,Two or more sources,NA
Chukchi,chuk1273,Pastoralism,Hunting and gathering
Yurak-Samoyeds,nene1249,Pastoralism,Hunting and gathering
Koryak,kory1246,Fishing,Hunting and gathering
Yukaghir,nort2745,Hunting,Hunting and gathering
Ainu,ainu1240,Fishing,Hunting and gathering
Ket,kett1243,Fishing,Hunting and gathering
Nanai,nana1257,Fishing,Hunting and gathering
Koreans,kore1280,Intensive agriculture,Agriculture
Shantung,mand1415,Intensive agriculture,Agriculture
Ishigakians,yaey1239,"Agriculture, type unknown",Agriculture
Man,kimm1245,"Agriculture, type unknown",Agriculture
Miyakans,miya1259,"Agriculture, type unknown",Agriculture
Kiangsu,wuch1236,Intensive agriculture,Agriculture
Cantonese,yuec1235,"Agriculture, type unknown",Agriculture
Lolo,sich1238,Intensive agriculture,Agriculture
Manchu,manc1252,Intensive agriculture,Agriculture
Miao,horn1235,Intensive agriculture,Agriculture
Japanese,nucl1643,Intensive agriculture,Agriculture
Min Chinese,chao1239,Intensive agriculture,Agriculture
Okinawans,cent2126,Intensive agriculture,Agriculture
Minchia,cent2004,Intensive agriculture,Agriculture
Li,hlai1239,Intensive agriculture,Agriculture
Adi,bori1243,Extensive agriculture,Agriculture
Burusho,buru1296,Intensive agriculture,Agriculture
Lepcha,lepc1244,Intensive agriculture,Agriculture
Central Tibetans,dbus1238,Intensive agriculture,Agriculture
Shina,shin1264,Intensive agriculture,Agriculture
Sherpa,sher1255,Two or more sources,NA
Kachari,kach1279,"Agriculture, type unknown",Agriculture
Magar,west2418,Intensive agriculture,Agriculture
Santal,sant1410,Intensive agriculture,Agriculture
Bihari,mait1250,"Agriculture, type unknown",Agriculture
Uttar Pradesh,bhoj1244,Intensive agriculture,Agriculture
Bengali,beng1280,Intensive agriculture,Agriculture
Indo-Iranian,sans1269,"Agriculture, type unknown",Agriculture
Ho,hooo1248,"Agriculture, type unknown",Agriculture
Bhil,bhil1251,Intensive agriculture,Agriculture
Kurukh,kuru1302,Intensive agriculture,Agriculture
Pahari,garh1243,Intensive agriculture,Agriculture
Kashmiri,kash1277,Intensive agriculture,Agriculture
Gujarati,guja1252,Intensive agriculture,Agriculture
Chenchu,chen1255,Gathering,Hunting and gathering
Telugu,telu1262,Intensive agriculture,Agriculture
Koya,koya1251,"Agriculture, type unknown",Agriculture
Khond,kuii1252,"Agriculture, type unknown",Agriculture
Muria Gond,west2408,Extensive agriculture,Agriculture
Reddi,mukh1238,Extensive agriculture,Agriculture
Tamil,tami1289,Intensive agriculture,Agriculture
Madia,mari1414,Extensive agriculture,Agriculture
Toda,toda1252,Pastoralism,Hunting and gathering
Kodavas,koda1255,Intensive agriculture,Agriculture
Kerala,mala1464,Intensive agriculture,Agriculture
Hill Bhuiya,oriy1255,Extensive agriculture,Agriculture
Kol,mund1320,Intensive agriculture,Agriculture
Baiga,chha1249,Extensive agriculture,Agriculture
Andamanese,akab1249,Two or more sources,NA
Betsileo,bets1235,"Agriculture, type unknown",Agriculture
Merina,meri1243,Intensive agriculture,Agriculture
Tanala,tana1285,Intensive agriculture,Agriculture
Vedda,vedd1240,Gathering,Hunting and gathering
Nicobarese,carn1240,Extensive agriculture,Agriculture
Sinhalese,sinh1246,Intensive agriculture,Agriculture
Antandroy,tand1256,Pastoralism,Hunting and gathering
Sakalava,saka1291,Pastoralism,Hunting and gathering
Antaisaka,tesa1236,Intensive agriculture,Agriculture
Garo,garo1247,Extensive agriculture,Agriculture
Chakma,chak1266,Extensive agriculture,Agriculture
Aimol,aimo1244,Extensive agriculture,Agriculture
Thado,thad1238,Extensive agriculture,Agriculture
Angami,anga1288,Intensive agriculture,Agriculture
Ao,aona1235,Extensive agriculture,Agriculture
Rengma,sout2732,"Agriculture, type unknown",Agriculture
Sema,sumi1235,Extensive agriculture,Agriculture
Karbi,karb1241,"Agriculture, type unknown",Agriculture
Palaung,shwe1236,Extensive agriculture,Agriculture
Chin,asho1236,Extensive agriculture,Agriculture
Lhota,loth1237,Extensive agriculture,Agriculture
Kuki,lush1249,"Agriculture, type unknown",Agriculture
Burmese,nucl1310,Intensive agriculture,Agriculture
Maras,mara1382,Extensive agriculture,Agriculture
Kachin,kach1280,Extensive agriculture,Agriculture
Purum,puru1266,Extensive agriculture,Agriculture
Karen,pwow1235,Intensive agriculture,Agriculture
Khasi,khas1269,Extensive agriculture,Agriculture
Mogh,rakh1245,Extensive agriculture,Agriculture
Lamet,lame1256,Extensive agriculture,Agriculture
Rade,rade1240,Extensive agriculture,Agriculture
Cham,east2563,Intensive agriculture,Agriculture
Lawa,west2396,Extensive agriculture,Agriculture
Muong,muon1246,Intensive agriculture,Agriculture
Senoi,sema1266,Extensive agriculture,Agriculture
Ancient Khmer,oldk1249,Intensive agriculture,Agriculture
Negri Sembilan,nege1240,Intensive agriculture,Agriculture
Mnong Gar,east2333,Extensive agriculture,Agriculture
Semang,kens1248,Gathering,Hunting and gathering
Annamese,viet1252,Intensive agriculture,Agriculture
Khmer,cent1989,Intensive agriculture,Agriculture
Moken,moke1242,Fishing,Hunting and gathering
Akha,akha1245,Extensive agriculture,Agriculture
Malays,mala1479,Intensive agriculture,Agriculture
Thai,thai1261,Intensive agriculture,Agriculture
Atayal,atay1247,Extensive agriculture,Agriculture
Bunun,bunu1267,Extensive agriculture,Agriculture
Puyuma,puyu1239,Intensive agriculture,Agriculture
Sugbuanon,cebu1242,Intensive agriculture,Agriculture
Badjau Tawi-Tawi,sout2918,Fishing,Hunting and gathering
Tao,yami1254,Extensive agriculture,Agriculture
Manobo,agus1235,Extensive agriculture,Agriculture
Kalinga,lubu1243,Intensive agriculture,Agriculture
Bilaan,koro1310,"Agriculture, type unknown",Agriculture
Bisayan,akla1241,"Agriculture, type unknown",Agriculture
Sagada,nort2877,Intensive agriculture,Agriculture
Ifugao,tuwa1243,Intensive agriculture,Agriculture
Subanun,cent2089,Extensive agriculture,Agriculture
Hanunoo,hanu1241,Extensive agriculture,Agriculture
Paiwan,paiw1248,Extensive agriculture,Agriculture
Tagbanua,tagb1258,Extensive agriculture,Agriculture
Bontok,cent2292,Intensive agriculture,Agriculture
Ami,amis1246,Intensive agriculture,Agriculture
Iban,iban1264,Extensive agriculture,Agriculture
Javanese,java1254,Intensive agriculture,Agriculture
Balinese,bali1278,Intensive agriculture,Agriculture
Toba Batak,bata1289,Intensive agriculture,Agriculture
Kadazan-Dusun,cent2100,Extensive agriculture,Agriculture
Minangkabau,mina1268,Intensive agriculture,Agriculture
Mentaweians,ment1249,Extensive agriculture,Agriculture
Anak Dalam,kubu1239,Two or more sources,NA
Punan,puna1275,"Agriculture, type unknown",Agriculture
Macassarese,maka1311,Intensive agriculture,Agriculture
Tobelorese,tobe1252,Extensive agriculture,Agriculture
Ambonese,ambo1250,Extensive agriculture,Agriculture
Sumbawanese,sumb1241,Extensive agriculture,Agriculture
Kodi,kodi1247,"Agriculture, type unknown",Agriculture
Alorese,abui1241,Extensive agriculture,Agriculture
Belu,tetu1245,Extensive agriculture,Agriculture
Rotinese,term1237,"Agriculture, type unknown",Agriculture
Toradja,pamo1252,Extensive agriculture,Agriculture
Tanimbarese,sela1259,Extensive agriculture,Agriculture
Ili-Mandiri,lama1277,Extensive agriculture,Agriculture
Kei,keii1239,Extensive agriculture,Agriculture
Sumbanese,kamb1299,Intensive agriculture,Agriculture
Northern Aranda,east2379,Gathering,Hunting and gathering
Walbiri,warl1254,Gathering,Hunting and gathering
Gidjingali,gunn1248,Gathering,Hunting and gathering
Yir Yoront,jirj1239,Gathering,Hunting and gathering
Anindilyagwa,anin1240,Fishing,Hunting and gathering
"Yolngu, Dhuwal",dhuw1249,Gathering,Hunting and gathering
Tiwi,tiwi1244,Gathering,Hunting and gathering
Diyari,dier1241,Gathering,Hunting and gathering
Kariyarra,kari1304,Hunting,Hunting and gathering
Wikmunkan,wikm1247,Two or more sources,NA
Murriny Patha,murr1258,Gathering,Hunting and gathering
Tasmanians (northwestern),port1278,Two or more sources,NA
Ngiyambaa,wang1291,Fishing,Hunting and gathering
Mee,ekar1243,Extensive agriculture,Agriculture
Motu,motu1246,Extensive agriculture,Agriculture
Kakoli,umbu1258,Intensive agriculture,Agriculture
Kwoma,kwom1262,Extensive agriculture,Agriculture
Kiwai,sout2949,Extensive agriculture,Agriculture
Miriam,meri1244,Extensive agriculture,Agriculture
Abelam,ambu1247,Extensive agriculture,Agriculture
Kutubu,foii1241,Two or more sources,NA
Siane,sian1257,Extensive agriculture,Agriculture
Kimam,kima1246,Intensive agriculture,Agriculture
Marind-Amin,nucl1622,Extensive agriculture,Agriculture
Wantoat,want1252,Extensive agriculture,Agriculture
Koita,koit1244,Extensive agriculture,Agriculture
Mailu,mail1248,Extensive agriculture,Agriculture
Mekeo,meke1243,Extensive agriculture,Agriculture
Muju,sout2940,Extensive agriculture,Agriculture
Koiari,gras1249,Extensive agriculture,Agriculture
Mafulu,fuyu1242,Extensive agriculture,Agriculture
Ngarawapum,adze1240,Extensive agriculture,Agriculture
Banaro,bana1292,Extensive agriculture,Agriculture
Busama,buga1250,Extensive agriculture,Agriculture
Manam,mana1295,Extensive agriculture,Agriculture
Arapesh,buki1249,Extensive agriculture,Agriculture
Mimika,kamo1255,Two or more sources,NA
Fore,fore1270,Extensive agriculture,Agriculture
Sio,sioo1240,Extensive agriculture,Agriculture
Soromadja,nucl1595,Gathering,Hunting and gathering
Bgu,bong1287,Gathering,Hunting and gathering
Iatmul,iatm1242,Extensive agriculture,Agriculture
Samarokena,sama1240,Gathering,Hunting and gathering
Star Mountain,ngal1298,"Agriculture, type unknown",Agriculture
Dani,midg1235,Extensive agriculture,Agriculture
Elema,orok1267,Two or more sources,NA
Wogeo,woge1237,Extensive agriculture,Agriculture
Keraki,namb1293,Extensive agriculture,Agriculture
Waropen,waro1242,Two or more sources,NA
Enga,enga1252,Extensive agriculture,Agriculture
Purari,pura1257,Gathering,Hunting and gathering
Orokaiva,orok1269,Extensive agriculture,Agriculture
Palauans,pala1344,Extensive agriculture,Agriculture
Nomoians,mort1237,"Agriculture, type unknown",Agriculture
Kosraeans,kosr1238,Extensive agriculture,Agriculture
Bikinians,rali1241,Extensive agriculture,Agriculture
Nauruans,naur1243,Extensive agriculture,Agriculture
Makin,bana1287,Two or more sources,NA
Carolinians,caro1242,Two or more sources,NA
Lamotrek,lamo1243,Extensive agriculture,Agriculture
Marshallese - Jaluit atoll,rali1241,Fishing,Hunting and gathering
Trukese,chuu1238,Two or more sources,NA
Majuro,rata1243,Extensive agriculture,Agriculture
Ifaluk,nucl1479,Extensive agriculture,Agriculture
Ponapeans,pohn1238,Extensive agriculture,Agriculture
Yapese,yape1248,Extensive agriculture,Agriculture
Gilbert Onotoa,nuii1237,Fishing,Hunting and gathering
Chamorro,cham1312,Extensive agriculture,Agriculture
Ulithians,ulit1238,Extensive agriculture,Agriculture
Siuai,siwa1245,Extensive agriculture,Agriculture
Usiai,lele1270,Extensive agriculture,Agriculture
Rossel Islanders,yele1255,Two or more sources,NA
Choiseulese,vagh1249,Extensive agriculture,Agriculture
Aua,wuvu1239,Fishing,Hunting and gathering
Dahuni,suau1242,Extensive agriculture,Agriculture
Bakovi,bola1250,"Agriculture, type unknown",Agriculture
Bwaidoga,bwai1242,"Agriculture, type unknown",Agriculture
Kombe,mudu1242,Fishing,Hunting and gathering
Kwaio,kwai1243,"Agriculture, type unknown",Agriculture
Molima,moli1248,"Agriculture, type unknown",Agriculture
Trobriands,kili1267,Extensive agriculture,Agriculture
Kaoka,long1395,Extensive agriculture,Agriculture
Tangu,tang1348,Extensive agriculture,Agriculture
Kurtatchi,tinp1237,Extensive agriculture,Agriculture
Lesu,nots1237,Two or more sources,NA
Dobuans,dobu1241,Extensive agriculture,Agriculture
Ulawans,saaa1240,Extensive agriculture,Agriculture
Lakalai,naka1262,Extensive agriculture,Agriculture
Simboese,simb1256,"Agriculture, type unknown",Agriculture
Manus,tita1241,Fishing,Hunting and gathering
Mota,mota1237,Extensive agriculture,Agriculture
Tannese,sout2869,Extensive agriculture,Agriculture
Epi,lame1260,"Agriculture, type unknown",Agriculture
Eromangans,siee1239,"Agriculture, type unknown",Agriculture
Ranon,nort2839,"Agriculture, type unknown",Agriculture
Mbau Fijians,bauu1243,Fishing,Hunting and gathering
Seniang,sout2857,Extensive agriculture,Agriculture
Bunlap,saaa1241,Extensive agriculture,Agriculture
Lau,laua1243,Extensive agriculture,Agriculture
Ajie,ajie1238,Intensive agriculture,Agriculture
Rotumans,rotu1241,Extensive agriculture,Agriculture
Lifu,dehu1237,Extensive agriculture,Agriculture
Vanua Levu,nort2843,Extensive agriculture,Agriculture
Santa Cruz Islanders,natu1246,Extensive agriculture,Agriculture
American Samoans,samo1305,Extensive agriculture,Agriculture
Rennell Islanders,renn1242,Extensive agriculture,Agriculture
Tongans,tong1325,Extensive agriculture,Agriculture
Uveans,wall1257,Extensive agriculture,Agriculture
Upolu Samoans,samo1305,Extensive agriculture,Agriculture
Tikopia,tiko1237,Two or more sources,NA
Pukapukans,puka1242,Extensive agriculture,Agriculture
Ellice,tuva1244,Fishing,Hunting and gathering
Ontong Java,onto1237,Two or more sources,NA
Tokelau,toke1240,Fishing,Hunting and gathering
Kapingamarangi,kapi1249,Extensive agriculture,Agriculture
Futunans,east2447,Extensive agriculture,Agriculture
Niueans,niue1239,Two or more sources,NA
Mangaians,raro1241,Extensive agriculture,Agriculture
Tongarevans,penr1237,Fishing,Hunting and gathering
Māori,maor1246,Extensive agriculture,Agriculture
Marquesans,nort2845,Extensive agriculture,Agriculture
Manihikians,raka1237,Two or more sources,NA
Raroians,tuam1242,Fishing,Hunting and gathering
Hawaiians,hawa1245,Intensive agriculture,Agriculture
Mangarevans,mang1401,Fishing,Hunting and gathering
Tahitians,tahi1242,Extensive agriculture,Agriculture
Easter Islanders,rapa1244,Extensive agriculture,Agriculture
Nabesna,uppe1437,Hunting,Hunting and gathering
Chugach,chug1254,Fishing,Hunting and gathering
Sivokakmeit,cent2128,Fishing,Hunting and gathering
Nunamiut,nort2944,Hunting,Hunting and gathering
Nunatsiarmiut,baff1240,Fishing,Hunting and gathering
Inughuit (Northern Greenland),pola1254,Fishing,Hunting and gathering
Tlicho,dogr1252,Fishing,Hunting and gathering
Délįne,nort2942,Fishing,Hunting and gathering
DeneTha,sout2959,Hunting,Hunting and gathering
Dakelh,carr1249,Two or more sources,NA
Tareumiut,nort2944,Fishing,Hunting and gathering
Kutchin,gwic1235,Fishing,Hunting and gathering
Caribou Inuit,cari1277,Hunting,Hunting and gathering
Iglulik Inuit,west2618,Two or more sources,NA
Labrador Inuit,labr1244,Fishing,Hunting and gathering
Tasiilaq,tunu1234,Fishing,Hunting and gathering
Kalaallit (West Greenland),kala1399,Fishing,Hunting and gathering
Dena'ina,tana1289,Fishing,Hunting and gathering
Tahltan,tahl1239,Hunting,Hunting and gathering
Sekani,seka1250,Hunting,Hunting and gathering
Beaver,beav1236,Hunting,Hunting and gathering
Copper Inuit,copp1244,Fishing,Hunting and gathering
Dene,chip1261,Hunting,Hunting and gathering
Eastern Cree,sout2978,Hunting,Hunting and gathering
Montagnais,mont1268,Hunting,Hunting and gathering
Northern Saulteaux,alba1270,Two or more sources,NA
Pekangekum,lacs1238,Two or more sources,NA
Nipigon,cent2136,Hunting,Hunting and gathering
Minnesota Ojibwa,redl1238,Fishing,Hunting and gathering
Rainy River Ojibwe,rain1239,Hunting,Hunting and gathering
Katikitegon,uppe1274,Fishing,Hunting and gathering
Eastern Ojibwa,east2542,Fishing,Hunting and gathering
Kaska,kask1239,Fishing,Hunting and gathering
Ottawa,otta1242,Hunting,Hunting and gathering
Mi'kmaq,mikm1235,Hunting,Hunting and gathering
Potawatomi,pota1247,Hunting,Hunting and gathering
Netsilik,nets1241,Fishing,Hunting and gathering
Nunavimmiut,queb1248,Hunting,Hunting and gathering
Mistissini Cree,sout2978,Hunting,Hunting and gathering
Naskapi,nask1242,Hunting,Hunting and gathering
Nunivak,kusk1241,Fishing,Hunting and gathering
Attawapiskat Cree,swam1239,Fishing,Hunting and gathering
Deg Xit'an,dege1248,Fishing,Hunting and gathering
Aleut,east2533,Fishing,Hunting and gathering
Haida,nort2938,Fishing,Hunting and gathering
Alkatcho,sout2958,Fishing,Hunting and gathering
Nuu chah nulth,nuuc1236,Fishing,Hunting and gathering
Klahoose,slia1241,Fishing,Hunting and gathering
Squamish,squa1248,Fishing,Hunting and gathering
Comox,isla1276,Fishing,Hunting and gathering
Lummi,lumm1243,Fishing,Hunting and gathering
Klallam,clal1241,Fishing,Hunting and gathering
Puyallup,sout2965,Fishing,Hunting and gathering
Quileute,quil1240,Fishing,Hunting and gathering
Lower Chinook,chin1286,Fishing,Hunting and gathering
Twana,twan1247,Fishing,Hunting and gathering
Tillamook,till1254,Fishing,Hunting and gathering
Coos,coos1249,Fishing,Hunting and gathering
Tlingit,tlin1245,Fishing,Hunting and gathering
Heiltsuk,bell1263,Fishing,Hunting and gathering
Makah,maka1318,Fishing,Hunting and gathering
Quinault,quin1251,Fishing,Hunting and gathering
Cowichan,cowi1241,Fishing,Hunting and gathering
Stó:lō,chil1281,Fishing,Hunting and gathering
Alsea,alse1251,Fishing,Hunting and gathering
Siuslaw,sius1254,Fishing,Hunting and gathering
Kwakwaka'wakw,kwak1269,Fishing,Hunting and gathering
Takelma,take1257,Gathering,Hunting and gathering
Tututni,tutu1242,Fishing,Hunting and gathering
Shasta,shas1239,Gathering,Hunting and gathering
Chimariko,chim1301,Gathering,Hunting and gathering
Karuk,karo1304,Fishing,Hunting and gathering
Hupa,hupa1239,Fishing,Hunting and gathering
Wiyot,wiyo1248,Fishing,Hunting and gathering
Lassik,wail1244,Fishing,Hunting and gathering
Mattole-Bear River,matt1238,Hunting,Hunting and gathering
Sinkyone,wail1244,Gathering,Hunting and gathering
Yurok,yuro1248,Fishing,Hunting and gathering
Eyak,eyak1241,Fishing,Hunting and gathering
Tolowa,tolo1259,Two or more sources,NA
Tsimshian,nucl1649,Fishing,Hunting and gathering
Haisla,hais1244,Fishing,Hunting and gathering
Nuxalk,bell1243,Fishing,Hunting and gathering
Nomlaki,noml1242,Gathering,Hunting and gathering
Achumawi,achu1247,Hunting,Hunting and gathering
Yana,yana1271,Gathering,Hunting and gathering
Maidu,nort2952,Gathering,Hunting and gathering
Nisenan,nise1244,Gathering,Hunting and gathering
Wintu,nucl1651,Fishing,Hunting and gathering
Coast Yuki,yuki1243,Two or more sources,NA
Huchnom,yuki1243,Gathering,Hunting and gathering
Northern Pomo,nort2966,Gathering,Hunting and gathering
Eastern Pomo,east2545,Gathering,Hunting and gathering
Southern Pomo,sout2984,Gathering,Hunting and gathering
Tübalulabal,tuba1278,Gathering,Hunting and gathering
Wappo,wapp1239,Gathering,Hunting and gathering
Lake Miwok,lake1258,Gathering,Hunting and gathering
Patwin,patw1250,Gathering,Hunting and gathering
Western Mono,mono1275,Gathering,Hunting and gathering
Southern Valley Yokuts,vall1251,Gathering,Hunting and gathering
Wukchumni,tule1245,Gathering,Hunting and gathering
Salinan,sali1253,Gathering,Hunting and gathering
Kawaiisu,kawa1283,Gathering,Hunting and gathering
Chumash,cruz1243,Fishing,Hunting and gathering
Tongva,tong1329,Two or more sources,NA
Northern Foothill Yokuts,nort2937,Gathering,Hunting and gathering
Serrano,serr1255,Gathering,Hunting and gathering
Cahuilla (Desert),cahu1264,Gathering,Hunting and gathering
Cupeño,cupe1243,Gathering,Hunting and gathering
Luiseño,luis1253,Gathering,Hunting and gathering
Kiliwa,kili1268,Gathering,Hunting and gathering
Atsugewi,atsu1245,Gathering,Hunting and gathering
Central Sierra Miwok,cent2140,Gathering,Hunting and gathering
Kumeyaay,kumi1248,Gathering,Hunting and gathering
Yuki,yuki1243,Gathering,Hunting and gathering
Klamath,klam1254,Fishing,Hunting and gathering
Modoc,klam1254,Gathering,Hunting and gathering
Tenino,teni1238,Fishing,Hunting and gathering
Nlaka'pamux,thom1243,Fishing,Hunting and gathering
Shuswap,shus1248,Fishing,Hunting and gathering
Bitterroot Salish,kali1309,Hunting,Hunting and gathering
Kalispel,kali1309,Hunting,Hunting and gathering
Coeur d’Alene,coeu1236,Hunting,Hunting and gathering
Sinkaitk,sout2963,Fishing,Hunting and gathering
Wenatchi,wena1241,Fishing,Hunting and gathering
Klikitat,nucl1237,Fishing,Hunting and gathering
Wishram,wasc1239,Fishing,Hunting and gathering
Umatilla,umat1237,Fishing,Hunting and gathering
Southern Ute,utee1244,Hunting,Hunting and gathering
Nez Perce,nezp1238,Fishing,Hunting and gathering
Tagotoka,nort1551,Gathering,Hunting and gathering
Wadadokado,nort1551,Gathering,Hunting and gathering
Atsakudokwa,nort1551,Gathering,Hunting and gathering
Kidutokado,nort1551,Hunting,Hunting and gathering
Sawakudokwa,nort1551,Gathering,Hunting and gathering
Wadatkuht,sout2967,Gathering,Hunting and gathering
Kuyuidokado,sout2967,Gathering,Hunting and gathering
Toedokado,sout2967,Gathering,Hunting and gathering
Tunava (Deep Springs and Fish Lake),mono1275,Gathering,Hunting and gathering
Havasupai,hava1249,Intensive agriculture,Agriculture
Eastern Mono,mono1275,Gathering,Hunting and gathering
Koso,pana1305,Gathering,Hunting and gathering
Tümpisa Shoshone (Saline and Panamint),pana1305,Gathering,Hunting and gathering
Beatty,pana1305,Gathering,Hunting and gathering
Lida Shoshoni,west2622,Gathering,Hunting and gathering
Mahaguaduka,west2622,Gathering,Hunting and gathering
Wiyambituka,west2622,Gathering,Hunting and gathering
Railroad Valley Shoshoni,west2622,Gathering,Hunting and gathering
Ely Shoshoni,west2622,Gathering,Hunting and gathering
Spring Valley Shoshoni,west2622,Gathering,Hunting and gathering
Sanpoil,sanp1257,Fishing,Hunting and gathering
Tubaduka,west2622,Gathering,Hunting and gathering
Wadaduka,west2622,Gathering,Hunting and gathering
Elko Shoshoni,west2622,Gathering,Hunting and gathering
White Knife Shoshoni,west2622,Gathering,Hunting and gathering
Yahanduka,west2622,Fishing,Hunting and gathering
Bohogue,nort2955,Hunting,Hunting and gathering
Agaiduka,nort2955,Fishing,Hunting and gathering
Tukudika,nort2955,Hunting,Hunting and gathering
Gosiute,gosi1242,Gathering,Hunting and gathering
Antarianunts,utee1244,Gathering,Hunting and gathering
Hukundika,nort2955,Gathering,Hunting and gathering
Panguitch,utee1244,Gathering,Hunting and gathering
Moapa,sout2969,Gathering,Hunting and gathering
Shivwits,sout2969,Gathering,Hunting and gathering
Southern Paiute (Kaibab),sout2969,Gathering,Hunting and gathering
Chemehuevi,chem1251,Gathering,Hunting and gathering
Southern Paiute (Las Vegas),sout2969,Gathering,Hunting and gathering
San Juan,sout2969,Gathering,Hunting and gathering
Pahvant,utee1244,Hunting,Hunting and gathering
Uintah Ute,utee1244,Hunting,Hunting and gathering
Moanunts,utee1244,Hunting,Hunting and gathering
Washo,wash1253,Gathering,Hunting and gathering
Moache,utee1244,Hunting,Hunting and gathering
Taviwatsiu,utee1244,Hunting,Hunting and gathering
Uncompahgre Ute,utee1244,Hunting,Hunting and gathering
Bannock,bann1248,Hunting,Hunting and gathering
Wind River Eastern Shoshone,nort2955,Hunting,Hunting and gathering
Hualapai,wala1270,Gathering,Hunting and gathering
Yavapai,yava1252,Gathering,Hunting and gathering
Tolkepaya,yava1252,Gathering,Hunting and gathering
Kutenai,kute1249,Fishing,Hunting and gathering
Chilcotin,chil1280,Fishing,Hunting and gathering
Lillooet,lill1248,Fishing,Hunting and gathering
Gros Ventre,gros1243,Hunting,Hunting and gathering
Arikara,arik1262,Intensive agriculture,Agriculture
Assiniboine,assi1247,Hunting,Hunting and gathering
Blackfoot,pieg1239,Hunting,Hunting and gathering
Kainai,bloo1239,Hunting,Hunting and gathering
Bungi,west1510,Hunting,Hunting and gathering
Hidatsa,hida1246,Intensive agriculture,Agriculture
Karankawa,kara1289,Fishing,Hunting and gathering
Kiowa,kiow1266,Hunting,Hunting and gathering
Piegan,pieg1239,Hunting,Hunting and gathering
Plains Cree,plai1258,Hunting,Hunting and gathering
Kiowa Apache,kiow1264,Hunting,Hunting and gathering
Santee,dako1258,Hunting,Hunting and gathering
Coahuilteco,coah1252,Hunting,Hunting and gathering
Comanche,coma1245,Hunting,Hunting and gathering
Crow,crow1244,Hunting,Hunting and gathering
Cheyenne,chey1247,Hunting,Hunting and gathering
Mandan,mand1446,Intensive agriculture,Agriculture
Sarcee,sars1236,Hunting,Hunting and gathering
Teton,lako1247,Hunting,Hunting and gathering
Arapaho,arap1274,Hunting,Hunting and gathering
Iowa,iowa1246,Two or more sources,NA
Otoe,otoo1241,Hunting,Hunting and gathering
Ponca,ponc1241,Hunting,Hunting and gathering
Shawnee,shaw1249,Hunting,Hunting and gathering
Caddo,cadd1256,Extensive agriculture,Agriculture
Kickapoo,kick1244,"Agriculture, type unknown",Agriculture
Ho Chunk,hoch1243,Two or more sources,NA
Omaha,omah1248,Two or more sources,NA
Myaamia,miam1252,Extensive agriculture,Agriculture
Wichita,wich1260,Extensive agriculture,Agriculture
Pawnee,pawn1254,Extensive agriculture,Agriculture
Fox,mesk1242,Two or more sources,NA
Hasinai,cadd1256,Extensive agriculture,Agriculture
Menominee,meno1252,Gathering,Hunting and gathering
Huron,wyan1247,Extensive agriculture,Agriculture
Seneca,sene1264,Extensive agriculture,Agriculture
Yuchi,yuch1247,Extensive agriculture,Agriculture
Choctaw,choc1276,Extensive agriculture,Agriculture
Abenaki,peno1243,Hunting,Hunting and gathering
Chickasaw,chic1270,"Agriculture, type unknown",Agriculture
Chitimacha,chit1248,"Agriculture, type unknown",Agriculture
Seminole,mika1239,Missing for at least 1 activity,NA
Muscogee,cree1270,Extensive agriculture,Agriculture
Penobscot,peno1243,Hunting,Hunting and gathering
Cherokee,cher1273,Extensive agriculture,Agriculture
Delaware,unam1242,Extensive agriculture,Agriculture
Natchez,natc1249,Extensive agriculture,Agriculture
Timucua,timu1245,Extensive agriculture,Agriculture
Catawba,cata1286,Intensive agriculture,Agriculture
Chiricahua,mesc1238,Gathering,Hunting and gathering
Isleta,sout2961,Intensive agriculture,Agriculture
San Ildefonso,sani1273,Intensive agriculture,Agriculture
Santa Ana,sant1426,Intensive agriculture,Agriculture
Acoma,acom1246,Intensive agriculture,Agriculture
Laguna,acom1246,Intensive agriculture,Agriculture
Mescalero,mesc1238,Two or more sources,NA
Jicarilla,jica1244,Hunting,Hunting and gathering
Western Apache,west2615,Hunting,Hunting and gathering
Hopi,hopi1249,Intensive agriculture,Agriculture
Cocopa,coco1261,Intensive agriculture,Agriculture
Hano,ariz1237,Intensive agriculture,Agriculture
Kamia,kumi1248,Intensive agriculture,Agriculture
Mojave,moha1256,Intensive agriculture,Agriculture
Quechan,quec1382,Intensive agriculture,Agriculture
Kewyipaya,yava1252,Gathering,Hunting and gathering
Lipan Apache,lipa1241,Gathering,Hunting and gathering
Sia,ziaa1251,Intensive agriculture,Agriculture
Santa Clara,sant1421,"Agriculture, type unknown",Agriculture
Kewa,sant1425,"Agriculture, type unknown",Agriculture
Navajo,nava1243,Intensive agriculture,Agriculture
Zuni,zuni1245,Intensive agriculture,Agriculture
Maricopa,mari1440,Gathering,Hunting and gathering
Taos,taos1236,Intensive agriculture,Agriculture
Cochiti,coch1273,Intensive agriculture,Agriculture
Jemez,jeme1245,Intensive agriculture,Agriculture
Picuris,picu1248,Intensive agriculture,Agriculture
Tarahumara,cent2131,Intensive agriculture,Agriculture
Tohono O'odham,toho1246,Intensive agriculture,Agriculture
Huichol,huic1243,Extensive agriculture,Agriculture
Seri,seri1257,Fishing,Hunting and gathering
Chichimeca,chic1272,Gathering,Hunting and gathering
Pima,akim1239,Intensive agriculture,Agriculture
Yaqui,yaqu1251,Intensive agriculture,Agriculture
Opata,opat1246,"Agriculture, type unknown",Agriculture
Tepehuán,nort2959,"Agriculture, type unknown",Agriculture
Chinantec,ojit1237,Extensive agriculture,Agriculture
Zapotec,yala1267,Extensive agriculture,Agriculture
Huastec,huas1242,"Agriculture, type unknown",Agriculture
Mixtec,juxt1235,"Agriculture, type unknown",Agriculture
Otomí,mezq1235,"Agriculture, type unknown",Agriculture
Tequistlatec,high1242,"Agriculture, type unknown",Agriculture
Aztec,clas1250,Intensive agriculture,Agriculture
Sierra Popoluca,high1276,Extensive agriculture,Agriculture
Totonac,papa1238,Extensive agriculture,Agriculture
Mazateco,huau1238,"Agriculture, type unknown",Agriculture
Huave,sanm1287,Fishing,Hunting and gathering
Mixe,isth1238,Extensive agriculture,Agriculture
Tarasco,pure1242,Intensive agriculture,Agriculture
Tlaxcalans,cent2132,Extensive agriculture,Agriculture
Guna,sanb1242,Extensive agriculture,Agriculture
Lacandon,laca1243,Extensive agriculture,Agriculture
Kaqchikel,kaqc1270,"Agriculture, type unknown",Agriculture
Lenca,lenc1242,Extensive agriculture,Agriculture
K'iche',kich1262,Extensive agriculture,Agriculture
Ngäbe,ngab1239,"Agriculture, type unknown",Agriculture
Jakaltek,popt1235,"Agriculture, type unknown",Agriculture
Tolupan,toll1241,"Agriculture, type unknown",Agriculture
Poqomam,poqo1253,"Agriculture, type unknown",Agriculture
Tzeltal,tzel1254,"Agriculture, type unknown",Agriculture
Ch'orti',chor1273,Extensive agriculture,Agriculture
Emberá,nort2972,Extensive agriculture,Agriculture
Bribri,brib1243,Extensive agriculture,Agriculture
Yucatec Maya,yuca1254,Extensive agriculture,Agriculture
Garifuna,gari1256,Extensive agriculture,Agriculture
Mam,mamm1241,Extensive agriculture,Agriculture
Miskito,misk1235,Gathering,Hunting and gathering
Callinago,isla1278,Fishing,Hunting and gathering
Cágaba,cogu1240,Extensive agriculture,Agriculture
Barí (Motilon),yukp1241,Gathering,Hunting and gathering
Cariña,taba1267,Extensive agriculture,Agriculture
Paraujano,para1316,Fishing,Hunting and gathering
Wayuu,wayu1243,Pastoralism,Hunting and gathering
Yupa,yukp1241,Extensive agriculture,Agriculture
Taíno,tain1254,Intensive agriculture,Agriculture
Haitians,hait1244,Intensive agriculture,Agriculture
Warao,wara1303,Gathering,Hunting and gathering
Lokono,araw1276,Extensive agriculture,Agriculture
Camaracoto,cama1252,Extensive agriculture,Agriculture
Macushi,macu1259,Extensive agriculture,Agriculture
Panare,enap1235,Extensive agriculture,Agriculture
Rucuyen,waya1269,"Agriculture, type unknown",Agriculture
Taulípang,taul1252,Extensive agriculture,Agriculture
Ye'kuana,maqu1238,Two or more sources,NA
Piapoco,piap1246,Extensive agriculture,Agriculture
Ndyuka,ndyu1242,Extensive agriculture,Agriculture
Pumé,pume1238,Extensive agriculture,Agriculture
Barama River Carib,mura1272,Extensive agriculture,Agriculture
Guahibo,guah1255,Extensive agriculture,Agriculture
Wapishana,wapi1253,Extensive agriculture,Agriculture
Saramaccan,sara1340,Extensive agriculture,Agriculture
Yabarana,yaba1248,Extensive agriculture,Agriculture
Piaroa,piar1243,Hunting,Hunting and gathering
Curripaco,curr1243,Extensive agriculture,Agriculture
Munduruku,mund1330,Extensive agriculture,Agriculture
Tapirapé,tapi1254,Extensive agriculture,Agriculture
Palikur,pali1279,Extensive agriculture,Agriculture
Guaica,yano1262,Two or more sources,NA
Sateré Mawé,sate1243,Extensive agriculture,Agriculture
Shiriana,nina1238,Hunting,Hunting and gathering
Wai-wai,waiw1244,Extensive agriculture,Agriculture
Sanema,sanu1240,Hunting,Hunting and gathering
Yanomami,yano1261,Extensive agriculture,Agriculture
Sirionó,siri1273,Hunting,Hunting and gathering
Cocama,coca1259,Fishing,Hunting and gathering
Chácobo,chac1251,Extensive agriculture,Agriculture
Tucano,tuca1252,"Agriculture, type unknown",Agriculture
Ticuna,ticu1245,Two or more sources,NA
Shuar,shua1257,Extensive agriculture,Agriculture
Yagua,yagu1244,Hunting,Hunting and gathering
Cubeo,cube1242,Extensive agriculture,Agriculture
Witoto,muru1274,Extensive agriculture,Agriculture
Camba,chiq1248,"Agriculture, type unknown",Agriculture
Amahuaca,amah1246,Extensive agriculture,Agriculture
Shipibo-Conibo,ship1254,Fishing,Hunting and gathering
Inca,cusc1236,Intensive agriculture,Agriculture
Aymara,cent2142,Extensive agriculture,Agriculture
Chachi,chac1249,Extensive agriculture,Agriculture
U'wa,cent2150,Extensive agriculture,Agriculture
Páez,paez1247,Intensive agriculture,Agriculture
Muisca,chib1270,Intensive agriculture,Agriculture
Asháninka,ajyi1238,Extensive agriculture,Agriculture
Piro,yine1238,"Agriculture, type unknown",Agriculture
Uru,uruu1244,Fishing,Hunting and gathering
Yahgan,yama1264,Fishing,Hunting and gathering
Mapuche,mapu1245,Intensive agriculture,Agriculture
Ona,onaa1245,Hunting,Hunting and gathering
Tehuelche,tehu1242,Hunting,Hunting and gathering
Alacaluf,qawa1238,Fishing,Hunting and gathering
Wichí,wich1264,Fishing,Hunting and gathering
Terena,tere1279,Two or more sources,NA
Abipón,abip1241,Hunting,Hunting and gathering
Kadiwéu,kadi1248,Hunting,Hunting and gathering
Choroti,iyow1239,Gathering,Hunting and gathering
Chamacoco,cham1315,Gathering,Hunting and gathering
Guaraní,east2555,Extensive agriculture,Agriculture
Toba,toba1269,Two or more sources,NA
Lengua,nort2971,Hunting,Hunting and gathering
Bororo,boro1282,Hunting,Hunting and gathering
Kuikuru,kuik1246,Extensive agriculture,Agriculture
Trumai,trum1247,Extensive agriculture,Agriculture
Bacairi,baka1277,Extensive agriculture,Agriculture
Nambikwara,sout2994,Gathering,Hunting and gathering
Kamayurá,kama1373,Extensive agriculture,Agriculture
Guató,guat1253,Gathering,Hunting and gathering
Paresi,pare1272,Extensive agriculture,Agriculture
Umotina,umot1240,Extensive agriculture,Agriculture
Aweti,awet1244,"Agriculture, type unknown",Agriculture
Carajá,kara1500,Fishing,Hunting and gathering
Cayua,mbya1239,Extensive agriculture,Agriculture
Shavante,xava1240,Gathering,Hunting and gathering
Sherente,xere1240,Extensive agriculture,Agriculture
Aweikoma,xokl1240,Hunting,Hunting and gathering
Canela,cane1242,Extensive agriculture,Agriculture
Aimoré,kren1239,Gathering,Hunting and gathering
Tenetehara,temb1276,Extensive agriculture,Agriculture
Apinaye,apin1244,Extensive agriculture,Agriculture
Tupinambá,tupi1273,Extensive agriculture,Agriculture
Kayapo,kaya1330,Extensive agriculture,Agriculture
