language,glottocode,family,prop,n_kintypes
simulation_0,na,na,0.3541666666666667,48
simulation_1,na,na,0.2708333333333333,48
simulation_2,na,na,0.3541666666666667,48
simulation_3,na,na,0.3541666666666667,48
simulation_4,na,na,0.3125,48
simulation_5,na,na,0.3125,48
simulation_6,na,na,0.3958333333333333,48
simulation_7,na,na,0.4166666666666667,48
simulation_8,na,na,0.3125,48
simulation_9,na,na,0.2708333333333333,48
simulation_10,na,na,0.3125,48
simulation_11,na,na,0.2708333333333333,48
simulation_12,na,na,0.2916666666666667,48
simulation_13,na,na,0.3125,48
simulation_14,na,na,0.3541666666666667,48
simulation_15,na,na,0.2916666666666667,48
simulation_16,na,na,0.375,48
simulation_17,na,na,0.3333333333333333,48
simulation_18,na,na,0.25,48
simulation_19,na,na,0.3541666666666667,48
simulation_20,na,na,0.2708333333333333,48
simulation_21,na,na,0.2916666666666667,48
simulation_22,na,na,0.3958333333333333,48
simulation_23,na,na,0.4166666666666667,48
simulation_24,na,na,0.3333333333333333,48
simulation_25,na,na,0.2708333333333333,48
simulation_26,na,na,0.3125,48
simulation_27,na,na,0.3333333333333333,48
simulation_28,na,na,0.3125,48
simulation_29,na,na,0.3958333333333333,48
simulation_30,na,na,0.2916666666666667,48
simulation_31,na,na,0.3125,48
simulation_32,na,na,0.2708333333333333,48
simulation_33,na,na,0.2916666666666667,48
simulation_34,na,na,0.2708333333333333,48
simulation_35,na,na,0.375,48
simulation_36,na,na,0.3125,48
simulation_37,na,na,0.3125,48
simulation_38,na,na,0.3541666666666667,48
simulation_39,na,na,0.3541666666666667,48
simulation_40,na,na,0.2916666666666667,48
simulation_41,na,na,0.3333333333333333,48
simulation_42,na,na,0.2916666666666667,48
simulation_43,na,na,0.4375,48
simulation_44,na,na,0.3333333333333333,48
simulation_45,na,na,0.25,48
simulation_46,na,na,0.3333333333333333,48
simulation_47,na,na,0.3333333333333333,48
simulation_48,na,na,0.3333333333333333,48
simulation_49,na,na,0.3958333333333333,48
simulation_50,na,na,0.2916666666666667,48
simulation_51,na,na,0.3541666666666667,48
simulation_52,na,na,0.3125,48
simulation_53,na,na,0.3333333333333333,48
simulation_54,na,na,0.3333333333333333,48
simulation_55,na,na,0.3333333333333333,48
simulation_56,na,na,0.2916666666666667,48
simulation_57,na,na,0.3125,48
simulation_58,na,na,0.3541666666666667,48
simulation_59,na,na,0.3125,48
simulation_60,na,na,0.2708333333333333,48
simulation_61,na,na,0.3125,48
simulation_62,na,na,0.2708333333333333,48
simulation_63,na,na,0.3333333333333333,48
simulation_64,na,na,0.3541666666666667,48
simulation_65,na,na,0.4166666666666667,48
simulation_66,na,na,0.3541666666666667,48
simulation_67,na,na,0.2916666666666667,48
simulation_68,na,na,0.3125,48
simulation_69,na,na,0.3958333333333333,48
simulation_70,na,na,0.3125,48
simulation_71,na,na,0.3541666666666667,48
simulation_72,na,na,0.3333333333333333,48
simulation_73,na,na,0.375,48
simulation_74,na,na,0.3333333333333333,48
simulation_75,na,na,0.2708333333333333,48
simulation_76,na,na,0.4375,48
simulation_77,na,na,0.4166666666666667,48
simulation_78,na,na,0.3125,48
simulation_79,na,na,0.3125,48
simulation_80,na,na,0.3541666666666667,48
simulation_81,na,na,0.3125,48
simulation_82,na,na,0.2708333333333333,48
simulation_83,na,na,0.375,48
simulation_84,na,na,0.375,48
simulation_85,na,na,0.3125,48
simulation_86,na,na,0.3125,48
simulation_87,na,na,0.375,48
simulation_88,na,na,0.3333333333333333,48
simulation_89,na,na,0.3541666666666667,48
simulation_90,na,na,0.2916666666666667,48
simulation_91,na,na,0.3333333333333333,48
simulation_92,na,na,0.3125,48
simulation_93,na,na,0.3541666666666667,48
simulation_94,na,na,0.3541666666666667,48
simulation_95,na,na,0.2708333333333333,48
simulation_96,na,na,0.3333333333333333,48
simulation_97,na,na,0.375,48
simulation_98,na,na,0.3541666666666667,48
simulation_99,na,na,0.3125,48
simulation_100,na,na,0.2916666666666667,48
simulation_101,na,na,0.3333333333333333,48
simulation_102,na,na,0.3958333333333333,48
simulation_103,na,na,0.3125,48
simulation_104,na,na,0.2708333333333333,48
simulation_105,na,na,0.3333333333333333,48
simulation_106,na,na,0.3125,48
simulation_107,na,na,0.2916666666666667,48
simulation_108,na,na,0.3333333333333333,48
simulation_109,na,na,0.2916666666666667,48
simulation_110,na,na,0.3333333333333333,48
simulation_111,na,na,0.3333333333333333,48
simulation_112,na,na,0.375,48
simulation_113,na,na,0.3125,48
simulation_114,na,na,0.3125,48
simulation_115,na,na,0.2916666666666667,48
simulation_116,na,na,0.3541666666666667,48
simulation_117,na,na,0.3541666666666667,48
simulation_118,na,na,0.375,48
simulation_119,na,na,0.3125,48
simulation_120,na,na,0.2916666666666667,48
simulation_121,na,na,0.2916666666666667,48
simulation_122,na,na,0.3541666666666667,48
simulation_123,na,na,0.2916666666666667,48
simulation_124,na,na,0.2916666666666667,48
simulation_125,na,na,0.3333333333333333,48
simulation_126,na,na,0.3541666666666667,48
simulation_127,na,na,0.3125,48
simulation_128,na,na,0.2916666666666667,48
simulation_129,na,na,0.2916666666666667,48
simulation_130,na,na,0.3541666666666667,48
simulation_131,na,na,0.2708333333333333,48
simulation_132,na,na,0.2916666666666667,48
simulation_133,na,na,0.3125,48
simulation_134,na,na,0.3125,48
simulation_135,na,na,0.3125,48
simulation_136,na,na,0.3541666666666667,48
simulation_137,na,na,0.2916666666666667,48
simulation_138,na,na,0.3541666666666667,48
simulation_139,na,na,0.3333333333333333,48
simulation_140,na,na,0.3125,48
simulation_141,na,na,0.3125,48
simulation_142,na,na,0.25,48
simulation_143,na,na,0.3125,48
simulation_144,na,na,0.3125,48
simulation_145,na,na,0.3541666666666667,48
simulation_146,na,na,0.3333333333333333,48
simulation_147,na,na,0.3125,48
simulation_148,na,na,0.2708333333333333,48
simulation_149,na,na,0.2916666666666667,48
simulation_150,na,na,0.3333333333333333,48
simulation_151,na,na,0.3333333333333333,48
simulation_152,na,na,0.25,48
simulation_153,na,na,0.3125,48
simulation_154,na,na,0.3333333333333333,48
simulation_155,na,na,0.375,48
simulation_156,na,na,0.2916666666666667,48
simulation_157,na,na,0.375,48
simulation_158,na,na,0.3125,48
simulation_159,na,na,0.3125,48
simulation_160,na,na,0.2916666666666667,48
simulation_161,na,na,0.2916666666666667,48
simulation_162,na,na,0.3125,48
simulation_163,na,na,0.2916666666666667,48
simulation_164,na,na,0.2708333333333333,48
simulation_165,na,na,0.3125,48
simulation_166,na,na,0.3125,48
simulation_167,na,na,0.2708333333333333,48
simulation_168,na,na,0.3333333333333333,48
simulation_169,na,na,0.3333333333333333,48
simulation_170,na,na,0.3958333333333333,48
simulation_171,na,na,0.3958333333333333,48
simulation_172,na,na,0.375,48
simulation_173,na,na,0.3541666666666667,48
simulation_174,na,na,0.3958333333333333,48
simulation_175,na,na,0.3333333333333333,48
simulation_176,na,na,0.3541666666666667,48
simulation_177,na,na,0.375,48
simulation_178,na,na,0.3541666666666667,48
simulation_179,na,na,0.375,48
simulation_180,na,na,0.375,48
simulation_181,na,na,0.3541666666666667,48
simulation_182,na,na,0.2708333333333333,48
simulation_183,na,na,0.2916666666666667,48
simulation_184,na,na,0.375,48
simulation_185,na,na,0.2916666666666667,48
simulation_186,na,na,0.3958333333333333,48
simulation_187,na,na,0.3125,48
simulation_188,na,na,0.375,48
simulation_189,na,na,0.3958333333333333,48
simulation_190,na,na,0.375,48
simulation_191,na,na,0.2916666666666667,48
simulation_192,na,na,0.375,48
simulation_193,na,na,0.2916666666666667,48
simulation_194,na,na,0.3333333333333333,48
simulation_195,na,na,0.3333333333333333,48
simulation_196,na,na,0.25,48
simulation_197,na,na,0.3333333333333333,48
simulation_198,na,na,0.3333333333333333,48
simulation_199,na,na,0.3125,48
simulation_200,na,na,0.2916666666666667,48
simulation_201,na,na,0.2916666666666667,48
simulation_202,na,na,0.3958333333333333,48
simulation_203,na,na,0.3333333333333333,48
simulation_204,na,na,0.3541666666666667,48
simulation_205,na,na,0.3125,48
simulation_206,na,na,0.4166666666666667,48
simulation_207,na,na,0.2708333333333333,48
simulation_208,na,na,0.3125,48
simulation_209,na,na,0.375,48
simulation_210,na,na,0.3541666666666667,48
simulation_211,na,na,0.3541666666666667,48
simulation_212,na,na,0.3125,48
simulation_213,na,na,0.3333333333333333,48
simulation_214,na,na,0.3958333333333333,48
simulation_215,na,na,0.3541666666666667,48
simulation_216,na,na,0.22916666666666663,48
simulation_217,na,na,0.2916666666666667,48
simulation_218,na,na,0.2916666666666667,48
simulation_219,na,na,0.3333333333333333,48
simulation_220,na,na,0.3541666666666667,48
simulation_221,na,na,0.3125,48
simulation_222,na,na,0.375,48
simulation_223,na,na,0.2916666666666667,48
simulation_224,na,na,0.2916666666666667,48
simulation_225,na,na,0.3125,48
simulation_226,na,na,0.3125,48
simulation_227,na,na,0.2708333333333333,48
simulation_228,na,na,0.4166666666666667,48
simulation_229,na,na,0.3541666666666667,48
simulation_230,na,na,0.3125,48
simulation_231,na,na,0.25,48
simulation_232,na,na,0.3333333333333333,48
simulation_233,na,na,0.3958333333333333,48
simulation_234,na,na,0.375,48
simulation_235,na,na,0.3333333333333333,48
simulation_236,na,na,0.25,48
simulation_237,na,na,0.3125,48
simulation_238,na,na,0.2916666666666667,48
simulation_239,na,na,0.3125,48
simulation_240,na,na,0.3333333333333333,48
simulation_241,na,na,0.3125,48
simulation_242,na,na,0.375,48
simulation_243,na,na,0.375,48
simulation_244,na,na,0.3125,48
simulation_245,na,na,0.2708333333333333,48
simulation_246,na,na,0.3541666666666667,48
simulation_247,na,na,0.3125,48
simulation_248,na,na,0.3541666666666667,48
simulation_249,na,na,0.3333333333333333,48
simulation_250,na,na,0.2916666666666667,48
simulation_251,na,na,0.25,48
simulation_252,na,na,0.3541666666666667,48
simulation_253,na,na,0.3125,48
simulation_254,na,na,0.375,48
simulation_255,na,na,0.2708333333333333,48
simulation_256,na,na,0.2916666666666667,48
simulation_257,na,na,0.3541666666666667,48
simulation_258,na,na,0.2916666666666667,48
simulation_259,na,na,0.3333333333333333,48
simulation_260,na,na,0.3541666666666667,48
simulation_261,na,na,0.3125,48
simulation_262,na,na,0.3541666666666667,48
simulation_263,na,na,0.3125,48
simulation_264,na,na,0.3333333333333333,48
simulation_265,na,na,0.25,48
simulation_266,na,na,0.3125,48
simulation_267,na,na,0.2916666666666667,48
simulation_268,na,na,0.2708333333333333,48
simulation_269,na,na,0.3125,48
simulation_270,na,na,0.375,48
simulation_271,na,na,0.3541666666666667,48
simulation_272,na,na,0.3541666666666667,48
simulation_273,na,na,0.3125,48
simulation_274,na,na,0.4166666666666667,48
simulation_275,na,na,0.3333333333333333,48
simulation_276,na,na,0.3125,48
simulation_277,na,na,0.3541666666666667,48
simulation_278,na,na,0.2916666666666667,48
simulation_279,na,na,0.375,48
simulation_280,na,na,0.3333333333333333,48
simulation_281,na,na,0.3958333333333333,48
simulation_282,na,na,0.3958333333333333,48
simulation_283,na,na,0.2916666666666667,48
simulation_284,na,na,0.3333333333333333,48
simulation_285,na,na,0.3125,48
simulation_286,na,na,0.3125,48
simulation_287,na,na,0.3541666666666667,48
simulation_288,na,na,0.3333333333333333,48
simulation_289,na,na,0.3333333333333333,48
simulation_290,na,na,0.2708333333333333,48
simulation_291,na,na,0.3333333333333333,48
simulation_292,na,na,0.3125,48
simulation_293,na,na,0.3958333333333333,48
simulation_294,na,na,0.2916666666666667,48
simulation_295,na,na,0.2916666666666667,48
simulation_296,na,na,0.3541666666666667,48
simulation_297,na,na,0.3125,48
simulation_298,na,na,0.3125,48
simulation_299,na,na,0.3333333333333333,48
simulation_300,na,na,0.3333333333333333,48
simulation_301,na,na,0.3333333333333333,48
simulation_302,na,na,0.375,48
simulation_303,na,na,0.25,48
simulation_304,na,na,0.3958333333333333,48
simulation_305,na,na,0.3541666666666667,48
simulation_306,na,na,0.3333333333333333,48
simulation_307,na,na,0.2916666666666667,48
simulation_308,na,na,0.3333333333333333,48
simulation_309,na,na,0.375,48
simulation_310,na,na,0.3125,48
simulation_311,na,na,0.3333333333333333,48
simulation_312,na,na,0.3333333333333333,48
simulation_313,na,na,0.4166666666666667,48
simulation_314,na,na,0.3333333333333333,48
simulation_315,na,na,0.3125,48
simulation_316,na,na,0.2916666666666667,48
simulation_317,na,na,0.2708333333333333,48
simulation_318,na,na,0.2916666666666667,48
simulation_319,na,na,0.3333333333333333,48
simulation_320,na,na,0.3333333333333333,48
simulation_321,na,na,0.4166666666666667,48
simulation_322,na,na,0.3125,48
simulation_323,na,na,0.3958333333333333,48
simulation_324,na,na,0.2916666666666667,48
simulation_325,na,na,0.375,48
simulation_326,na,na,0.3958333333333333,48
simulation_327,na,na,0.3333333333333333,48
simulation_328,na,na,0.2916666666666667,48
simulation_329,na,na,0.375,48
simulation_330,na,na,0.2916666666666667,48
simulation_331,na,na,0.2916666666666667,48
simulation_332,na,na,0.375,48
simulation_333,na,na,0.3125,48
simulation_334,na,na,0.3333333333333333,48
simulation_335,na,na,0.3541666666666667,48
simulation_336,na,na,0.3541666666666667,48
simulation_337,na,na,0.3541666666666667,48
simulation_338,na,na,0.2916666666666667,48
simulation_339,na,na,0.3125,48
simulation_340,na,na,0.2916666666666667,48
simulation_341,na,na,0.3333333333333333,48
simulation_342,na,na,0.3541666666666667,48
simulation_343,na,na,0.2916666666666667,48
simulation_344,na,na,0.3125,48
simulation_345,na,na,0.3333333333333333,48
simulation_346,na,na,0.22916666666666663,48
simulation_347,na,na,0.3541666666666667,48
simulation_348,na,na,0.3333333333333333,48
simulation_349,na,na,0.2708333333333333,48
simulation_350,na,na,0.3541666666666667,48
simulation_351,na,na,0.2916666666666667,48
simulation_352,na,na,0.3958333333333333,48
simulation_353,na,na,0.3958333333333333,48
simulation_354,na,na,0.3333333333333333,48
simulation_355,na,na,0.2916666666666667,48
simulation_356,na,na,0.3125,48
simulation_357,na,na,0.2916666666666667,48
simulation_358,na,na,0.3958333333333333,48
simulation_359,na,na,0.3125,48
simulation_360,na,na,0.3333333333333333,48
simulation_361,na,na,0.3125,48
simulation_362,na,na,0.3333333333333333,48
simulation_363,na,na,0.2708333333333333,48
simulation_364,na,na,0.3333333333333333,48
simulation_365,na,na,0.375,48
simulation_366,na,na,0.3333333333333333,48
simulation_367,na,na,0.2916666666666667,48
simulation_368,na,na,0.3125,48
simulation_369,na,na,0.3541666666666667,48
simulation_370,na,na,0.3541666666666667,48
simulation_371,na,na,0.3958333333333333,48
simulation_372,na,na,0.3958333333333333,48
simulation_373,na,na,0.3333333333333333,48
simulation_374,na,na,0.3333333333333333,48
simulation_375,na,na,0.2916666666666667,48
simulation_376,na,na,0.3333333333333333,48
simulation_377,na,na,0.2916666666666667,48
simulation_378,na,na,0.2708333333333333,48
simulation_379,na,na,0.3333333333333333,48
simulation_380,na,na,0.3333333333333333,48
simulation_381,na,na,0.3125,48
simulation_382,na,na,0.2916666666666667,48
simulation_383,na,na,0.375,48
simulation_384,na,na,0.2708333333333333,48
simulation_385,na,na,0.3125,48
simulation_386,na,na,0.2916666666666667,48
simulation_387,na,na,0.375,48
simulation_388,na,na,0.375,48
simulation_389,na,na,0.3541666666666667,48
simulation_390,na,na,0.3541666666666667,48
simulation_391,na,na,0.2916666666666667,48
simulation_392,na,na,0.2916666666666667,48
simulation_393,na,na,0.2916666666666667,48
simulation_394,na,na,0.375,48
simulation_395,na,na,0.3541666666666667,48
simulation_396,na,na,0.3541666666666667,48
simulation_397,na,na,0.3333333333333333,48
simulation_398,na,na,0.3333333333333333,48
simulation_399,na,na,0.2916666666666667,48
simulation_400,na,na,0.3541666666666667,48
simulation_401,na,na,0.3125,48
simulation_402,na,na,0.3333333333333333,48
simulation_403,na,na,0.3333333333333333,48
simulation_404,na,na,0.4166666666666667,48
simulation_405,na,na,0.3125,48
simulation_406,na,na,0.3333333333333333,48
simulation_407,na,na,0.3125,48
simulation_408,na,na,0.3958333333333333,48
simulation_409,na,na,0.375,48
simulation_410,na,na,0.3333333333333333,48
simulation_411,na,na,0.3125,48
simulation_412,na,na,0.3541666666666667,48
simulation_413,na,na,0.2916666666666667,48
simulation_414,na,na,0.2916666666666667,48
simulation_415,na,na,0.3333333333333333,48
simulation_416,na,na,0.3541666666666667,48
simulation_417,na,na,0.2708333333333333,48
simulation_418,na,na,0.375,48
simulation_419,na,na,0.3125,48
simulation_420,na,na,0.2916666666666667,48
simulation_421,na,na,0.3541666666666667,48
simulation_422,na,na,0.3125,48
simulation_423,na,na,0.3333333333333333,48
simulation_424,na,na,0.3541666666666667,48
simulation_425,na,na,0.3541666666666667,48
simulation_426,na,na,0.3333333333333333,48
simulation_427,na,na,0.2708333333333333,48
simulation_428,na,na,0.2916666666666667,48
simulation_429,na,na,0.375,48
simulation_430,na,na,0.2708333333333333,48
simulation_431,na,na,0.3958333333333333,48
simulation_432,na,na,0.2916666666666667,48
simulation_433,na,na,0.3125,48
simulation_434,na,na,0.3333333333333333,48
simulation_435,na,na,0.375,48
simulation_436,na,na,0.3125,48
simulation_437,na,na,0.3333333333333333,48
simulation_438,na,na,0.3333333333333333,48
simulation_439,na,na,0.3125,48
simulation_440,na,na,0.3333333333333333,48
simulation_441,na,na,0.3333333333333333,48
simulation_442,na,na,0.375,48
simulation_443,na,na,0.375,48
simulation_444,na,na,0.3333333333333333,48
simulation_445,na,na,0.3541666666666667,48
simulation_446,na,na,0.3541666666666667,48
simulation_447,na,na,0.3541666666666667,48
simulation_448,na,na,0.20833333333333337,48
simulation_449,na,na,0.3333333333333333,48
simulation_450,na,na,0.3958333333333333,48
simulation_451,na,na,0.4166666666666667,48
simulation_452,na,na,0.375,48
simulation_453,na,na,0.3333333333333333,48
simulation_454,na,na,0.3125,48
simulation_455,na,na,0.3125,48
simulation_456,na,na,0.3541666666666667,48
simulation_457,na,na,0.3125,48
simulation_458,na,na,0.3958333333333333,48
simulation_459,na,na,0.3333333333333333,48
simulation_460,na,na,0.2708333333333333,48
simulation_461,na,na,0.3125,48
simulation_462,na,na,0.375,48
simulation_463,na,na,0.2916666666666667,48
simulation_464,na,na,0.3125,48
simulation_465,na,na,0.3333333333333333,48
simulation_466,na,na,0.3958333333333333,48
simulation_467,na,na,0.3333333333333333,48
simulation_468,na,na,0.2708333333333333,48
simulation_469,na,na,0.3125,48
simulation_470,na,na,0.25,48
simulation_471,na,na,0.375,48
simulation_472,na,na,0.2916666666666667,48
simulation_473,na,na,0.3541666666666667,48
simulation_474,na,na,0.3333333333333333,48
simulation_475,na,na,0.375,48
simulation_476,na,na,0.3541666666666667,48
simulation_477,na,na,0.2916666666666667,48
simulation_478,na,na,0.3333333333333333,48
simulation_479,na,na,0.375,48
simulation_480,na,na,0.3333333333333333,48
simulation_481,na,na,0.25,48
simulation_482,na,na,0.3333333333333333,48
simulation_483,na,na,0.3541666666666667,48
simulation_484,na,na,0.375,48
simulation_485,na,na,0.2916666666666667,48
simulation_486,na,na,0.2916666666666667,48
simulation_487,na,na,0.3125,48
simulation_488,na,na,0.2916666666666667,48
simulation_489,na,na,0.2916666666666667,48
simulation_490,na,na,0.3125,48
simulation_491,na,na,0.3541666666666667,48
simulation_492,na,na,0.3125,48
simulation_493,na,na,0.3541666666666667,48
simulation_494,na,na,0.3958333333333333,48
simulation_495,na,na,0.3125,48
simulation_496,na,na,0.3333333333333333,48
simulation_497,na,na,0.4166666666666667,48
simulation_498,na,na,0.4166666666666667,48
simulation_499,na,na,0.3541666666666667,48
simulation_500,na,na,0.375,48
simulation_501,na,na,0.3541666666666667,48
simulation_502,na,na,0.3333333333333333,48
simulation_503,na,na,0.3333333333333333,48
simulation_504,na,na,0.4375,48
simulation_505,na,na,0.3333333333333333,48
simulation_506,na,na,0.3958333333333333,48
simulation_507,na,na,0.3125,48
simulation_508,na,na,0.2916666666666667,48
simulation_509,na,na,0.3333333333333333,48
simulation_510,na,na,0.3541666666666667,48
simulation_511,na,na,0.3541666666666667,48
simulation_512,na,na,0.25,48
simulation_513,na,na,0.25,48
simulation_514,na,na,0.3958333333333333,48
simulation_515,na,na,0.2916666666666667,48
simulation_516,na,na,0.3541666666666667,48
simulation_517,na,na,0.2916666666666667,48
simulation_518,na,na,0.3333333333333333,48
simulation_519,na,na,0.2708333333333333,48
simulation_520,na,na,0.3333333333333333,48
simulation_521,na,na,0.2916666666666667,48
simulation_522,na,na,0.3333333333333333,48
simulation_523,na,na,0.3333333333333333,48
simulation_524,na,na,0.2916666666666667,48
simulation_525,na,na,0.2708333333333333,48
simulation_526,na,na,0.2708333333333333,48
simulation_527,na,na,0.2916666666666667,48
simulation_528,na,na,0.3333333333333333,48
simulation_529,na,na,0.2708333333333333,48
simulation_530,na,na,0.3333333333333333,48
simulation_531,na,na,0.2916666666666667,48
simulation_532,na,na,0.3541666666666667,48
simulation_533,na,na,0.3541666666666667,48
simulation_534,na,na,0.22916666666666663,48
simulation_535,na,na,0.3125,48
simulation_536,na,na,0.3541666666666667,48
simulation_537,na,na,0.3333333333333333,48
simulation_538,na,na,0.3125,48
simulation_539,na,na,0.2916666666666667,48
simulation_540,na,na,0.3541666666666667,48
simulation_541,na,na,0.3125,48
simulation_542,na,na,0.375,48
simulation_543,na,na,0.3333333333333333,48
simulation_544,na,na,0.3541666666666667,48
simulation_545,na,na,0.3333333333333333,48
simulation_546,na,na,0.2708333333333333,48
simulation_547,na,na,0.3333333333333333,48
simulation_548,na,na,0.3541666666666667,48
simulation_549,na,na,0.3333333333333333,48
simulation_550,na,na,0.3958333333333333,48
simulation_551,na,na,0.375,48
simulation_552,na,na,0.3333333333333333,48
simulation_553,na,na,0.3541666666666667,48
simulation_554,na,na,0.375,48
simulation_555,na,na,0.3958333333333333,48
simulation_556,na,na,0.375,48
simulation_557,na,na,0.3125,48
simulation_558,na,na,0.2916666666666667,48
simulation_559,na,na,0.3125,48
simulation_560,na,na,0.22916666666666663,48
simulation_561,na,na,0.3125,48
simulation_562,na,na,0.3541666666666667,48
simulation_563,na,na,0.3125,48
simulation_564,na,na,0.3541666666666667,48
simulation_565,na,na,0.3125,48
simulation_566,na,na,0.25,48
simulation_567,na,na,0.3541666666666667,48
simulation_568,na,na,0.22916666666666663,48
simulation_569,na,na,0.375,48
simulation_570,na,na,0.3125,48
simulation_571,na,na,0.2916666666666667,48
simulation_572,na,na,0.3333333333333333,48
simulation_573,na,na,0.3541666666666667,48
simulation_574,na,na,0.3541666666666667,48
simulation_575,na,na,0.375,48
simulation_576,na,na,0.2916666666666667,48
simulation_577,na,na,0.3125,48
simulation_578,na,na,0.3541666666666667,48
simulation_579,na,na,0.2916666666666667,48
simulation_580,na,na,0.22916666666666663,48
simulation_581,na,na,0.2916666666666667,48
simulation_582,na,na,0.3541666666666667,48
simulation_583,na,na,0.3333333333333333,48
simulation_584,na,na,0.2916666666666667,48
simulation_585,na,na,0.3333333333333333,48
simulation_586,na,na,0.2708333333333333,48
simulation_587,na,na,0.3333333333333333,48
simulation_588,na,na,0.3541666666666667,48
simulation_589,na,na,0.3125,48
simulation_590,na,na,0.2916666666666667,48
simulation_591,na,na,0.2916666666666667,48
simulation_592,na,na,0.3541666666666667,48
simulation_593,na,na,0.375,48
simulation_594,na,na,0.3333333333333333,48
simulation_595,na,na,0.3125,48
simulation_596,na,na,0.2916666666666667,48
simulation_597,na,na,0.3125,48
simulation_598,na,na,0.3333333333333333,48
simulation_599,na,na,0.3333333333333333,48
simulation_600,na,na,0.2708333333333333,48
simulation_601,na,na,0.3333333333333333,48
simulation_602,na,na,0.3333333333333333,48
simulation_603,na,na,0.3125,48
simulation_604,na,na,0.2708333333333333,48
simulation_605,na,na,0.2708333333333333,48
simulation_606,na,na,0.3958333333333333,48
simulation_607,na,na,0.2916666666666667,48
simulation_608,na,na,0.2916666666666667,48
simulation_609,na,na,0.375,48
simulation_610,na,na,0.3541666666666667,48
simulation_611,na,na,0.2916666666666667,48
simulation_612,na,na,0.3333333333333333,48
simulation_613,na,na,0.3541666666666667,48
simulation_614,na,na,0.2916666666666667,48
simulation_615,na,na,0.2916666666666667,48
simulation_616,na,na,0.3541666666666667,48
simulation_617,na,na,0.22916666666666663,48
simulation_618,na,na,0.375,48
simulation_619,na,na,0.3333333333333333,48
simulation_620,na,na,0.3541666666666667,48
simulation_621,na,na,0.375,48
simulation_622,na,na,0.3125,48
simulation_623,na,na,0.2916666666666667,48
simulation_624,na,na,0.3333333333333333,48
simulation_625,na,na,0.3541666666666667,48
simulation_626,na,na,0.2708333333333333,48
simulation_627,na,na,0.3125,48
simulation_628,na,na,0.375,48
simulation_629,na,na,0.3125,48
simulation_630,na,na,0.3125,48
simulation_631,na,na,0.4375,48
simulation_632,na,na,0.3541666666666667,48
simulation_633,na,na,0.3541666666666667,48
simulation_634,na,na,0.2916666666666667,48
simulation_635,na,na,0.2916666666666667,48
simulation_636,na,na,0.3958333333333333,48
simulation_637,na,na,0.3125,48
simulation_638,na,na,0.25,48
simulation_639,na,na,0.3125,48
simulation_640,na,na,0.20833333333333337,48
simulation_641,na,na,0.3541666666666667,48
simulation_642,na,na,0.3125,48
simulation_643,na,na,0.2916666666666667,48
simulation_644,na,na,0.3125,48
simulation_645,na,na,0.3333333333333333,48
simulation_646,na,na,0.3333333333333333,48
simulation_647,na,na,0.3125,48
simulation_648,na,na,0.3333333333333333,48
simulation_649,na,na,0.3333333333333333,48
simulation_650,na,na,0.3125,48
simulation_651,na,na,0.3125,48
simulation_652,na,na,0.22916666666666663,48
simulation_653,na,na,0.25,48
simulation_654,na,na,0.3333333333333333,48
simulation_655,na,na,0.3333333333333333,48
simulation_656,na,na,0.3125,48
simulation_657,na,na,0.3333333333333333,48
simulation_658,na,na,0.3333333333333333,48
simulation_659,na,na,0.3541666666666667,48
simulation_660,na,na,0.3125,48
simulation_661,na,na,0.2708333333333333,48
simulation_662,na,na,0.2708333333333333,48
simulation_663,na,na,0.3333333333333333,48
simulation_664,na,na,0.3333333333333333,48
simulation_665,na,na,0.2708333333333333,48
simulation_666,na,na,0.3541666666666667,48
simulation_667,na,na,0.3333333333333333,48
simulation_668,na,na,0.3333333333333333,48
simulation_669,na,na,0.3333333333333333,48
simulation_670,na,na,0.3125,48
simulation_671,na,na,0.2708333333333333,48
simulation_672,na,na,0.4166666666666667,48
simulation_673,na,na,0.2916666666666667,48
simulation_674,na,na,0.3333333333333333,48
simulation_675,na,na,0.3125,48
simulation_676,na,na,0.22916666666666663,48
simulation_677,na,na,0.3541666666666667,48
simulation_678,na,na,0.3333333333333333,48
simulation_679,na,na,0.3958333333333333,48
simulation_680,na,na,0.375,48
simulation_681,na,na,0.375,48
simulation_682,na,na,0.3333333333333333,48
simulation_683,na,na,0.2708333333333333,48
simulation_684,na,na,0.4166666666666667,48
simulation_685,na,na,0.3125,48
simulation_686,na,na,0.3125,48
simulation_687,na,na,0.2708333333333333,48
simulation_688,na,na,0.3541666666666667,48
simulation_689,na,na,0.3333333333333333,48
simulation_690,na,na,0.3333333333333333,48
simulation_691,na,na,0.2708333333333333,48
simulation_692,na,na,0.3541666666666667,48
simulation_693,na,na,0.3125,48
simulation_694,na,na,0.3125,48
simulation_695,na,na,0.3125,48
simulation_696,na,na,0.375,48
simulation_697,na,na,0.3541666666666667,48
simulation_698,na,na,0.3958333333333333,48
simulation_699,na,na,0.3125,48
simulation_700,na,na,0.3125,48
simulation_701,na,na,0.3125,48
simulation_702,na,na,0.2916666666666667,48
simulation_703,na,na,0.3125,48
simulation_704,na,na,0.3333333333333333,48
simulation_705,na,na,0.3541666666666667,48
simulation_706,na,na,0.3333333333333333,48
simulation_707,na,na,0.3541666666666667,48
simulation_708,na,na,0.375,48
simulation_709,na,na,0.3541666666666667,48
simulation_710,na,na,0.3958333333333333,48
simulation_711,na,na,0.3333333333333333,48
simulation_712,na,na,0.22916666666666663,48
simulation_713,na,na,0.3125,48
simulation_714,na,na,0.2916666666666667,48
simulation_715,na,na,0.3541666666666667,48
simulation_716,na,na,0.3333333333333333,48
simulation_717,na,na,0.3125,48
simulation_718,na,na,0.375,48
simulation_719,na,na,0.3333333333333333,48
simulation_720,na,na,0.3333333333333333,48
simulation_721,na,na,0.2708333333333333,48
simulation_722,na,na,0.3541666666666667,48
simulation_723,na,na,0.3541666666666667,48
simulation_724,na,na,0.3541666666666667,48
simulation_725,na,na,0.3333333333333333,48
simulation_726,na,na,0.3125,48
simulation_727,na,na,0.3333333333333333,48
simulation_728,na,na,0.2708333333333333,48
simulation_729,na,na,0.375,48
simulation_730,na,na,0.3541666666666667,48
simulation_731,na,na,0.3125,48
simulation_732,na,na,0.3333333333333333,48
simulation_733,na,na,0.3333333333333333,48
simulation_734,na,na,0.2708333333333333,48
simulation_735,na,na,0.2916666666666667,48
simulation_736,na,na,0.2708333333333333,48
simulation_737,na,na,0.375,48
simulation_738,na,na,0.3333333333333333,48
simulation_739,na,na,0.3125,48
simulation_740,na,na,0.2916666666666667,48
simulation_741,na,na,0.375,48
simulation_742,na,na,0.2916666666666667,48
simulation_743,na,na,0.3333333333333333,48
simulation_744,na,na,0.375,48
simulation_745,na,na,0.375,48
simulation_746,na,na,0.3541666666666667,48
simulation_747,na,na,0.3333333333333333,48
simulation_748,na,na,0.3125,48
simulation_749,na,na,0.3125,48
simulation_750,na,na,0.2916666666666667,48
simulation_751,na,na,0.375,48
simulation_752,na,na,0.3125,48
simulation_753,na,na,0.4166666666666667,48
simulation_754,na,na,0.3333333333333333,48
simulation_755,na,na,0.3333333333333333,48
simulation_756,na,na,0.3333333333333333,48
simulation_757,na,na,0.375,48
simulation_758,na,na,0.2708333333333333,48
simulation_759,na,na,0.4583333333333333,48
simulation_760,na,na,0.2708333333333333,48
simulation_761,na,na,0.375,48
simulation_762,na,na,0.3541666666666667,48
simulation_763,na,na,0.3333333333333333,48
simulation_764,na,na,0.3958333333333333,48
simulation_765,na,na,0.3125,48
simulation_766,na,na,0.3125,48
simulation_767,na,na,0.375,48
simulation_768,na,na,0.3541666666666667,48
simulation_769,na,na,0.25,48
simulation_770,na,na,0.3333333333333333,48
simulation_771,na,na,0.3541666666666667,48
simulation_772,na,na,0.2916666666666667,48
simulation_773,na,na,0.375,48
simulation_774,na,na,0.25,48
simulation_775,na,na,0.2708333333333333,48
simulation_776,na,na,0.3333333333333333,48
simulation_777,na,na,0.3333333333333333,48
simulation_778,na,na,0.375,48
simulation_779,na,na,0.3541666666666667,48
simulation_780,na,na,0.2708333333333333,48
simulation_781,na,na,0.3541666666666667,48
simulation_782,na,na,0.3541666666666667,48
simulation_783,na,na,0.375,48
simulation_784,na,na,0.3125,48
simulation_785,na,na,0.3958333333333333,48
simulation_786,na,na,0.2916666666666667,48
simulation_787,na,na,0.2916666666666667,48
simulation_788,na,na,0.2708333333333333,48
simulation_789,na,na,0.2916666666666667,48
simulation_790,na,na,0.375,48
simulation_791,na,na,0.3333333333333333,48
simulation_792,na,na,0.4375,48
simulation_793,na,na,0.375,48
simulation_794,na,na,0.375,48
simulation_795,na,na,0.3125,48
simulation_796,na,na,0.2916666666666667,48
simulation_797,na,na,0.3333333333333333,48
simulation_798,na,na,0.2916666666666667,48
simulation_799,na,na,0.2916666666666667,48
simulation_800,na,na,0.3958333333333333,48
simulation_801,na,na,0.3125,48
simulation_802,na,na,0.3125,48
simulation_803,na,na,0.375,48
simulation_804,na,na,0.3541666666666667,48
simulation_805,na,na,0.3958333333333333,48
simulation_806,na,na,0.3125,48
simulation_807,na,na,0.3541666666666667,48
simulation_808,na,na,0.3541666666666667,48
simulation_809,na,na,0.3541666666666667,48
simulation_810,na,na,0.3125,48
simulation_811,na,na,0.2916666666666667,48
simulation_812,na,na,0.3958333333333333,48
simulation_813,na,na,0.25,48
simulation_814,na,na,0.375,48
simulation_815,na,na,0.2708333333333333,48
simulation_816,na,na,0.2708333333333333,48
simulation_817,na,na,0.22916666666666663,48
simulation_818,na,na,0.3541666666666667,48
simulation_819,na,na,0.2708333333333333,48
simulation_820,na,na,0.3333333333333333,48
simulation_821,na,na,0.3541666666666667,48
simulation_822,na,na,0.2916666666666667,48
simulation_823,na,na,0.3333333333333333,48
simulation_824,na,na,0.25,48
simulation_825,na,na,0.2708333333333333,48
simulation_826,na,na,0.3333333333333333,48
simulation_827,na,na,0.3333333333333333,48
simulation_828,na,na,0.3541666666666667,48
simulation_829,na,na,0.3125,48
simulation_830,na,na,0.3125,48
simulation_831,na,na,0.2916666666666667,48
simulation_832,na,na,0.3333333333333333,48
simulation_833,na,na,0.3125,48
simulation_834,na,na,0.3125,48
simulation_835,na,na,0.2916666666666667,48
simulation_836,na,na,0.3333333333333333,48
simulation_837,na,na,0.22916666666666663,48
simulation_838,na,na,0.2916666666666667,48
simulation_839,na,na,0.3333333333333333,48
simulation_840,na,na,0.3541666666666667,48
simulation_841,na,na,0.375,48
simulation_842,na,na,0.3125,48
simulation_843,na,na,0.3541666666666667,48
simulation_844,na,na,0.3125,48
simulation_845,na,na,0.3333333333333333,48
simulation_846,na,na,0.3333333333333333,48
simulation_847,na,na,0.3541666666666667,48
simulation_848,na,na,0.3125,48
simulation_849,na,na,0.3958333333333333,48
simulation_850,na,na,0.3125,48
simulation_851,na,na,0.375,48
simulation_852,na,na,0.3541666666666667,48
simulation_853,na,na,0.375,48
simulation_854,na,na,0.3333333333333333,48
simulation_855,na,na,0.3333333333333333,48
simulation_856,na,na,0.25,48
simulation_857,na,na,0.3541666666666667,48
simulation_858,na,na,0.375,48
simulation_859,na,na,0.3333333333333333,48
simulation_860,na,na,0.2916666666666667,48
simulation_861,na,na,0.3541666666666667,48
simulation_862,na,na,0.3333333333333333,48
simulation_863,na,na,0.2916666666666667,48
simulation_864,na,na,0.2916666666666667,48
simulation_865,na,na,0.3125,48
simulation_866,na,na,0.2708333333333333,48
simulation_867,na,na,0.2916666666666667,48
simulation_868,na,na,0.3541666666666667,48
simulation_869,na,na,0.3541666666666667,48
simulation_870,na,na,0.2916666666666667,48
simulation_871,na,na,0.3125,48
simulation_872,na,na,0.3125,48
simulation_873,na,na,0.3125,48
simulation_874,na,na,0.2708333333333333,48
simulation_875,na,na,0.3333333333333333,48
simulation_876,na,na,0.25,48
simulation_877,na,na,0.3333333333333333,48
simulation_878,na,na,0.2916666666666667,48
simulation_879,na,na,0.3541666666666667,48
simulation_880,na,na,0.3125,48
simulation_881,na,na,0.3125,48
simulation_882,na,na,0.3333333333333333,48
simulation_883,na,na,0.375,48
simulation_884,na,na,0.3333333333333333,48
simulation_885,na,na,0.3541666666666667,48
simulation_886,na,na,0.375,48
simulation_887,na,na,0.375,48
simulation_888,na,na,0.3125,48
simulation_889,na,na,0.3125,48
simulation_890,na,na,0.3333333333333333,48
simulation_891,na,na,0.3125,48
simulation_892,na,na,0.3125,48
simulation_893,na,na,0.3125,48
simulation_894,na,na,0.3333333333333333,48
simulation_895,na,na,0.2916666666666667,48
simulation_896,na,na,0.3333333333333333,48
simulation_897,na,na,0.3541666666666667,48
simulation_898,na,na,0.375,48
simulation_899,na,na,0.3333333333333333,48
simulation_900,na,na,0.3333333333333333,48
simulation_901,na,na,0.2708333333333333,48
simulation_902,na,na,0.3333333333333333,48
simulation_903,na,na,0.2916666666666667,48
simulation_904,na,na,0.3125,48
simulation_905,na,na,0.375,48
simulation_906,na,na,0.3958333333333333,48
simulation_907,na,na,0.3125,48
simulation_908,na,na,0.3541666666666667,48
simulation_909,na,na,0.3333333333333333,48
simulation_910,na,na,0.25,48
simulation_911,na,na,0.3125,48
simulation_912,na,na,0.2916666666666667,48
simulation_913,na,na,0.375,48
simulation_914,na,na,0.3541666666666667,48
simulation_915,na,na,0.2708333333333333,48
simulation_916,na,na,0.2916666666666667,48
simulation_917,na,na,0.375,48
simulation_918,na,na,0.3541666666666667,48
simulation_919,na,na,0.2708333333333333,48
simulation_920,na,na,0.3333333333333333,48
simulation_921,na,na,0.3333333333333333,48
simulation_922,na,na,0.375,48
simulation_923,na,na,0.25,48
simulation_924,na,na,0.3541666666666667,48
simulation_925,na,na,0.3333333333333333,48
simulation_926,na,na,0.3125,48
simulation_927,na,na,0.4583333333333333,48
simulation_928,na,na,0.3541666666666667,48
simulation_929,na,na,0.2916666666666667,48
simulation_930,na,na,0.3333333333333333,48
simulation_931,na,na,0.3333333333333333,48
simulation_932,na,na,0.2916666666666667,48
simulation_933,na,na,0.3125,48
simulation_934,na,na,0.3958333333333333,48
simulation_935,na,na,0.3541666666666667,48
simulation_936,na,na,0.2916666666666667,48
simulation_937,na,na,0.3125,48
simulation_938,na,na,0.2916666666666667,48
simulation_939,na,na,0.3125,48
simulation_940,na,na,0.3333333333333333,48
simulation_941,na,na,0.25,48
simulation_942,na,na,0.25,48
simulation_943,na,na,0.3125,48
simulation_944,na,na,0.3125,48
simulation_945,na,na,0.3333333333333333,48
simulation_946,na,na,0.375,48
simulation_947,na,na,0.3125,48
simulation_948,na,na,0.3333333333333333,48
simulation_949,na,na,0.3541666666666667,48
simulation_950,na,na,0.25,48
simulation_951,na,na,0.2916666666666667,48
simulation_952,na,na,0.3125,48
simulation_953,na,na,0.3125,48
simulation_954,na,na,0.3333333333333333,48
simulation_955,na,na,0.3541666666666667,48
simulation_956,na,na,0.25,48
simulation_957,na,na,0.375,48
simulation_958,na,na,0.2708333333333333,48
simulation_959,na,na,0.2916666666666667,48
simulation_960,na,na,0.3541666666666667,48
simulation_961,na,na,0.2708333333333333,48
simulation_962,na,na,0.2708333333333333,48
simulation_963,na,na,0.3125,48
simulation_964,na,na,0.3125,48
simulation_965,na,na,0.2916666666666667,48
simulation_966,na,na,0.2916666666666667,48
simulation_967,na,na,0.2708333333333333,48
simulation_968,na,na,0.2916666666666667,48
simulation_969,na,na,0.2708333333333333,48
simulation_970,na,na,0.3541666666666667,48
simulation_971,na,na,0.3333333333333333,48
simulation_972,na,na,0.2708333333333333,48
simulation_973,na,na,0.2708333333333333,48
simulation_974,na,na,0.3333333333333333,48
simulation_975,na,na,0.3541666666666667,48
simulation_976,na,na,0.3333333333333333,48
simulation_977,na,na,0.2916666666666667,48
simulation_978,na,na,0.375,48
simulation_979,na,na,0.2708333333333333,48
simulation_980,na,na,0.3125,48
simulation_981,na,na,0.3333333333333333,48
simulation_982,na,na,0.2916666666666667,48
simulation_983,na,na,0.2708333333333333,48
simulation_984,na,na,0.3333333333333333,48
simulation_985,na,na,0.3333333333333333,48
simulation_986,na,na,0.375,48
simulation_987,na,na,0.2916666666666667,48
simulation_988,na,na,0.3541666666666667,48
simulation_989,na,na,0.3333333333333333,48
simulation_990,na,na,0.3541666666666667,48
simulation_991,na,na,0.3125,48
simulation_992,na,na,0.2916666666666667,48
simulation_993,na,na,0.3333333333333333,48
simulation_994,na,na,0.3958333333333333,48
simulation_995,na,na,0.3333333333333333,48
simulation_996,na,na,0.3333333333333333,48
simulation_997,na,na,0.3333333333333333,48
simulation_998,na,na,0.3541666666666667,48
simulation_999,na,na,0.3125,48
