language,glottocode,language_family,count,prop,n_kintypes,data_type
simulation_0,na,na,23,0.4791666666666667,48,simulated
simulation_1,na,na,17,0.3541666666666667,48,simulated
simulation_2,na,na,25,0.5208333333333334,48,simulated
simulation_3,na,na,23,0.4791666666666667,48,simulated
simulation_4,na,na,20,0.4166666666666667,48,simulated
simulation_5,na,na,24,0.5,48,simulated
simulation_6,na,na,23,0.4791666666666667,48,simulated
simulation_7,na,na,20,0.4166666666666667,48,simulated
simulation_8,na,na,14,0.2916666666666667,48,simulated
simulation_9,na,na,22,0.4583333333333333,48,simulated
simulation_10,na,na,22,0.4583333333333333,48,simulated
simulation_11,na,na,23,0.4791666666666667,48,simulated
simulation_12,na,na,22,0.4583333333333333,48,simulated
simulation_13,na,na,18,0.375,48,simulated
simulation_14,na,na,21,0.4375,48,simulated
simulation_15,na,na,21,0.4375,48,simulated
simulation_16,na,na,19,0.3958333333333333,48,simulated
simulation_17,na,na,24,0.5,48,simulated
simulation_18,na,na,24,0.5,48,simulated
simulation_19,na,na,19,0.3958333333333333,48,simulated
simulation_20,na,na,22,0.4583333333333333,48,simulated
simulation_21,na,na,21,0.4375,48,simulated
simulation_22,na,na,22,0.4583333333333333,48,simulated
simulation_23,na,na,20,0.4166666666666667,48,simulated
simulation_24,na,na,22,0.4583333333333333,48,simulated
simulation_25,na,na,19,0.3958333333333333,48,simulated
simulation_26,na,na,21,0.4375,48,simulated
simulation_27,na,na,22,0.4583333333333333,48,simulated
simulation_28,na,na,18,0.375,48,simulated
simulation_29,na,na,20,0.4166666666666667,48,simulated
simulation_30,na,na,25,0.5208333333333334,48,simulated
simulation_31,na,na,19,0.3958333333333333,48,simulated
simulation_32,na,na,16,0.3333333333333333,48,simulated
simulation_33,na,na,20,0.4166666666666667,48,simulated
simulation_34,na,na,23,0.4791666666666667,48,simulated
simulation_35,na,na,23,0.4791666666666667,48,simulated
simulation_36,na,na,19,0.3958333333333333,48,simulated
simulation_37,na,na,25,0.5208333333333334,48,simulated
simulation_38,na,na,21,0.4375,48,simulated
simulation_39,na,na,19,0.3958333333333333,48,simulated
simulation_40,na,na,21,0.4375,48,simulated
simulation_41,na,na,20,0.4166666666666667,48,simulated
simulation_42,na,na,17,0.3541666666666667,48,simulated
simulation_43,na,na,24,0.5,48,simulated
simulation_44,na,na,21,0.4375,48,simulated
simulation_45,na,na,25,0.5208333333333334,48,simulated
simulation_46,na,na,24,0.5,48,simulated
simulation_47,na,na,20,0.4166666666666667,48,simulated
simulation_48,na,na,23,0.4791666666666667,48,simulated
simulation_49,na,na,19,0.3958333333333333,48,simulated
simulation_50,na,na,17,0.3541666666666667,48,simulated
simulation_51,na,na,21,0.4375,48,simulated
simulation_52,na,na,17,0.3541666666666667,48,simulated
simulation_53,na,na,19,0.3958333333333333,48,simulated
simulation_54,na,na,19,0.3958333333333333,48,simulated
simulation_55,na,na,23,0.4791666666666667,48,simulated
simulation_56,na,na,18,0.375,48,simulated
simulation_57,na,na,22,0.4583333333333333,48,simulated
simulation_58,na,na,23,0.4791666666666667,48,simulated
simulation_59,na,na,20,0.4166666666666667,48,simulated
simulation_60,na,na,26,0.5416666666666666,48,simulated
simulation_61,na,na,22,0.4583333333333333,48,simulated
simulation_62,na,na,23,0.4791666666666667,48,simulated
simulation_63,na,na,18,0.375,48,simulated
simulation_64,na,na,18,0.375,48,simulated
simulation_65,na,na,21,0.4375,48,simulated
simulation_66,na,na,20,0.4166666666666667,48,simulated
simulation_67,na,na,19,0.3958333333333333,48,simulated
simulation_68,na,na,21,0.4375,48,simulated
simulation_69,na,na,20,0.4166666666666667,48,simulated
simulation_70,na,na,19,0.3958333333333333,48,simulated
simulation_71,na,na,17,0.3541666666666667,48,simulated
simulation_72,na,na,21,0.4375,48,simulated
simulation_73,na,na,22,0.4583333333333333,48,simulated
simulation_74,na,na,23,0.4791666666666667,48,simulated
simulation_75,na,na,24,0.5,48,simulated
simulation_76,na,na,19,0.3958333333333333,48,simulated
simulation_77,na,na,22,0.4583333333333333,48,simulated
simulation_78,na,na,20,0.4166666666666667,48,simulated
simulation_79,na,na,21,0.4375,48,simulated
simulation_80,na,na,18,0.375,48,simulated
simulation_81,na,na,19,0.3958333333333333,48,simulated
simulation_82,na,na,21,0.4375,48,simulated
simulation_83,na,na,22,0.4583333333333333,48,simulated
simulation_84,na,na,18,0.375,48,simulated
simulation_85,na,na,23,0.4791666666666667,48,simulated
simulation_86,na,na,21,0.4375,48,simulated
simulation_87,na,na,17,0.3541666666666667,48,simulated
simulation_88,na,na,22,0.4583333333333333,48,simulated
simulation_89,na,na,20,0.4166666666666667,48,simulated
simulation_90,na,na,21,0.4375,48,simulated
simulation_91,na,na,22,0.4583333333333333,48,simulated
simulation_92,na,na,26,0.5416666666666666,48,simulated
simulation_93,na,na,21,0.4375,48,simulated
simulation_94,na,na,18,0.375,48,simulated
simulation_95,na,na,21,0.4375,48,simulated
simulation_96,na,na,18,0.375,48,simulated
simulation_97,na,na,22,0.4583333333333333,48,simulated
simulation_98,na,na,18,0.375,48,simulated
simulation_99,na,na,17,0.3541666666666667,48,simulated
simulation_100,na,na,21,0.4375,48,simulated
simulation_101,na,na,19,0.3958333333333333,48,simulated
simulation_102,na,na,22,0.4583333333333333,48,simulated
simulation_103,na,na,20,0.4166666666666667,48,simulated
simulation_104,na,na,19,0.3958333333333333,48,simulated
simulation_105,na,na,15,0.3125,48,simulated
simulation_106,na,na,20,0.4166666666666667,48,simulated
simulation_107,na,na,19,0.3958333333333333,48,simulated
simulation_108,na,na,21,0.4375,48,simulated
simulation_109,na,na,19,0.3958333333333333,48,simulated
simulation_110,na,na,23,0.4791666666666667,48,simulated
simulation_111,na,na,22,0.4583333333333333,48,simulated
simulation_112,na,na,18,0.375,48,simulated
simulation_113,na,na,20,0.4166666666666667,48,simulated
simulation_114,na,na,20,0.4166666666666667,48,simulated
simulation_115,na,na,20,0.4166666666666667,48,simulated
simulation_116,na,na,19,0.3958333333333333,48,simulated
simulation_117,na,na,19,0.3958333333333333,48,simulated
simulation_118,na,na,17,0.3541666666666667,48,simulated
simulation_119,na,na,20,0.4166666666666667,48,simulated
simulation_120,na,na,20,0.4166666666666667,48,simulated
simulation_121,na,na,21,0.4375,48,simulated
simulation_122,na,na,22,0.4583333333333333,48,simulated
simulation_123,na,na,19,0.3958333333333333,48,simulated
simulation_124,na,na,20,0.4166666666666667,48,simulated
simulation_125,na,na,22,0.4583333333333333,48,simulated
simulation_126,na,na,22,0.4583333333333333,48,simulated
simulation_127,na,na,20,0.4166666666666667,48,simulated
simulation_128,na,na,23,0.4791666666666667,48,simulated
simulation_129,na,na,19,0.3958333333333333,48,simulated
simulation_130,na,na,25,0.5208333333333334,48,simulated
simulation_131,na,na,19,0.3958333333333333,48,simulated
simulation_132,na,na,19,0.3958333333333333,48,simulated
simulation_133,na,na,19,0.3958333333333333,48,simulated
simulation_134,na,na,17,0.3541666666666667,48,simulated
simulation_135,na,na,24,0.5,48,simulated
simulation_136,na,na,18,0.375,48,simulated
simulation_137,na,na,21,0.4375,48,simulated
simulation_138,na,na,18,0.375,48,simulated
simulation_139,na,na,20,0.4166666666666667,48,simulated
simulation_140,na,na,17,0.3541666666666667,48,simulated
simulation_141,na,na,22,0.4583333333333333,48,simulated
simulation_142,na,na,22,0.4583333333333333,48,simulated
simulation_143,na,na,22,0.4583333333333333,48,simulated
simulation_144,na,na,20,0.4166666666666667,48,simulated
simulation_145,na,na,20,0.4166666666666667,48,simulated
simulation_146,na,na,20,0.4166666666666667,48,simulated
simulation_147,na,na,21,0.4375,48,simulated
simulation_148,na,na,21,0.4375,48,simulated
simulation_149,na,na,19,0.3958333333333333,48,simulated
simulation_150,na,na,19,0.3958333333333333,48,simulated
simulation_151,na,na,21,0.4375,48,simulated
simulation_152,na,na,22,0.4583333333333333,48,simulated
simulation_153,na,na,20,0.4166666666666667,48,simulated
simulation_154,na,na,20,0.4166666666666667,48,simulated
simulation_155,na,na,20,0.4166666666666667,48,simulated
simulation_156,na,na,22,0.4583333333333333,48,simulated
simulation_157,na,na,22,0.4583333333333333,48,simulated
simulation_158,na,na,18,0.375,48,simulated
simulation_159,na,na,20,0.4166666666666667,48,simulated
simulation_160,na,na,20,0.4166666666666667,48,simulated
simulation_161,na,na,21,0.4375,48,simulated
simulation_162,na,na,21,0.4375,48,simulated
simulation_163,na,na,23,0.4791666666666667,48,simulated
simulation_164,na,na,18,0.375,48,simulated
simulation_165,na,na,20,0.4166666666666667,48,simulated
simulation_166,na,na,22,0.4583333333333333,48,simulated
simulation_167,na,na,20,0.4166666666666667,48,simulated
simulation_168,na,na,19,0.3958333333333333,48,simulated
simulation_169,na,na,22,0.4583333333333333,48,simulated
simulation_170,na,na,19,0.3958333333333333,48,simulated
simulation_171,na,na,19,0.3958333333333333,48,simulated
simulation_172,na,na,16,0.3333333333333333,48,simulated
simulation_173,na,na,19,0.3958333333333333,48,simulated
simulation_174,na,na,20,0.4166666666666667,48,simulated
simulation_175,na,na,20,0.4166666666666667,48,simulated
simulation_176,na,na,22,0.4583333333333333,48,simulated
simulation_177,na,na,21,0.4375,48,simulated
simulation_178,na,na,18,0.375,48,simulated
simulation_179,na,na,25,0.5208333333333334,48,simulated
simulation_180,na,na,22,0.4583333333333333,48,simulated
simulation_181,na,na,21,0.4375,48,simulated
simulation_182,na,na,17,0.3541666666666667,48,simulated
simulation_183,na,na,23,0.4791666666666667,48,simulated
simulation_184,na,na,19,0.3958333333333333,48,simulated
simulation_185,na,na,16,0.3333333333333333,48,simulated
simulation_186,na,na,19,0.3958333333333333,48,simulated
simulation_187,na,na,20,0.4166666666666667,48,simulated
simulation_188,na,na,15,0.3125,48,simulated
simulation_189,na,na,23,0.4791666666666667,48,simulated
simulation_190,na,na,23,0.4791666666666667,48,simulated
simulation_191,na,na,23,0.4791666666666667,48,simulated
simulation_192,na,na,19,0.3958333333333333,48,simulated
simulation_193,na,na,19,0.3958333333333333,48,simulated
simulation_194,na,na,19,0.3958333333333333,48,simulated
simulation_195,na,na,23,0.4791666666666667,48,simulated
simulation_196,na,na,21,0.4375,48,simulated
simulation_197,na,na,19,0.3958333333333333,48,simulated
simulation_198,na,na,16,0.3333333333333333,48,simulated
simulation_199,na,na,22,0.4583333333333333,48,simulated
simulation_200,na,na,17,0.3541666666666667,48,simulated
simulation_201,na,na,18,0.375,48,simulated
simulation_202,na,na,19,0.3958333333333333,48,simulated
simulation_203,na,na,20,0.4166666666666667,48,simulated
simulation_204,na,na,23,0.4791666666666667,48,simulated
simulation_205,na,na,19,0.3958333333333333,48,simulated
simulation_206,na,na,15,0.3125,48,simulated
simulation_207,na,na,24,0.5,48,simulated
simulation_208,na,na,22,0.4583333333333333,48,simulated
simulation_209,na,na,23,0.4791666666666667,48,simulated
simulation_210,na,na,22,0.4583333333333333,48,simulated
simulation_211,na,na,26,0.5416666666666666,48,simulated
simulation_212,na,na,18,0.375,48,simulated
simulation_213,na,na,16,0.3333333333333333,48,simulated
simulation_214,na,na,19,0.3958333333333333,48,simulated
simulation_215,na,na,21,0.4375,48,simulated
simulation_216,na,na,25,0.5208333333333334,48,simulated
simulation_217,na,na,21,0.4375,48,simulated
simulation_218,na,na,19,0.3958333333333333,48,simulated
simulation_219,na,na,18,0.375,48,simulated
simulation_220,na,na,17,0.3541666666666667,48,simulated
simulation_221,na,na,23,0.4791666666666667,48,simulated
simulation_222,na,na,17,0.3541666666666667,48,simulated
simulation_223,na,na,23,0.4791666666666667,48,simulated
simulation_224,na,na,20,0.4166666666666667,48,simulated
simulation_225,na,na,24,0.5,48,simulated
simulation_226,na,na,20,0.4166666666666667,48,simulated
simulation_227,na,na,19,0.3958333333333333,48,simulated
simulation_228,na,na,20,0.4166666666666667,48,simulated
simulation_229,na,na,21,0.4375,48,simulated
simulation_230,na,na,22,0.4583333333333333,48,simulated
simulation_231,na,na,20,0.4166666666666667,48,simulated
simulation_232,na,na,21,0.4375,48,simulated
simulation_233,na,na,22,0.4583333333333333,48,simulated
simulation_234,na,na,22,0.4583333333333333,48,simulated
simulation_235,na,na,20,0.4166666666666667,48,simulated
simulation_236,na,na,21,0.4375,48,simulated
simulation_237,na,na,22,0.4583333333333333,48,simulated
simulation_238,na,na,19,0.3958333333333333,48,simulated
simulation_239,na,na,23,0.4791666666666667,48,simulated
simulation_240,na,na,19,0.3958333333333333,48,simulated
simulation_241,na,na,21,0.4375,48,simulated
simulation_242,na,na,19,0.3958333333333333,48,simulated
simulation_243,na,na,19,0.3958333333333333,48,simulated
simulation_244,na,na,25,0.5208333333333334,48,simulated
simulation_245,na,na,17,0.3541666666666667,48,simulated
simulation_246,na,na,26,0.5416666666666666,48,simulated
simulation_247,na,na,21,0.4375,48,simulated
simulation_248,na,na,18,0.375,48,simulated
simulation_249,na,na,21,0.4375,48,simulated
simulation_250,na,na,21,0.4375,48,simulated
simulation_251,na,na,23,0.4791666666666667,48,simulated
simulation_252,na,na,24,0.5,48,simulated
simulation_253,na,na,20,0.4166666666666667,48,simulated
simulation_254,na,na,23,0.4791666666666667,48,simulated
simulation_255,na,na,22,0.4583333333333333,48,simulated
simulation_256,na,na,19,0.3958333333333333,48,simulated
simulation_257,na,na,18,0.375,48,simulated
simulation_258,na,na,21,0.4375,48,simulated
simulation_259,na,na,21,0.4375,48,simulated
simulation_260,na,na,20,0.4166666666666667,48,simulated
simulation_261,na,na,19,0.3958333333333333,48,simulated
simulation_262,na,na,17,0.3541666666666667,48,simulated
simulation_263,na,na,22,0.4583333333333333,48,simulated
simulation_264,na,na,17,0.3541666666666667,48,simulated
simulation_265,na,na,17,0.3541666666666667,48,simulated
simulation_266,na,na,20,0.4166666666666667,48,simulated
simulation_267,na,na,19,0.3958333333333333,48,simulated
simulation_268,na,na,17,0.3541666666666667,48,simulated
simulation_269,na,na,18,0.375,48,simulated
simulation_270,na,na,20,0.4166666666666667,48,simulated
simulation_271,na,na,24,0.5,48,simulated
simulation_272,na,na,20,0.4166666666666667,48,simulated
simulation_273,na,na,21,0.4375,48,simulated
simulation_274,na,na,22,0.4583333333333333,48,simulated
simulation_275,na,na,17,0.3541666666666667,48,simulated
simulation_276,na,na,21,0.4375,48,simulated
simulation_277,na,na,16,0.3333333333333333,48,simulated
simulation_278,na,na,22,0.4583333333333333,48,simulated
simulation_279,na,na,25,0.5208333333333334,48,simulated
simulation_280,na,na,23,0.4791666666666667,48,simulated
simulation_281,na,na,15,0.3125,48,simulated
simulation_282,na,na,20,0.4166666666666667,48,simulated
simulation_283,na,na,21,0.4375,48,simulated
simulation_284,na,na,22,0.4583333333333333,48,simulated
simulation_285,na,na,19,0.3958333333333333,48,simulated
simulation_286,na,na,22,0.4583333333333333,48,simulated
simulation_287,na,na,20,0.4166666666666667,48,simulated
simulation_288,na,na,15,0.3125,48,simulated
simulation_289,na,na,22,0.4583333333333333,48,simulated
simulation_290,na,na,20,0.4166666666666667,48,simulated
simulation_291,na,na,21,0.4375,48,simulated
simulation_292,na,na,22,0.4583333333333333,48,simulated
simulation_293,na,na,20,0.4166666666666667,48,simulated
simulation_294,na,na,22,0.4583333333333333,48,simulated
simulation_295,na,na,22,0.4583333333333333,48,simulated
simulation_296,na,na,18,0.375,48,simulated
simulation_297,na,na,17,0.3541666666666667,48,simulated
simulation_298,na,na,19,0.3958333333333333,48,simulated
simulation_299,na,na,20,0.4166666666666667,48,simulated
simulation_300,na,na,21,0.4375,48,simulated
simulation_301,na,na,17,0.3541666666666667,48,simulated
simulation_302,na,na,18,0.375,48,simulated
simulation_303,na,na,23,0.4791666666666667,48,simulated
simulation_304,na,na,19,0.3958333333333333,48,simulated
simulation_305,na,na,19,0.3958333333333333,48,simulated
simulation_306,na,na,24,0.5,48,simulated
simulation_307,na,na,15,0.3125,48,simulated
simulation_308,na,na,20,0.4166666666666667,48,simulated
simulation_309,na,na,23,0.4791666666666667,48,simulated
simulation_310,na,na,21,0.4375,48,simulated
simulation_311,na,na,21,0.4375,48,simulated
simulation_312,na,na,22,0.4583333333333333,48,simulated
simulation_313,na,na,21,0.4375,48,simulated
simulation_314,na,na,19,0.3958333333333333,48,simulated
simulation_315,na,na,24,0.5,48,simulated
simulation_316,na,na,22,0.4583333333333333,48,simulated
simulation_317,na,na,15,0.3125,48,simulated
simulation_318,na,na,19,0.3958333333333333,48,simulated
simulation_319,na,na,19,0.3958333333333333,48,simulated
simulation_320,na,na,23,0.4791666666666667,48,simulated
simulation_321,na,na,22,0.4583333333333333,48,simulated
simulation_322,na,na,18,0.375,48,simulated
simulation_323,na,na,16,0.3333333333333333,48,simulated
simulation_324,na,na,23,0.4791666666666667,48,simulated
simulation_325,na,na,21,0.4375,48,simulated
simulation_326,na,na,23,0.4791666666666667,48,simulated
simulation_327,na,na,21,0.4375,48,simulated
simulation_328,na,na,20,0.4166666666666667,48,simulated
simulation_329,na,na,20,0.4166666666666667,48,simulated
simulation_330,na,na,18,0.375,48,simulated
simulation_331,na,na,21,0.4375,48,simulated
simulation_332,na,na,21,0.4375,48,simulated
simulation_333,na,na,16,0.3333333333333333,48,simulated
simulation_334,na,na,21,0.4375,48,simulated
simulation_335,na,na,20,0.4166666666666667,48,simulated
simulation_336,na,na,22,0.4583333333333333,48,simulated
simulation_337,na,na,21,0.4375,48,simulated
simulation_338,na,na,15,0.3125,48,simulated
simulation_339,na,na,22,0.4583333333333333,48,simulated
simulation_340,na,na,17,0.3541666666666667,48,simulated
simulation_341,na,na,22,0.4583333333333333,48,simulated
simulation_342,na,na,24,0.5,48,simulated
simulation_343,na,na,19,0.3958333333333333,48,simulated
simulation_344,na,na,21,0.4375,48,simulated
simulation_345,na,na,19,0.3958333333333333,48,simulated
simulation_346,na,na,24,0.5,48,simulated
simulation_347,na,na,18,0.375,48,simulated
simulation_348,na,na,23,0.4791666666666667,48,simulated
simulation_349,na,na,21,0.4375,48,simulated
simulation_350,na,na,20,0.4166666666666667,48,simulated
simulation_351,na,na,19,0.3958333333333333,48,simulated
simulation_352,na,na,21,0.4375,48,simulated
simulation_353,na,na,24,0.5,48,simulated
simulation_354,na,na,22,0.4583333333333333,48,simulated
simulation_355,na,na,19,0.3958333333333333,48,simulated
simulation_356,na,na,19,0.3958333333333333,48,simulated
simulation_357,na,na,19,0.3958333333333333,48,simulated
simulation_358,na,na,17,0.3541666666666667,48,simulated
simulation_359,na,na,17,0.3541666666666667,48,simulated
simulation_360,na,na,17,0.3541666666666667,48,simulated
simulation_361,na,na,19,0.3958333333333333,48,simulated
simulation_362,na,na,16,0.3333333333333333,48,simulated
simulation_363,na,na,17,0.3541666666666667,48,simulated
simulation_364,na,na,21,0.4375,48,simulated
simulation_365,na,na,22,0.4583333333333333,48,simulated
simulation_366,na,na,20,0.4166666666666667,48,simulated
simulation_367,na,na,16,0.3333333333333333,48,simulated
simulation_368,na,na,17,0.3541666666666667,48,simulated
simulation_369,na,na,20,0.4166666666666667,48,simulated
simulation_370,na,na,20,0.4166666666666667,48,simulated
simulation_371,na,na,21,0.4375,48,simulated
simulation_372,na,na,22,0.4583333333333333,48,simulated
simulation_373,na,na,17,0.3541666666666667,48,simulated
simulation_374,na,na,17,0.3541666666666667,48,simulated
simulation_375,na,na,19,0.3958333333333333,48,simulated
simulation_376,na,na,18,0.375,48,simulated
simulation_377,na,na,19,0.3958333333333333,48,simulated
simulation_378,na,na,19,0.3958333333333333,48,simulated
simulation_379,na,na,19,0.3958333333333333,48,simulated
simulation_380,na,na,21,0.4375,48,simulated
simulation_381,na,na,20,0.4166666666666667,48,simulated
simulation_382,na,na,21,0.4375,48,simulated
simulation_383,na,na,23,0.4791666666666667,48,simulated
simulation_384,na,na,18,0.375,48,simulated
simulation_385,na,na,18,0.375,48,simulated
simulation_386,na,na,21,0.4375,48,simulated
simulation_387,na,na,18,0.375,48,simulated
simulation_388,na,na,20,0.4166666666666667,48,simulated
simulation_389,na,na,19,0.3958333333333333,48,simulated
simulation_390,na,na,19,0.3958333333333333,48,simulated
simulation_391,na,na,22,0.4583333333333333,48,simulated
simulation_392,na,na,20,0.4166666666666667,48,simulated
simulation_393,na,na,21,0.4375,48,simulated
simulation_394,na,na,18,0.375,48,simulated
simulation_395,na,na,21,0.4375,48,simulated
simulation_396,na,na,20,0.4166666666666667,48,simulated
simulation_397,na,na,21,0.4375,48,simulated
simulation_398,na,na,22,0.4583333333333333,48,simulated
simulation_399,na,na,24,0.5,48,simulated
simulation_400,na,na,21,0.4375,48,simulated
simulation_401,na,na,19,0.3958333333333333,48,simulated
simulation_402,na,na,18,0.375,48,simulated
simulation_403,na,na,18,0.375,48,simulated
simulation_404,na,na,20,0.4166666666666667,48,simulated
simulation_405,na,na,19,0.3958333333333333,48,simulated
simulation_406,na,na,21,0.4375,48,simulated
simulation_407,na,na,19,0.3958333333333333,48,simulated
simulation_408,na,na,21,0.4375,48,simulated
simulation_409,na,na,20,0.4166666666666667,48,simulated
simulation_410,na,na,20,0.4166666666666667,48,simulated
simulation_411,na,na,18,0.375,48,simulated
simulation_412,na,na,23,0.4791666666666667,48,simulated
simulation_413,na,na,20,0.4166666666666667,48,simulated
simulation_414,na,na,19,0.3958333333333333,48,simulated
simulation_415,na,na,20,0.4166666666666667,48,simulated
simulation_416,na,na,17,0.3541666666666667,48,simulated
simulation_417,na,na,18,0.375,48,simulated
simulation_418,na,na,20,0.4166666666666667,48,simulated
simulation_419,na,na,14,0.2916666666666667,48,simulated
simulation_420,na,na,18,0.375,48,simulated
simulation_421,na,na,16,0.3333333333333333,48,simulated
simulation_422,na,na,19,0.3958333333333333,48,simulated
simulation_423,na,na,18,0.375,48,simulated
simulation_424,na,na,19,0.3958333333333333,48,simulated
simulation_425,na,na,24,0.5,48,simulated
simulation_426,na,na,20,0.4166666666666667,48,simulated
simulation_427,na,na,20,0.4166666666666667,48,simulated
simulation_428,na,na,19,0.3958333333333333,48,simulated
simulation_429,na,na,18,0.375,48,simulated
simulation_430,na,na,24,0.5,48,simulated
simulation_431,na,na,24,0.5,48,simulated
simulation_432,na,na,21,0.4375,48,simulated
simulation_433,na,na,22,0.4583333333333333,48,simulated
simulation_434,na,na,18,0.375,48,simulated
simulation_435,na,na,18,0.375,48,simulated
simulation_436,na,na,15,0.3125,48,simulated
simulation_437,na,na,22,0.4583333333333333,48,simulated
simulation_438,na,na,20,0.4166666666666667,48,simulated
simulation_439,na,na,19,0.3958333333333333,48,simulated
simulation_440,na,na,19,0.3958333333333333,48,simulated
simulation_441,na,na,19,0.3958333333333333,48,simulated
simulation_442,na,na,18,0.375,48,simulated
simulation_443,na,na,22,0.4583333333333333,48,simulated
simulation_444,na,na,18,0.375,48,simulated
simulation_445,na,na,18,0.375,48,simulated
simulation_446,na,na,22,0.4583333333333333,48,simulated
simulation_447,na,na,15,0.3125,48,simulated
simulation_448,na,na,22,0.4583333333333333,48,simulated
simulation_449,na,na,22,0.4583333333333333,48,simulated
simulation_450,na,na,15,0.3125,48,simulated
simulation_451,na,na,17,0.3541666666666667,48,simulated
simulation_452,na,na,22,0.4583333333333333,48,simulated
simulation_453,na,na,20,0.4166666666666667,48,simulated
simulation_454,na,na,19,0.3958333333333333,48,simulated
simulation_455,na,na,20,0.4166666666666667,48,simulated
simulation_456,na,na,21,0.4375,48,simulated
simulation_457,na,na,18,0.375,48,simulated
simulation_458,na,na,17,0.3541666666666667,48,simulated
simulation_459,na,na,22,0.4583333333333333,48,simulated
simulation_460,na,na,16,0.3333333333333333,48,simulated
simulation_461,na,na,18,0.375,48,simulated
simulation_462,na,na,25,0.5208333333333334,48,simulated
simulation_463,na,na,19,0.3958333333333333,48,simulated
simulation_464,na,na,19,0.3958333333333333,48,simulated
simulation_465,na,na,16,0.3333333333333333,48,simulated
simulation_466,na,na,22,0.4583333333333333,48,simulated
simulation_467,na,na,18,0.375,48,simulated
simulation_468,na,na,17,0.3541666666666667,48,simulated
simulation_469,na,na,21,0.4375,48,simulated
simulation_470,na,na,17,0.3541666666666667,48,simulated
simulation_471,na,na,22,0.4583333333333333,48,simulated
simulation_472,na,na,20,0.4166666666666667,48,simulated
simulation_473,na,na,23,0.4791666666666667,48,simulated
simulation_474,na,na,23,0.4791666666666667,48,simulated
simulation_475,na,na,21,0.4375,48,simulated
simulation_476,na,na,20,0.4166666666666667,48,simulated
simulation_477,na,na,21,0.4375,48,simulated
simulation_478,na,na,22,0.4583333333333333,48,simulated
simulation_479,na,na,21,0.4375,48,simulated
simulation_480,na,na,17,0.3541666666666667,48,simulated
simulation_481,na,na,22,0.4583333333333333,48,simulated
simulation_482,na,na,21,0.4375,48,simulated
simulation_483,na,na,22,0.4583333333333333,48,simulated
simulation_484,na,na,26,0.5416666666666666,48,simulated
simulation_485,na,na,21,0.4375,48,simulated
simulation_486,na,na,22,0.4583333333333333,48,simulated
simulation_487,na,na,22,0.4583333333333333,48,simulated
simulation_488,na,na,22,0.4583333333333333,48,simulated
simulation_489,na,na,18,0.375,48,simulated
simulation_490,na,na,24,0.5,48,simulated
simulation_491,na,na,22,0.4583333333333333,48,simulated
simulation_492,na,na,18,0.375,48,simulated
simulation_493,na,na,17,0.3541666666666667,48,simulated
simulation_494,na,na,20,0.4166666666666667,48,simulated
simulation_495,na,na,20,0.4166666666666667,48,simulated
simulation_496,na,na,17,0.3541666666666667,48,simulated
simulation_497,na,na,19,0.3958333333333333,48,simulated
simulation_498,na,na,19,0.3958333333333333,48,simulated
simulation_499,na,na,18,0.375,48,simulated
simulation_500,na,na,24,0.5,48,simulated
simulation_501,na,na,17,0.3541666666666667,48,simulated
simulation_502,na,na,19,0.3958333333333333,48,simulated
simulation_503,na,na,24,0.5,48,simulated
simulation_504,na,na,20,0.4166666666666667,48,simulated
simulation_505,na,na,22,0.4583333333333333,48,simulated
simulation_506,na,na,23,0.4791666666666667,48,simulated
simulation_507,na,na,17,0.3541666666666667,48,simulated
simulation_508,na,na,21,0.4375,48,simulated
simulation_509,na,na,15,0.3125,48,simulated
simulation_510,na,na,24,0.5,48,simulated
simulation_511,na,na,22,0.4583333333333333,48,simulated
simulation_512,na,na,21,0.4375,48,simulated
simulation_513,na,na,22,0.4583333333333333,48,simulated
simulation_514,na,na,20,0.4166666666666667,48,simulated
simulation_515,na,na,20,0.4166666666666667,48,simulated
simulation_516,na,na,15,0.3125,48,simulated
simulation_517,na,na,16,0.3333333333333333,48,simulated
simulation_518,na,na,23,0.4791666666666667,48,simulated
simulation_519,na,na,20,0.4166666666666667,48,simulated
simulation_520,na,na,23,0.4791666666666667,48,simulated
simulation_521,na,na,21,0.4375,48,simulated
simulation_522,na,na,18,0.375,48,simulated
simulation_523,na,na,22,0.4583333333333333,48,simulated
simulation_524,na,na,19,0.3958333333333333,48,simulated
simulation_525,na,na,15,0.3125,48,simulated
simulation_526,na,na,16,0.3333333333333333,48,simulated
simulation_527,na,na,21,0.4375,48,simulated
simulation_528,na,na,20,0.4166666666666667,48,simulated
simulation_529,na,na,18,0.375,48,simulated
simulation_530,na,na,21,0.4375,48,simulated
simulation_531,na,na,21,0.4375,48,simulated
simulation_532,na,na,18,0.375,48,simulated
simulation_533,na,na,19,0.3958333333333333,48,simulated
simulation_534,na,na,19,0.3958333333333333,48,simulated
simulation_535,na,na,22,0.4583333333333333,48,simulated
simulation_536,na,na,19,0.3958333333333333,48,simulated
simulation_537,na,na,16,0.3333333333333333,48,simulated
simulation_538,na,na,25,0.5208333333333334,48,simulated
simulation_539,na,na,18,0.375,48,simulated
simulation_540,na,na,22,0.4583333333333333,48,simulated
simulation_541,na,na,18,0.375,48,simulated
simulation_542,na,na,19,0.3958333333333333,48,simulated
simulation_543,na,na,20,0.4166666666666667,48,simulated
simulation_544,na,na,20,0.4166666666666667,48,simulated
simulation_545,na,na,20,0.4166666666666667,48,simulated
simulation_546,na,na,22,0.4583333333333333,48,simulated
simulation_547,na,na,21,0.4375,48,simulated
simulation_548,na,na,16,0.3333333333333333,48,simulated
simulation_549,na,na,18,0.375,48,simulated
simulation_550,na,na,21,0.4375,48,simulated
simulation_551,na,na,18,0.375,48,simulated
simulation_552,na,na,20,0.4166666666666667,48,simulated
simulation_553,na,na,19,0.3958333333333333,48,simulated
simulation_554,na,na,21,0.4375,48,simulated
simulation_555,na,na,20,0.4166666666666667,48,simulated
simulation_556,na,na,20,0.4166666666666667,48,simulated
simulation_557,na,na,21,0.4375,48,simulated
simulation_558,na,na,24,0.5,48,simulated
simulation_559,na,na,21,0.4375,48,simulated
simulation_560,na,na,21,0.4375,48,simulated
simulation_561,na,na,15,0.3125,48,simulated
simulation_562,na,na,16,0.3333333333333333,48,simulated
simulation_563,na,na,21,0.4375,48,simulated
simulation_564,na,na,23,0.4791666666666667,48,simulated
simulation_565,na,na,16,0.3333333333333333,48,simulated
simulation_566,na,na,19,0.3958333333333333,48,simulated
simulation_567,na,na,20,0.4166666666666667,48,simulated
simulation_568,na,na,17,0.3541666666666667,48,simulated
simulation_569,na,na,19,0.3958333333333333,48,simulated
simulation_570,na,na,21,0.4375,48,simulated
simulation_571,na,na,18,0.375,48,simulated
simulation_572,na,na,17,0.3541666666666667,48,simulated
simulation_573,na,na,19,0.3958333333333333,48,simulated
simulation_574,na,na,21,0.4375,48,simulated
simulation_575,na,na,18,0.375,48,simulated
simulation_576,na,na,18,0.375,48,simulated
simulation_577,na,na,17,0.3541666666666667,48,simulated
simulation_578,na,na,19,0.3958333333333333,48,simulated
simulation_579,na,na,18,0.375,48,simulated
simulation_580,na,na,20,0.4166666666666667,48,simulated
simulation_581,na,na,17,0.3541666666666667,48,simulated
simulation_582,na,na,26,0.5416666666666666,48,simulated
simulation_583,na,na,24,0.5,48,simulated
simulation_584,na,na,22,0.4583333333333333,48,simulated
simulation_585,na,na,20,0.4166666666666667,48,simulated
simulation_586,na,na,19,0.3958333333333333,48,simulated
simulation_587,na,na,20,0.4166666666666667,48,simulated
simulation_588,na,na,17,0.3541666666666667,48,simulated
simulation_589,na,na,21,0.4375,48,simulated
simulation_590,na,na,23,0.4791666666666667,48,simulated
simulation_591,na,na,24,0.5,48,simulated
simulation_592,na,na,17,0.3541666666666667,48,simulated
simulation_593,na,na,18,0.375,48,simulated
simulation_594,na,na,18,0.375,48,simulated
simulation_595,na,na,24,0.5,48,simulated
simulation_596,na,na,18,0.375,48,simulated
simulation_597,na,na,25,0.5208333333333334,48,simulated
simulation_598,na,na,21,0.4375,48,simulated
simulation_599,na,na,21,0.4375,48,simulated
simulation_600,na,na,20,0.4166666666666667,48,simulated
simulation_601,na,na,24,0.5,48,simulated
simulation_602,na,na,20,0.4166666666666667,48,simulated
simulation_603,na,na,22,0.4583333333333333,48,simulated
simulation_604,na,na,19,0.3958333333333333,48,simulated
simulation_605,na,na,21,0.4375,48,simulated
simulation_606,na,na,19,0.3958333333333333,48,simulated
simulation_607,na,na,20,0.4166666666666667,48,simulated
simulation_608,na,na,19,0.3958333333333333,48,simulated
simulation_609,na,na,22,0.4583333333333333,48,simulated
simulation_610,na,na,20,0.4166666666666667,48,simulated
simulation_611,na,na,21,0.4375,48,simulated
simulation_612,na,na,17,0.3541666666666667,48,simulated
simulation_613,na,na,22,0.4583333333333333,48,simulated
simulation_614,na,na,22,0.4583333333333333,48,simulated
simulation_615,na,na,18,0.375,48,simulated
simulation_616,na,na,23,0.4791666666666667,48,simulated
simulation_617,na,na,19,0.3958333333333333,48,simulated
simulation_618,na,na,21,0.4375,48,simulated
simulation_619,na,na,21,0.4375,48,simulated
simulation_620,na,na,21,0.4375,48,simulated
simulation_621,na,na,20,0.4166666666666667,48,simulated
simulation_622,na,na,25,0.5208333333333334,48,simulated
simulation_623,na,na,15,0.3125,48,simulated
simulation_624,na,na,20,0.4166666666666667,48,simulated
simulation_625,na,na,20,0.4166666666666667,48,simulated
simulation_626,na,na,18,0.375,48,simulated
simulation_627,na,na,21,0.4375,48,simulated
simulation_628,na,na,19,0.3958333333333333,48,simulated
simulation_629,na,na,19,0.3958333333333333,48,simulated
simulation_630,na,na,21,0.4375,48,simulated
simulation_631,na,na,19,0.3958333333333333,48,simulated
simulation_632,na,na,21,0.4375,48,simulated
simulation_633,na,na,19,0.3958333333333333,48,simulated
simulation_634,na,na,26,0.5416666666666666,48,simulated
simulation_635,na,na,18,0.375,48,simulated
simulation_636,na,na,22,0.4583333333333333,48,simulated
simulation_637,na,na,21,0.4375,48,simulated
simulation_638,na,na,22,0.4583333333333333,48,simulated
simulation_639,na,na,20,0.4166666666666667,48,simulated
simulation_640,na,na,20,0.4166666666666667,48,simulated
simulation_641,na,na,20,0.4166666666666667,48,simulated
simulation_642,na,na,20,0.4166666666666667,48,simulated
simulation_643,na,na,20,0.4166666666666667,48,simulated
simulation_644,na,na,19,0.3958333333333333,48,simulated
simulation_645,na,na,17,0.3541666666666667,48,simulated
simulation_646,na,na,22,0.4583333333333333,48,simulated
simulation_647,na,na,18,0.375,48,simulated
simulation_648,na,na,23,0.4791666666666667,48,simulated
simulation_649,na,na,21,0.4375,48,simulated
simulation_650,na,na,19,0.3958333333333333,48,simulated
simulation_651,na,na,21,0.4375,48,simulated
simulation_652,na,na,19,0.3958333333333333,48,simulated
simulation_653,na,na,21,0.4375,48,simulated
simulation_654,na,na,16,0.3333333333333333,48,simulated
simulation_655,na,na,19,0.3958333333333333,48,simulated
simulation_656,na,na,22,0.4583333333333333,48,simulated
simulation_657,na,na,19,0.3958333333333333,48,simulated
simulation_658,na,na,24,0.5,48,simulated
simulation_659,na,na,17,0.3541666666666667,48,simulated
simulation_660,na,na,18,0.375,48,simulated
simulation_661,na,na,20,0.4166666666666667,48,simulated
simulation_662,na,na,23,0.4791666666666667,48,simulated
simulation_663,na,na,20,0.4166666666666667,48,simulated
simulation_664,na,na,24,0.5,48,simulated
simulation_665,na,na,20,0.4166666666666667,48,simulated
simulation_666,na,na,22,0.4583333333333333,48,simulated
simulation_667,na,na,22,0.4583333333333333,48,simulated
simulation_668,na,na,19,0.3958333333333333,48,simulated
simulation_669,na,na,19,0.3958333333333333,48,simulated
simulation_670,na,na,18,0.375,48,simulated
simulation_671,na,na,19,0.3958333333333333,48,simulated
simulation_672,na,na,20,0.4166666666666667,48,simulated
simulation_673,na,na,18,0.375,48,simulated
simulation_674,na,na,21,0.4375,48,simulated
simulation_675,na,na,17,0.3541666666666667,48,simulated
simulation_676,na,na,20,0.4166666666666667,48,simulated
simulation_677,na,na,19,0.3958333333333333,48,simulated
simulation_678,na,na,21,0.4375,48,simulated
simulation_679,na,na,17,0.3541666666666667,48,simulated
simulation_680,na,na,19,0.3958333333333333,48,simulated
simulation_681,na,na,21,0.4375,48,simulated
simulation_682,na,na,19,0.3958333333333333,48,simulated
simulation_683,na,na,20,0.4166666666666667,48,simulated
simulation_684,na,na,20,0.4166666666666667,48,simulated
simulation_685,na,na,15,0.3125,48,simulated
simulation_686,na,na,18,0.375,48,simulated
simulation_687,na,na,22,0.4583333333333333,48,simulated
simulation_688,na,na,24,0.5,48,simulated
simulation_689,na,na,19,0.3958333333333333,48,simulated
simulation_690,na,na,20,0.4166666666666667,48,simulated
simulation_691,na,na,19,0.3958333333333333,48,simulated
simulation_692,na,na,19,0.3958333333333333,48,simulated
simulation_693,na,na,23,0.4791666666666667,48,simulated
simulation_694,na,na,21,0.4375,48,simulated
simulation_695,na,na,21,0.4375,48,simulated
simulation_696,na,na,21,0.4375,48,simulated
simulation_697,na,na,20,0.4166666666666667,48,simulated
simulation_698,na,na,18,0.375,48,simulated
simulation_699,na,na,19,0.3958333333333333,48,simulated
simulation_700,na,na,21,0.4375,48,simulated
simulation_701,na,na,17,0.3541666666666667,48,simulated
simulation_702,na,na,18,0.375,48,simulated
simulation_703,na,na,17,0.3541666666666667,48,simulated
simulation_704,na,na,21,0.4375,48,simulated
simulation_705,na,na,18,0.375,48,simulated
simulation_706,na,na,23,0.4791666666666667,48,simulated
simulation_707,na,na,21,0.4375,48,simulated
simulation_708,na,na,22,0.4583333333333333,48,simulated
simulation_709,na,na,20,0.4166666666666667,48,simulated
simulation_710,na,na,18,0.375,48,simulated
simulation_711,na,na,20,0.4166666666666667,48,simulated
simulation_712,na,na,18,0.375,48,simulated
simulation_713,na,na,20,0.4166666666666667,48,simulated
simulation_714,na,na,15,0.3125,48,simulated
simulation_715,na,na,20,0.4166666666666667,48,simulated
simulation_716,na,na,22,0.4583333333333333,48,simulated
simulation_717,na,na,17,0.3541666666666667,48,simulated
simulation_718,na,na,21,0.4375,48,simulated
simulation_719,na,na,20,0.4166666666666667,48,simulated
simulation_720,na,na,21,0.4375,48,simulated
simulation_721,na,na,22,0.4583333333333333,48,simulated
simulation_722,na,na,23,0.4791666666666667,48,simulated
simulation_723,na,na,14,0.2916666666666667,48,simulated
simulation_724,na,na,25,0.5208333333333334,48,simulated
simulation_725,na,na,21,0.4375,48,simulated
simulation_726,na,na,22,0.4583333333333333,48,simulated
simulation_727,na,na,19,0.3958333333333333,48,simulated
simulation_728,na,na,18,0.375,48,simulated
simulation_729,na,na,17,0.3541666666666667,48,simulated
simulation_730,na,na,21,0.4375,48,simulated
simulation_731,na,na,18,0.375,48,simulated
simulation_732,na,na,17,0.3541666666666667,48,simulated
simulation_733,na,na,19,0.3958333333333333,48,simulated
simulation_734,na,na,22,0.4583333333333333,48,simulated
simulation_735,na,na,20,0.4166666666666667,48,simulated
simulation_736,na,na,21,0.4375,48,simulated
simulation_737,na,na,21,0.4375,48,simulated
simulation_738,na,na,18,0.375,48,simulated
simulation_739,na,na,16,0.3333333333333333,48,simulated
simulation_740,na,na,20,0.4166666666666667,48,simulated
simulation_741,na,na,20,0.4166666666666667,48,simulated
simulation_742,na,na,20,0.4166666666666667,48,simulated
simulation_743,na,na,20,0.4166666666666667,48,simulated
simulation_744,na,na,17,0.3541666666666667,48,simulated
simulation_745,na,na,20,0.4166666666666667,48,simulated
simulation_746,na,na,14,0.2916666666666667,48,simulated
simulation_747,na,na,25,0.5208333333333334,48,simulated
simulation_748,na,na,22,0.4583333333333333,48,simulated
simulation_749,na,na,20,0.4166666666666667,48,simulated
simulation_750,na,na,17,0.3541666666666667,48,simulated
simulation_751,na,na,20,0.4166666666666667,48,simulated
simulation_752,na,na,23,0.4791666666666667,48,simulated
simulation_753,na,na,22,0.4583333333333333,48,simulated
simulation_754,na,na,19,0.3958333333333333,48,simulated
simulation_755,na,na,21,0.4375,48,simulated
simulation_756,na,na,20,0.4166666666666667,48,simulated
simulation_757,na,na,18,0.375,48,simulated
simulation_758,na,na,23,0.4791666666666667,48,simulated
simulation_759,na,na,20,0.4166666666666667,48,simulated
simulation_760,na,na,20,0.4166666666666667,48,simulated
simulation_761,na,na,25,0.5208333333333334,48,simulated
simulation_762,na,na,20,0.4166666666666667,48,simulated
simulation_763,na,na,19,0.3958333333333333,48,simulated
simulation_764,na,na,19,0.3958333333333333,48,simulated
simulation_765,na,na,17,0.3541666666666667,48,simulated
simulation_766,na,na,19,0.3958333333333333,48,simulated
simulation_767,na,na,23,0.4791666666666667,48,simulated
simulation_768,na,na,17,0.3541666666666667,48,simulated
simulation_769,na,na,20,0.4166666666666667,48,simulated
simulation_770,na,na,22,0.4583333333333333,48,simulated
simulation_771,na,na,18,0.375,48,simulated
simulation_772,na,na,20,0.4166666666666667,48,simulated
simulation_773,na,na,19,0.3958333333333333,48,simulated
simulation_774,na,na,19,0.3958333333333333,48,simulated
simulation_775,na,na,19,0.3958333333333333,48,simulated
simulation_776,na,na,18,0.375,48,simulated
simulation_777,na,na,18,0.375,48,simulated
simulation_778,na,na,18,0.375,48,simulated
simulation_779,na,na,22,0.4583333333333333,48,simulated
simulation_780,na,na,19,0.3958333333333333,48,simulated
simulation_781,na,na,21,0.4375,48,simulated
simulation_782,na,na,24,0.5,48,simulated
simulation_783,na,na,19,0.3958333333333333,48,simulated
simulation_784,na,na,18,0.375,48,simulated
simulation_785,na,na,20,0.4166666666666667,48,simulated
simulation_786,na,na,18,0.375,48,simulated
simulation_787,na,na,19,0.3958333333333333,48,simulated
simulation_788,na,na,18,0.375,48,simulated
simulation_789,na,na,22,0.4583333333333333,48,simulated
simulation_790,na,na,17,0.3541666666666667,48,simulated
simulation_791,na,na,19,0.3958333333333333,48,simulated
simulation_792,na,na,19,0.3958333333333333,48,simulated
simulation_793,na,na,19,0.3958333333333333,48,simulated
simulation_794,na,na,22,0.4583333333333333,48,simulated
simulation_795,na,na,21,0.4375,48,simulated
simulation_796,na,na,20,0.4166666666666667,48,simulated
simulation_797,na,na,20,0.4166666666666667,48,simulated
simulation_798,na,na,21,0.4375,48,simulated
simulation_799,na,na,25,0.5208333333333334,48,simulated
simulation_800,na,na,24,0.5,48,simulated
simulation_801,na,na,19,0.3958333333333333,48,simulated
simulation_802,na,na,19,0.3958333333333333,48,simulated
simulation_803,na,na,19,0.3958333333333333,48,simulated
simulation_804,na,na,23,0.4791666666666667,48,simulated
simulation_805,na,na,22,0.4583333333333333,48,simulated
simulation_806,na,na,21,0.4375,48,simulated
simulation_807,na,na,20,0.4166666666666667,48,simulated
simulation_808,na,na,20,0.4166666666666667,48,simulated
simulation_809,na,na,19,0.3958333333333333,48,simulated
simulation_810,na,na,24,0.5,48,simulated
simulation_811,na,na,20,0.4166666666666667,48,simulated
simulation_812,na,na,24,0.5,48,simulated
simulation_813,na,na,16,0.3333333333333333,48,simulated
simulation_814,na,na,20,0.4166666666666667,48,simulated
simulation_815,na,na,20,0.4166666666666667,48,simulated
simulation_816,na,na,17,0.3541666666666667,48,simulated
simulation_817,na,na,18,0.375,48,simulated
simulation_818,na,na,18,0.375,48,simulated
simulation_819,na,na,19,0.3958333333333333,48,simulated
simulation_820,na,na,22,0.4583333333333333,48,simulated
simulation_821,na,na,22,0.4583333333333333,48,simulated
simulation_822,na,na,20,0.4166666666666667,48,simulated
simulation_823,na,na,24,0.5,48,simulated
simulation_824,na,na,20,0.4166666666666667,48,simulated
simulation_825,na,na,23,0.4791666666666667,48,simulated
simulation_826,na,na,20,0.4166666666666667,48,simulated
simulation_827,na,na,22,0.4583333333333333,48,simulated
simulation_828,na,na,20,0.4166666666666667,48,simulated
simulation_829,na,na,15,0.3125,48,simulated
simulation_830,na,na,20,0.4166666666666667,48,simulated
simulation_831,na,na,16,0.3333333333333333,48,simulated
simulation_832,na,na,21,0.4375,48,simulated
simulation_833,na,na,19,0.3958333333333333,48,simulated
simulation_834,na,na,23,0.4791666666666667,48,simulated
simulation_835,na,na,21,0.4375,48,simulated
simulation_836,na,na,20,0.4166666666666667,48,simulated
simulation_837,na,na,18,0.375,48,simulated
simulation_838,na,na,19,0.3958333333333333,48,simulated
simulation_839,na,na,23,0.4791666666666667,48,simulated
simulation_840,na,na,20,0.4166666666666667,48,simulated
simulation_841,na,na,21,0.4375,48,simulated
simulation_842,na,na,19,0.3958333333333333,48,simulated
simulation_843,na,na,22,0.4583333333333333,48,simulated
simulation_844,na,na,17,0.3541666666666667,48,simulated
simulation_845,na,na,20,0.4166666666666667,48,simulated
simulation_846,na,na,24,0.5,48,simulated
simulation_847,na,na,21,0.4375,48,simulated
simulation_848,na,na,17,0.3541666666666667,48,simulated
simulation_849,na,na,19,0.3958333333333333,48,simulated
simulation_850,na,na,25,0.5208333333333334,48,simulated
simulation_851,na,na,24,0.5,48,simulated
simulation_852,na,na,20,0.4166666666666667,48,simulated
simulation_853,na,na,20,0.4166666666666667,48,simulated
simulation_854,na,na,19,0.3958333333333333,48,simulated
simulation_855,na,na,21,0.4375,48,simulated
simulation_856,na,na,16,0.3333333333333333,48,simulated
simulation_857,na,na,18,0.375,48,simulated
simulation_858,na,na,18,0.375,48,simulated
simulation_859,na,na,20,0.4166666666666667,48,simulated
simulation_860,na,na,20,0.4166666666666667,48,simulated
simulation_861,na,na,21,0.4375,48,simulated
simulation_862,na,na,20,0.4166666666666667,48,simulated
simulation_863,na,na,17,0.3541666666666667,48,simulated
simulation_864,na,na,18,0.375,48,simulated
simulation_865,na,na,21,0.4375,48,simulated
simulation_866,na,na,20,0.4166666666666667,48,simulated
simulation_867,na,na,19,0.3958333333333333,48,simulated
simulation_868,na,na,14,0.2916666666666667,48,simulated
simulation_869,na,na,22,0.4583333333333333,48,simulated
simulation_870,na,na,18,0.375,48,simulated
simulation_871,na,na,20,0.4166666666666667,48,simulated
simulation_872,na,na,18,0.375,48,simulated
simulation_873,na,na,24,0.5,48,simulated
simulation_874,na,na,17,0.3541666666666667,48,simulated
simulation_875,na,na,19,0.3958333333333333,48,simulated
simulation_876,na,na,21,0.4375,48,simulated
simulation_877,na,na,18,0.375,48,simulated
simulation_878,na,na,16,0.3333333333333333,48,simulated
simulation_879,na,na,17,0.3541666666666667,48,simulated
simulation_880,na,na,19,0.3958333333333333,48,simulated
simulation_881,na,na,19,0.3958333333333333,48,simulated
simulation_882,na,na,19,0.3958333333333333,48,simulated
simulation_883,na,na,21,0.4375,48,simulated
simulation_884,na,na,23,0.4791666666666667,48,simulated
simulation_885,na,na,18,0.375,48,simulated
simulation_886,na,na,23,0.4791666666666667,48,simulated
simulation_887,na,na,22,0.4583333333333333,48,simulated
simulation_888,na,na,18,0.375,48,simulated
simulation_889,na,na,18,0.375,48,simulated
simulation_890,na,na,20,0.4166666666666667,48,simulated
simulation_891,na,na,17,0.3541666666666667,48,simulated
simulation_892,na,na,16,0.3333333333333333,48,simulated
simulation_893,na,na,22,0.4583333333333333,48,simulated
simulation_894,na,na,19,0.3958333333333333,48,simulated
simulation_895,na,na,22,0.4583333333333333,48,simulated
simulation_896,na,na,21,0.4375,48,simulated
simulation_897,na,na,25,0.5208333333333334,48,simulated
simulation_898,na,na,17,0.3541666666666667,48,simulated
simulation_899,na,na,22,0.4583333333333333,48,simulated
simulation_900,na,na,21,0.4375,48,simulated
simulation_901,na,na,23,0.4791666666666667,48,simulated
simulation_902,na,na,21,0.4375,48,simulated
simulation_903,na,na,21,0.4375,48,simulated
simulation_904,na,na,20,0.4166666666666667,48,simulated
simulation_905,na,na,23,0.4791666666666667,48,simulated
simulation_906,na,na,19,0.3958333333333333,48,simulated
simulation_907,na,na,19,0.3958333333333333,48,simulated
simulation_908,na,na,23,0.4791666666666667,48,simulated
simulation_909,na,na,18,0.375,48,simulated
simulation_910,na,na,20,0.4166666666666667,48,simulated
simulation_911,na,na,26,0.5416666666666666,48,simulated
simulation_912,na,na,20,0.4166666666666667,48,simulated
simulation_913,na,na,21,0.4375,48,simulated
simulation_914,na,na,22,0.4583333333333333,48,simulated
simulation_915,na,na,18,0.375,48,simulated
simulation_916,na,na,22,0.4583333333333333,48,simulated
simulation_917,na,na,21,0.4375,48,simulated
simulation_918,na,na,22,0.4583333333333333,48,simulated
simulation_919,na,na,21,0.4375,48,simulated
simulation_920,na,na,17,0.3541666666666667,48,simulated
simulation_921,na,na,24,0.5,48,simulated
simulation_922,na,na,24,0.5,48,simulated
simulation_923,na,na,19,0.3958333333333333,48,simulated
simulation_924,na,na,21,0.4375,48,simulated
simulation_925,na,na,21,0.4375,48,simulated
simulation_926,na,na,21,0.4375,48,simulated
simulation_927,na,na,18,0.375,48,simulated
simulation_928,na,na,17,0.3541666666666667,48,simulated
simulation_929,na,na,21,0.4375,48,simulated
simulation_930,na,na,21,0.4375,48,simulated
simulation_931,na,na,21,0.4375,48,simulated
simulation_932,na,na,23,0.4791666666666667,48,simulated
simulation_933,na,na,20,0.4166666666666667,48,simulated
simulation_934,na,na,22,0.4583333333333333,48,simulated
simulation_935,na,na,23,0.4791666666666667,48,simulated
simulation_936,na,na,20,0.4166666666666667,48,simulated
simulation_937,na,na,25,0.5208333333333334,48,simulated
simulation_938,na,na,22,0.4583333333333333,48,simulated
simulation_939,na,na,22,0.4583333333333333,48,simulated
simulation_940,na,na,24,0.5,48,simulated
simulation_941,na,na,20,0.4166666666666667,48,simulated
simulation_942,na,na,21,0.4375,48,simulated
simulation_943,na,na,20,0.4166666666666667,48,simulated
simulation_944,na,na,22,0.4583333333333333,48,simulated
simulation_945,na,na,18,0.375,48,simulated
simulation_946,na,na,23,0.4791666666666667,48,simulated
simulation_947,na,na,18,0.375,48,simulated
simulation_948,na,na,20,0.4166666666666667,48,simulated
simulation_949,na,na,18,0.375,48,simulated
simulation_950,na,na,18,0.375,48,simulated
simulation_951,na,na,18,0.375,48,simulated
simulation_952,na,na,23,0.4791666666666667,48,simulated
simulation_953,na,na,19,0.3958333333333333,48,simulated
simulation_954,na,na,20,0.4166666666666667,48,simulated
simulation_955,na,na,20,0.4166666666666667,48,simulated
simulation_956,na,na,19,0.3958333333333333,48,simulated
simulation_957,na,na,20,0.4166666666666667,48,simulated
simulation_958,na,na,18,0.375,48,simulated
simulation_959,na,na,18,0.375,48,simulated
simulation_960,na,na,24,0.5,48,simulated
simulation_961,na,na,22,0.4583333333333333,48,simulated
simulation_962,na,na,19,0.3958333333333333,48,simulated
simulation_963,na,na,18,0.375,48,simulated
simulation_964,na,na,18,0.375,48,simulated
simulation_965,na,na,21,0.4375,48,simulated
simulation_966,na,na,20,0.4166666666666667,48,simulated
simulation_967,na,na,23,0.4791666666666667,48,simulated
simulation_968,na,na,15,0.3125,48,simulated
simulation_969,na,na,23,0.4791666666666667,48,simulated
simulation_970,na,na,17,0.3541666666666667,48,simulated
simulation_971,na,na,24,0.5,48,simulated
simulation_972,na,na,24,0.5,48,simulated
simulation_973,na,na,21,0.4375,48,simulated
simulation_974,na,na,23,0.4791666666666667,48,simulated
simulation_975,na,na,17,0.3541666666666667,48,simulated
simulation_976,na,na,21,0.4375,48,simulated
simulation_977,na,na,23,0.4791666666666667,48,simulated
simulation_978,na,na,22,0.4583333333333333,48,simulated
simulation_979,na,na,22,0.4583333333333333,48,simulated
simulation_980,na,na,18,0.375,48,simulated
simulation_981,na,na,18,0.375,48,simulated
simulation_982,na,na,21,0.4375,48,simulated
simulation_983,na,na,18,0.375,48,simulated
simulation_984,na,na,21,0.4375,48,simulated
simulation_985,na,na,15,0.3125,48,simulated
simulation_986,na,na,18,0.375,48,simulated
simulation_987,na,na,23,0.4791666666666667,48,simulated
simulation_988,na,na,19,0.3958333333333333,48,simulated
simulation_989,na,na,18,0.375,48,simulated
simulation_990,na,na,20,0.4166666666666667,48,simulated
simulation_991,na,na,16,0.3333333333333333,48,simulated
simulation_992,na,na,16,0.3333333333333333,48,simulated
simulation_993,na,na,19,0.3958333333333333,48,simulated
simulation_994,na,na,18,0.375,48,simulated
simulation_995,na,na,17,0.3541666666666667,48,simulated
simulation_996,na,na,17,0.3541666666666667,48,simulated
simulation_997,na,na,17,0.3541666666666667,48,simulated
simulation_998,na,na,19,0.3958333333333333,48,simulated
simulation_999,na,na,22,0.4583333333333333,48,simulated
