language,language_family,code,data_length
Sirionó,Tupian,siri1273,56
Slave,,slav1253,28
Carolinian,Austronesian,caro1242,2
Kumyk,Turkic,kumy1244,60
Nepali,Indo-European,nepa1254,34
Eel River Athabaskan,,wail1244,52
North Slavey,,nort2942,58
Sie,Austronesian,siee1239,40
Umpila,Pama-Nyungan,umpi1239,36
Kumbainggar,Pama-Nyungan,kumb1268,48
Urdu,Indo-European,urdu1245,60
Dehu,Austronesian,dehu1237,17
Siwai,South Bougainville,siwa1245,28
Pohnpeian,Austronesian,pohn1238,44
Eyak,,eyak1241,27
Kinshasa Lingala,Atlantic-Congo,ling1263,60
Riuk Bekati',Austronesian,beka1241,28
Usarufa,Nuclear Trans New Guinea,usar1243,20
Kamang,,kama1365,60
Tidore,,tido1248,28
Big Nambas,Austronesian,bign1238,40
Wangkajunga,Pama-Nyungan,wang1288,60
Herero,Atlantic-Congo,here1253,58
Suruí,Tupian,suru1262,60
Lauje,Austronesian,lauj1238,60
Midob,,mido1240,56
Ura (Vanuatu),Austronesian,urav1235,16
Nyamal,Pama-Nyungan,nyam1271,44
Bungku,Austronesian,bung1269,60
Bierebo,Austronesian,bier1244,20
Marathi,Indo-European,mara1378,60
Sunwadia,Austronesian,mari1426,60
Uripiv-Wala-Rano-Atchin,Austronesian,urip1239,42
Welsh,Indo-European,wels1247,60
Tocantins Asurini,Tupian,toca1235,52
Budza,Atlantic-Congo,budz1238,12
Tswana,Atlantic-Congo,tswa1253,56
Italian,Indo-European,ital1282,60
Rennell-Bellona,Austronesian,renn1242,50
Tamil,Dravidian,tami1289,60
Lingua Geral Paulista,Tupian,tupi1274,60
Oto,,otoo1241,28
Limilngan-Wulna,,limi1242,26
Amanab,Border,aman1265,60
Ponca,,ponc1241,28
Huron-Wyandot,,wyan1247,28
Tausug,Austronesian,taus1251,60
Duma,Atlantic-Congo,duma1253,10
Yulparija,Pama-Nyungan,yulp1239,44
Hunzib,Nakh-Daghestanian,hunz1247,60
Mbere,Atlantic-Congo,mber1257,24
Chipaya,,chip1262,12
Southern Cook Island Maori,Austronesian,raro1241,52
Yami,Austronesian,yami1254,58
Tuamotuan,Austronesian,tuam1242,44
Central Aymara,,cent2142,44
Parakanã,Tupian,para1312,24
Touo,Touo,touo1238,60
Udmurt,Uralic,udmu1245,12
North Efate,Austronesian,nort2836,24
Tikopia,Austronesian,tiko1237,60
Tohono O'odham,Uto-Aztecan,toho1245,12
Watam,Lower Sepik-Ramu,wata1253,28
Cotabato Manobo,Austronesian,cota1241,28
Eastern Panjabi,Indo-European,panj1256,60
Tajio,Austronesian,taji1246,60
Saaroa,Austronesian,saar1237,60
Hiw,Austronesian,hiww1237,20
Ngoni,Atlantic-Congo,ngon1269,24
Mali,,mali1284,14
Movima,,movi1243,28
Nunamiut,Eskimo-Aleut,nort2944,60
Bandjalangic,Pama-Nyungan,band1339,60
Gimi (Eastern Highlands),Nuclear Trans New Guinea,gimi1243,22
Eastern Pahari,Indo-European,east1436,20
Yugumbir,Pama-Nyungan,yugu1249,60
Panare,Cariban,enap1235,60
Kazym Khanty,Uralic,nort2672,32
Loloda-Laba,North Halmahera,lolo1264,28
Afrikaans,Indo-European,afri1274,60
Sukuma,Atlantic-Congo,suku1261,28
Plains Cree,Algic,plai1258,28
Binongan Itneg,Austronesian,bino1237,28
Kazakh,Turkic,kaza1248,26
Alamblak,Sepik,alam1246,28
Umiray Dumaget Agta,Austronesian,umir1236,28
Agob-Ende-Kawam,Pahoturi,agob1244,15
Iban,Austronesian,iban1264,60
Telugu,Dravidian,telu1262,60
Central Sama,Austronesian,cent2092,60
Hanunoo,Austronesian,hanu1241,60
Bannock,Uto-Aztecan,bann1248,28
Shipibo-Conibo,Pano-Tacanan,ship1254,60
Gunya,Pama-Nyungan,guny1241,28
Wayampi,Tupian,waya1270,38
Yaka-Pelende-Lonzo,Atlantic-Congo,yaka1269,54
Nalik,Austronesian,nali1244,56
Soga,Atlantic-Congo,soga1242,60
Lavatbura-Lamusong,Austronesian,lava1239,24
Bezhta,Nakh-Daghestanian,bezh1248,60
Standard Lebanese Arabic,Afro-Asiatic,stan1323,60
Luba-Lulua,Atlantic-Congo,luba1249,60
Southwestern Tepehuan,Uto-Aztecan,sout2977,4
Cogui,,cogu1240,28
Sanapaná,,sana1298,56
Acehnese,Austronesian,achi1257,28
Frisian,Indo-European,fris1239,60
Western Mari,Uralic,west2392,22
Yalic,Nuclear Trans New Guinea,yali1257,28
Luangiua,Austronesian,onto1237,60
Hinuq,Nakh-Daghestanian,hinu1240,60
MokshaMordvin,Uralic,moks1248,22
North Marquesan,Austronesian,nort2845,48
Yerukula,Dravidian,yeru1240,22
Kodi-Gaura,Austronesian,kodi1247,18
Ida'an,Austronesian,idaa1241,60
Old Aramaic-Sam'alian,Afro-Asiatic,olda1245,52
Paliyan,Dravidian,pali1274,44
Aghul,Nakh-Daghestanian,aghu1253,60
Chemehuevi,Uto-Aztecan,chem1251,40
Lau,Austronesian,lauu1247,24
Waru,Austronesian,waru1266,28
Bit,Austroasiatic,bitt1240,58
Qawasqar,,qawa1238,52
Batlux,Nakh-Daghestanian,batl1238,60
Tsonga,Atlantic-Congo,tson1249,60
Tzeltal,,tzel1254,46
Ojibwa,Algic,ojib1241,28
Jingulu,,djin1251,28
Balaesang,Austronesian,bala1314,28
Tuvalu,Austronesian,tuva1244,60
East Ambae,Austronesian,east2443,28
Western Apache,,west2615,60
Unua,Austronesian,unua1237,40
Central Tagbanwa,Austronesian,cent2090,56
Kilivila,Austronesian,kili1267,28
Dieri,Pama-Nyungan,dier1241,56
Kwoma,,kwom1262,60
Vera'a,Austronesian,vera1241,28
Tsogo,Atlantic-Congo,tsog1243,28
Pitjantjatjara,Pama-Nyungan,pitj1243,36
Tupinambá,Tupian,tupi1273,36
Western Farsi,Indo-European,west2369,60
Kiai,Austronesian,fort1240,36
Marwari (India),Indo-European,marw1260,48
Kunimaipa,Goilalan,kuni1267,28
Sarangani Blaan,Austronesian,sara1326,28
Hidatsa,,hida1246,28
Talaandig-Binukid,Austronesian,binu1244,60
Pampanga,Austronesian,pamp1243,60
Mosetén-Chimané,,mose1249,28
Northern Gondi,Dravidian,nort2702,28
Yao,Atlantic-Congo,yaoo1241,5
Bau-Jagoi Bidayuh,Austronesian,baub1235,16
Balangao,Austronesian,bala1310,28
Nese,Austronesian,nese1235,24
Paakantyi,Pama-Nyungan,darl1243,36
Northern Pomo,,nort2966,38
Pitta Pitta,Pama-Nyungan,pitt1247,60
Puelche,,puel1244,60
Loniu,Austronesian,loni1238,32
Yámana,,yama1264,60
Lamaholot,Austronesian,lama1277,20
Belarusian,Indo-European,bela1254,60
Tubar,Uto-Aztecan,tuba1279,9
Jingpho,Sino-Tibetan,jing1260,12
Prakaa,Sino-Tibetan,prak1243,16
Asera,Austronesian,aser1237,28
Edopi,Lakes Plain,edop1238,60
Minangkabau,Austronesian,mina1268,14
Mohegan-Montauk-Narragansett,Algic,mohe1244,28
Ga'dang,Austronesian,gada1258,60
Ems-Weser Frisian,Indo-European,sate1242,60
Tapirapé,Tupian,tapi1254,28
Tlingit,,tlin1245,28
Teiwa,,teiw1235,60
Lunda,Atlantic-Congo,lund1266,48
Southern Kiwai,Kiwaian,sout2949,28
Guugu Yimidhirr,Pama-Nyungan,gugu1255,60
Sanga (Democratic Republic of Congo),Atlantic-Congo,sang1331,27
Peoria,Algic,peor1238,28
Dakota,,dako1258,28
Bagvalal,Nakh-Daghestanian,bagv1239,60
Cayubaba,,cayu1262,44
Old High German (ca. 750-1050),Indo-European,oldh1241,4
Chickasaw,,chic1270,28
East Uvean,Austronesian,wall1257,28
Yele,Yele,yele1255,60
Cha'palaa,,chac1249,28
Nakanai,Austronesian,naka1262,60
Pokomo,Atlantic-Congo,poko1261,12
Tehuelche,,tehu1242,60
Crow,,crow1244,28
South Slavey,,sout2959,60
Gela,Austronesian,gela1263,52
Au,Nuclear Torricelli,auuu1241,28
Miani,Nuclear Trans New Guinea,mian1254,28
Ute-Southern Paiute,Uto-Aztecan,utes1238,20
Huichol,Uto-Aztecan,huic1243,8
Auslan,,aust1271,60
Macushi,Cariban,macu1259,58
Northern Kurdish,Indo-European,nort2641,60
Serbian Standard,Indo-European,serb1264,60
Car Nicobarese,Austroasiatic,carn1240,12
Northern Kankanay,Austronesian,nort2877,12
Kazym-Berezover-Suryskarer Khanty,Uralic,khan1273,60
Yuwaalaraay-Gamilaraay,Pama-Nyungan,gami1243,44
Cinta Larga,Tupian,cint1239,52
Nuclear Woleaian,Austronesian,nucl1479,44
Koya,Dravidian,koya1251,58
Ngamini-Yarluyandi-Karangura,Pama-Nyungan,ngam1265,44
Serbian-Croatian-Bosnian,Indo-European,sout1528,60
Fordata,Austronesian,ford1242,9
Xârâcùù,Austronesian,xara1244,27
Algonquin,Algic,algo1255,28
Northern Tosk Albanian,Indo-European,tosk1239,60
Waffa,Nuclear Trans New Guinea,waff1241,28
Hunza,Isolate,hunz1248,4
Ritarungo,Pama-Nyungan,rita1239,52
Catalan,Indo-European,stan1289,60
Eastern Yiddish,Indo-European,east2295,60
Bilua,Bilua,bilu1245,28
Badimaya,Pama-Nyungan,badi1246,28
Cupeño,Uto-Aztecan,cupe1243,52
Wang-The,Sino-Tibetan,wang1287,28
Meskwaki,Algic,mesk1242,28
Murriny Patha,,murr1258,60
Epena,,epen1239,12
Ngalkbun,,ngal1292,28
Kei,Austronesian,keii1239,12
Cebuano,Austronesian,cebu1242,60
Kabaena,Austronesian,kaba1285,28
Kansa,,kans1243,28
Upper Michigan-Wisconsin Chippewa,Algic,uppe1274,28
Rakahanga-Manihiki,Austronesian,raka1237,28
Angaité,,anga1316,24
Mongo,Atlantic-Congo,mong1338,60
Varisi,Austronesian,vari1239,28
Aklanon,Austronesian,akla1241,60
Komba,Nuclear Trans New Guinea,komb1273,60
Kaiwá,Tupian,kaiw1246,28
Watut,Austronesian,watu1246,60
Southern Tepehuan,Uto-Aztecan,sout2975,22
Modern Greek,Indo-European,mode1248,60
Aché,Tupian,ache1246,60
Romanian,Indo-European,roma1327,60
Colloquial Malay,Austronesian,mala1479,60
Yakan,Austronesian,yaka1277,60
Galela,North Halmahera,gale1259,60
Mekongga,Austronesian,meko1237,28
Dupaninan Agta,Austronesian,dupa1235,12
Northern Yukian,,yuki1243,24
South Efate,Austronesian,sout2856,28
Meru,Atlantic-Congo,meru1245,60
Chuukese,Austronesian,chuu1238,28
Wangkumara,Pama-Nyungan,wong1246,20
Batanga,Atlantic-Congo,bata1285,60
Baure,Arawakan,baur1253,44
Daakie,Austronesian,port1286,26
Tiri-Mea,Austronesian,tiri1258,32
/Gwi,,gwii1239,60
Meta',Atlantic-Congo,meta1238,11
Mekeo,Austronesian,meke1243,12
Spanish,Indo-European,stan1288,60
Wayuu,Arawakan,wayu1243,60
Southeast Ambrym,Austronesian,sout2859,60
South Tuvaluan,Austronesian,sout2865,60
Suki,,suki1245,28
Ngiyambaa,Pama-Nyungan,wang1291,60
Chipewyan,,chip1261,60
Western Tawbuid,Austronesian,west2559,60
Kalkutung,Pama-Nyungan,kalk1246,60
Chavacano,Indo-European,chav1241,60
Luvale,Atlantic-Congo,luva1239,48
Ganda,Atlantic-Congo,gand1255,38
Giryama,Atlantic-Congo,giry1241,56
Mbuun,Atlantic-Congo,mpuo1241,60
Naasioi,South Bougainville,naas1242,28
Alyawarr,Pama-Nyungan,alya1239,44
Gane,Austronesian,gane1237,60
Māngarongaro,Austronesian,penr1237,44
Waimiri-Atroari,Cariban,waim1253,28
Turkish,Turkic,nucl1301,60
Warumungu,Pama-Nyungan,waru1265,44
Karitiâna,Tupian,kari1311,29
Sogeram,Nuclear Trans New Guinea,soge1235,56
Telefol,Nuclear Trans New Guinea,tele1256,60
Tuscarora,,tusc1257,28
Mortlockese,Austronesian,mort1237,60
Hupa-Chilula,,hupa1239,28
Mblafe,,mbla1238,10
Sardinian,Indo-European,sard1257,60
Slovak,Indo-European,slov1269,60
Weda,Austronesian,weda1240,60
Dogrib,,dogr1252,28
Dondo,Austronesian,dond1249,60
Elamite,,elam1244,44
Western Keres,,west2632,16
Kayabí,Tupian,kaya1329,60
Ossetic,Indo-European,osse1245,12
Mundurukú,Tupian,mund1330,35
Ottawa,Algic,otta1242,28
Godoberi,Nakh-Daghestanian,ghod1238,60
Serrano,Uto-Aztecan,serr1255,54
Punu,Atlantic-Congo,punu1239,18
Bushoong,Atlantic-Congo,bush1247,60
Modole,North Halmahera,modo1249,56
Olal,Austronesian,olal1237,36
Yaqui,Uto-Aztecan,yaqu1251,20
Lonwolwol,Austronesian,lonw1238,28
Blagar,,blag1240,56
Veps,Uralic,veps1250,8
Karenic,Sino-Tibetan,kare1337,28
Mashco Piro,Arawakan,mash1270,38
Biri,Pama-Nyungan,biri1256,52
Arabana,Pama-Nyungan,arab1267,40
Central Melanau,Austronesian,cent2101,60
Myene,Atlantic-Congo,myen1241,59
Northwest Maidu,,nort2951,54
Spokane,Salishan,spok1245,28
Malayalam,Dravidian,mala1464,28
Paraguayan Guaraní,Tupian,para1311,58
Mangaia,Austronesian,mang1402,28
Pawnee,,pawn1254,28
Western Canadian Inuktitut,,west2618,8
Rotokas,,roto1249,60
Galibi Carib,Cariban,gali1262,40
West Coast Bajau,Austronesian,west2560,60
Kuanua,Austronesian,kuan1248,60
Cubeo,,cube1242,48
Moronene,Austronesian,moro1287,60
Karadjeri,Pama-Nyungan,kara1476,48
Kukatja,Pama-Nyungan,kuka1246,60
Keyagana,Nuclear Trans New Guinea,keya1238,20
Hehe,Atlantic-Congo,hehe1240,48
Yanomám,,yano1262,24
Baruya,Angan,baru1267,28
Kwaio,Austronesian,kwai1243,28
Sangu (Tanzania),Atlantic-Congo,sang1330,48
Paiwan,Austronesian,paiw1248,60
Jehai,Austroasiatic,jeha1242,20
Warta Thuntai,,gunt1241,12
Selkup,Uralic,selk1253,28
Suundi,Atlantic-Congo,suun1239,32
Western Shoshoni,Uto-Aztecan,west2622,4
Sa,Austronesian,saaa1241,28
Yansi,Atlantic-Congo,yans1239,18
Totoli,Austronesian,toto1304,60
Yawa,Yawa-Saweru,nucl1454,60
Malapandaram,Dravidian,mala1468,36
Skolt Saami,Uralic,skol1241,12
Foi,East Kutubu,foii1241,28
Kui (India),Dravidian,kuii1252,52
North Muyu,Nuclear Trans New Guinea,nort2916,28
Dobu,Austronesian,dobu1241,44
Old Prussian,Indo-European,prus1238,20
Atampaya,Pama-Nyungan,atam1239,20
Akkadian,Afro-Asiatic,akka1240,28
Mangole,Austronesian,mang1408,42
Portuguese,Indo-European,port1283,52
Old Russian,Indo-European,oldr1238,48
Quechan,,quec1382,38
Djambarrpuyngu,Pama-Nyungan,djam1256,44
Marquesan,Austronesian,marq1246,28
Solu-Khumbu Sherpa,Sino-Tibetan,sher1255,20
Forest Enets,Uralic,fore1265,20
Aniwa,Austronesian,aniw1237,44
Huarijio,Uto-Aztecan,huar1255,22
French,Indo-European,stan1290,60
Wolio,Austronesian,woli1241,28
Indonesian,Austronesian,indo1316,60
Tuyuca,,tuyu1244,56
Doutai,Lakes Plain,dout1240,60
Burmese,Sino-Tibetan,nucl1310,28
Malecite,Algic,male1293,28
Pangasinan,Austronesian,pang1290,56
Páez,,paez1247,60
Nuu-chah-nulth,,nuuc1236,10
Gothic,Indo-European,goth1244,44
Waiwai,Cariban,waiw1244,60
Central Cagayan Agta,Austronesian,cent2084,60
Tubuai,Austronesian,tubu1240,28
Classical Nahuatl,Uto-Aztecan,clas1250,28
Mussau-Emira,Austronesian,muss1246,28
Vurës,Austronesian,vure1239,28
Choctaw,,choc1276,28
Osage,,osag1243,28
Southeastern Tepehuan,Uto-Aztecan,sout2976,56
Marra,Other,mara1385,26
Umbundu,Atlantic-Congo,umbu1257,44
Rade,Austronesian,rade1240,24
Kwasio,Atlantic-Congo,kwas1243,60
Burmish,Sino-Tibetan,burm1266,28
Luiseno-Juaneño,Uto-Aztecan,luis1253,52
Tabasco Chontal,,taba1266,16
Cocama-Cocamilla,Tupian,coca1259,60
Puinave,,puin1248,28
Mafea,Austronesian,mafe1237,54
Mi'kmaq,Algic,mikm1235,28
Nehan,Austronesian,neha1247,52
Rapanui,Austronesian,rapa1244,28
Wipi,,wipi1242,12
Bindal-Mount Elliot,Pama-Nyungan,bind1236,8
Slovenian,Indo-European,slov1268,60
Yamdena,Austronesian,yamd1240,2
Indonesian Bajau,Austronesian,indo1317,60
Ninam,,nina1238,56
Port Sandwich,Austronesian,port1285,40
Wari',,wari1268,4
Common Delaware,Algic,comm1246,28
Pacoh,Austroasiatic,paco1243,20
Dandami Maria,Dravidian,dand1238,44
Nuclear Miami,Algic,nucl1653,28
Kaonde,Atlantic-Congo,kaon1241,28
Bininj Kun-Wok,,gunw1252,28
Samoan,Austronesian,samo1305,56
Icelandic,Indo-European,icel1247,60
Eastern Armenian,Indo-European,nucl1235,60
Muduapa,Austronesian,mudu1242,44
Nsong,Atlantic-Congo,song1299,60
Tokharian A,Indo-European,tokh1242,12
Venda,Atlantic-Congo,vend1245,40
Walloon,Indo-European,wall1255,60
Māori,Austronesian,maor1246,60
Nyulnyul,,nyul1247,58
Ahin-Kayapa Kalanguya,Austronesian,ahin1234,60
Yelmek,,yelm1242,28
Cusco Quechua,,cusc1236,51
Palauan,Austronesian,pala1344,52
Whitesands,Austronesian,whit1269,48
Emau,Austronesian,emau1237,52
Kagulu,Atlantic-Congo,kagu1239,48
Achuar,Chicham,achu1249,4
Siona-Tetete,,sion1247,48
Bihari,Indo-European,biha1245,14
Sake,Atlantic-Congo,sake1247,18
Lala-Bisa,Atlantic-Congo,lala1264,28
Duala,Atlantic-Congo,dual1243,52
Amharic,Afro-Asiatic,amha1245,60
Adang,,adan1251,60
Hiligaynon,Austronesian,hili1240,60
Yavitero,Arawakan,yavi1244,44
Bunganditj,Pama-Nyungan,bung1264,60
Batak Toba,Austronesian,bata1289,60
Huli,Nuclear Trans New Guinea,huli1244,60
Cheke Holo,Austronesian,chek1238,20
Southern-Coastal Tsimshian,,nucl1649,44
Teko,Tupian,emer1243,30
Yucatec Maya,,yuca1254,28
Ancux,Nakh-Daghestanian,ancu1238,60
Old-Middle Welsh,Indo-European,oldw1239,20
Odia,Indo-European,oriy1255,58
Cree,Algic,cree1272,28
Kuuku-Ya'u,Pama-Nyungan,kuuk1238,40
Korowai,Nuclear Trans New Guinea,koro1312,28
Lauan,Austronesian,laua1243,60
Maranao,Austronesian,mara1404,60
Tolaki,Austronesian,tola1247,60
Laurentian,,laur1250,28
South Marquesan,Austronesian,sout2866,12
Maskelynes,Austronesian,mask1242,24
Iau,Lakes Plain,iauu1242,60
Munggava,Austronesian,mung1271,52
Wajarri,Pama-Nyungan,waja1257,32
Yindjibarndi,Pama-Nyungan,yind1247,44
Dari,Indo-European,dari1249,60
Idi,,nucl1597,28
Momu-Fas,Baibai-Fas,fass1245,60
Phende,Atlantic-Congo,phen1239,60
Pirriya,Pama-Nyungan,pirr1240,12
Wawonii,Austronesian,wawo1239,60
Balinese,Austronesian,bali1278,60
Cocopa,,coco1261,56
Ekonda Mongo,Atlantic-Congo,ekon1238,55
Kiowa Apache,,kiow1264,28
Old Norse,Indo-European,oldn1244,44
Thao,Austronesian,thao1240,48
Inanwatan,,inan1242,42
Bali,Atlantic-Congo,bali1275,16
Kélé,Atlantic-Congo,kele1257,10
Lake Miwok,,lake1258,10
Proto-Tupi-Guarani,Tupian,tupi1239,28
Sira,Atlantic-Congo,sira1266,10
Bontok,Austronesian,bont1247,60
Western Armenian,Indo-European,homs1234,60
Kwere,Atlantic-Congo,kwer1261,41
Southern Paiute,Uto-Aztecan,sout2969,36
Wiyot,Algic,wiyo1248,52
Dadibi,Teberan,dadi1250,60
Trumai,,trum1247,24
Guajá,Tupian,guaj1256,60
Tokharian B,Indo-European,tokh1243,12
Niuafo'ou,Austronesian,niua1240,28
Meriam,,meri1244,60
Thayore,Pama-Nyungan,thay1249,44
Kuvi,Dravidian,kuvi1243,36
Tooro,Atlantic-Congo,toor1238,60
Ngarluma,Pama-Nyungan,ngar1287,20
Yuracaré,,yura1255,28
Gogo,Atlantic-Congo,gogo1263,54
West Futuna,Austronesian,west2515,60
Ganggalida,,gang1267,48
Zigula,Atlantic-Congo,zigu1242,32
Mori Bawah,Austronesian,mori1268,60
Sawai,Austronesian,sawa1247,60
Mungaka,Atlantic-Congo,mung1266,28
Norwegian Bokmål,Indo-European,norw1259,60
Muruwari,Pama-Nyungan,muru1266,40
Taje,Austronesian,taje1237,60
Sika,Austronesian,sika1262,12
Maybrat-Karon,Maybrat-Karon,maib1239,60
Ende (Papua New Guinea),,ende1235,60
Breton,Indo-European,bret1244,60
Judeo-Tat,Indo-European,jude1256,60
Futuna-Aniwa,Austronesian,futu1245,40
Iyojwa'ja Chorote,,iyoj1235,40
Ding,Atlantic-Congo,ding1239,60
Mapudungun,,mapu1245,60
Mudburra,Pama-Nyungan,mudb1240,36
Kaurna,Pama-Nyungan,kaur1267,56
O'du,Austroasiatic,oduu1239,56
Fijian,Austronesian,fiji1243,60
Binja,Atlantic-Congo,binj1250,4
Gurindji,Pama-Nyungan,guri1247,40
Bwaidoga,Austronesian,bwai1243,8
Kom (Cameroon),Atlantic-Congo,komc1235,52
Sula,Austronesian,sula1245,20
Ili'uun,Austronesian,iliu1237,60
Toba,,toba1269,60
Brulé,,brul1239,28
Taliabu,Austronesian,tali1262,28
Akhvakh,Nakh-Daghestanian,akhv1239,60
Tiv,Atlantic-Congo,tivv1240,52
West Kewa,Nuclear Trans New Guinea,west2599,44
Gumatj,Pama-Nyungan,guma1253,48
Araki,Austronesian,arak1252,52
Maba (Indonesia),Austronesian,maba1278,60
Latvian,Indo-European,latv1249,60
Kuku-Yalanji,Pama-Nyungan,kuku1273,60
Western Bukidnon Manobo,Austronesian,west2555,60
Haya,Atlantic-Congo,haya1250,60
Dehong,Tai-Kadai,deho1238,24
Ignaciano,Arawakan,igna1246,44
Tübatulabal,Uto-Aztecan,tuba1278,14
Manggarai,Austronesian,mang1405,28
Seke (Vanuatu),Austronesian,seke1241,60
Degexit'an,,dege1248,12
Nambo,,namb1293,28
Zabana,Austronesian,zaba1237,20
Erave,Nuclear Trans New Guinea,erav1244,44
Uma Juman,Austronesian,umaj1240,60
'Are'are,Austronesian,area1240,48
Warlpiri,Pama-Nyungan,warl1254,60
Northwest Sahaptin,,yaki1237,28
Luburua,Austronesian,lubu1242,32
Tonga (Tonga Islands),Austronesian,tong1325,60
Eastern Mari,Uralic,east2328,28
Tok Pisin,Indo-European,tokp1240,56
Maragus,Austronesian,mara1399,20
Komi-Zyrian,Uralic,komi1268,60
Avatime,Atlantic-Congo,avat1244,28
Rejang,Austronesian,reja1240,52
Alangan,Austronesian,alan1249,60
Chibcha,,chib1270,28
Biak,Austronesian,biak1248,28
Western Panjabi,Indo-European,west2386,60
Kosarek Yale,Nuclear Trans New Guinea,kosa1249,28
Tenetehara,Tupian,temb1276,28
Ampibabo,Austronesian,ampi1237,60
Oroko,Atlantic-Congo,orok1266,4
Kalaallisut,,kala1399,28
Merlav,Austronesian,merl1237,34
Iowa-Oto,,iowa1245,28
Western Pantar,,lamm1241,60
Mescalero-Chiricahua Apache,,mesc1238,60
Dharumbal,Pama-Nyungan,dhar1248,28
Wanman,Pama-Nyungan,wanm1242,44
Mandan,,mand1446,28
Kadai,Austronesian,kada1286,28
Menui,Austronesian,menu1237,28
Okanagan,Salishan,okan1243,20
Kulisusu,Austronesian,kuli1254,60
Bario,Austronesian,bari1288,60
Yagwoia,Angan,yagw1240,28
Tonsea,Austronesian,tons1240,60
East Kewa,Nuclear Trans New Guinea,east2516,60
Lewo,Austronesian,lewo1242,16
Nanggu,Austronesian,nang1262,28
Bafia,Atlantic-Congo,bafi1243,12
Bulgarian,Indo-European,bulg1262,60
Northern Ojibwa,Algic,nort2961,40
Ngaanyatjarra,Pama-Nyungan,ngaa1240,60
Kodeoha,Austronesian,kode1237,28
Ayoreo,,ayor1240,60
Wapishana,Arawakan,wapi1253,60
Bayungu,Pama-Nyungan,bayu1240,44
Mori Atas,Austronesian,mori1269,28
Erzya,Uralic,erzy1239,60
Tulambatu,Austronesian,tula1253,28
Sangtam Naga,Sino-Tibetan,sang1321,28
Koroni,Austronesian,koro1311,28
North Ambrym,Austronesian,nort2839,36
Waia (Bungku),Austronesian,waia1242,28
Sa'a,Austronesian,saaa1240,36
Isnag,Austronesian,isna1241,60
Vaeakau-Taumako,Austronesian,pile1238,60
Tsaangi,Atlantic-Congo,tsaa1242,5
Winnebago-Chiwere,,winn1245,28
Kamayurá,Tupian,kama1373,60
Hindi,Indo-European,hind1269,60
Dyirbal,Pama-Nyungan,dyir1250,60
Blood,Algic,bloo1239,28
Lelepa,Austronesian,lele1267,60
Church Slavic,Indo-European,chur1257,44
Wichí Lhamtés Güisnay,,wich1264,8
Djinang,Pama-Nyungan,djin1253,36
Dzongkha,Sino-Tibetan,dzon1239,28
Nage,Austronesian,nage1237,28
Madak linkage,Austronesian,mada1284,34
Estonian,Uralic,esto1258,4
Ekari,Nuclear Trans New Guinea,ekar1243,28
Gilbertese,Austronesian,gilb1244,28
Kyaka,Nuclear Trans New Guinea,kyak1244,60
Bats,Nakh-Daghestanian,bats1242,58
Yaka (Central African Republic),Atlantic-Congo,yaka1272,58
Urak Lawoi',Austronesian,urak1238,28
Hoti,,yuwa1244,16
Gusii,Atlantic-Congo,gusi1247,36
Moni,Nuclear Trans New Guinea,moni1261,24
Grass Koiari,Koiarian,gras1249,58
Chamorro,Austronesian,cham1312,60
Guarayu,Tupian,guar1292,27
Manange,Sino-Tibetan,mana1288,54
Lakota,,lako1247,28
Ingush,Nakh-Daghestanian,ingu1240,60
Mairasi,Mairasic,nucl1594,60
Komo (Democratic Republic of Congo),Atlantic-Congo,komo1260,60
Nahavaq,Austronesian,sout2857,28
Patani,Austronesian,pata1260,60
Anambé,Tupian,anam1249,16
Amis,Austronesian,amis1246,12
Laiwui,Austronesian,laiw1239,28
Pilagá,,pila1245,60
Tetun Dili,Austronesian,tetu1246,28
Kwamera,Austronesian,kwam1252,60
Kadar,Dravidian,kada1242,28
Moselle Franconian,Indo-European,luxe1241,60
Maca,,maca1260,36
Mangareva,Austronesian,mang1401,60
Mahasu Pahari,Indo-European,maha1287,28
Buin,,buin1247,44
Baffin Inuktitut,,baff1241,28
Mokpwe,Atlantic-Congo,mokp1239,60
Lahnda,Indo-European,lahn1241,56
Wik-Mungkan,Pama-Nyungan,wikm1247,36
Dampelas,Austronesian,damp1237,60
Kickapoo,Algic,kick1244,28
Tomini,Austronesian,tomi1243,60
Atayal,Austronesian,atay1247,12
Hewa,Sepik,hewa1241,60
Bahonsuai,Austronesian,baho1237,28
Bo-Ung,Nuclear Trans New Guinea,boun1245,28
Kikuyu,Atlantic-Congo,kiku1240,60
German,Indo-European,stan1295,60
Tenharim-Parintintin-Diahoi,Tupian,tenh1241,60
Wathawurrung,Pama-Nyungan,wath1238,28
Flinders Island,Pama-Nyungan,flin1247,6
Wirangu,Pama-Nyungan,wira1265,52
Pukapuka,Austronesian,puka1242,60
Kiramang,,kira1248,28
Nimboran,Nimboranic,nucl1633,60
Niuean,Austronesian,niue1239,60
Hid,Nakh-Daghestanian,hidd1238,60
Cornish,Indo-European,corn1251,32
Ancient Greek,Indo-European,anci1242,60
Langi,Atlantic-Congo,lang1320,58
Bukusu,Atlantic-Congo,buku1249,60
Kodava,Dravidian,koda1255,44
Avestan,Indo-European,aves1237,44
Gigatl,Nakh-Daghestanian,giga1238,60
Jaru,Pama-Nyungan,jaru1254,52
Shina (Nakh-Daghestan),Nakh-Daghestanian,shin1265,60
Yau (Morobe Province),Nuclear Trans New Guinea,yaum1237,26
Martu Wangka,Pama-Nyungan,mart1256,60
Southwest Tanna,Austronesian,sout2869,52
Taiap,Taiap,taia1239,20
Kalam,Nuclear Trans New Guinea,kala1397,60
Setaman,Nuclear Trans New Guinea,seta1246,28
North Tanna,Austronesian,nort2847,48
Yandruwandha,Pama-Nyungan,yand1253,44
Pwo,Sino-Tibetan,pwoo1239,28
Tahitian,Austronesian,tahi1242,44
Tomadino,Austronesian,toma1248,28
Suku,Atlantic-Congo,suku1259,60
Ibaloi,Austronesian,ibal1244,60
Kanum,,kanu1280,4
Buru (Indonesia),Austronesian,buru1303,28
Kashaya,,kash1280,60
Warrongo,Pama-Nyungan,waru1264,28
Bacanese Malay,Austronesian,baca1243,56
Letemboi-Repanbitip,Austronesian,lete1241,28
Waimaha,,waim1255,60
Luguru,Atlantic-Congo,lugu1238,56
Sosva Mansi,Uralic,nort2677,18
Monumbo,Bogia,nucl1458,28
Ket,,kett1243,58
Lo-Toga,Austronesian,loto1240,60
Vao,Austronesian,vaoo1237,28
Cruzeño,,cruz1243,12
Tokelau,Austronesian,toke1240,58
Kuman,Nuclear Trans New Guinea,kuma1280,28
Satawalese,Austronesian,sata1237,20
Lubuagan Kalinga,Austronesian,lubu1243,24
Old English (ca. 450-1100),Indo-European,olde1238,42
Kemtuik,Nimboranic,kemt1242,60
Mbyá Guaraní,Tupian,mbya1239,60
Hawaiian,Austronesian,hawa1245,60
Warrnambool,Pama-Nyungan,warr1257,28
Bera,Atlantic-Congo,bera1259,60
Yinhawangka,Pama-Nyungan,yinh1234,12
Teguima,Uto-Aztecan,opat1246,60
Warázu,Tupian,paus1244,44
Tundra Nenets,Uralic,nene1249,28
Adnyamathanha,Pama-Nyungan,adny1235,44
Magam,Austronesian,maga1262,28
Gwich'in,,gwic1235,28
Maithili,Indo-European,mait1250,60
Mbala,Atlantic-Congo,mbal1257,60
Vlax Romani,Indo-European,vlax1238,28
Nyawaygi,Pama-Nyungan,nyaw1247,20
Mangei,Austronesian,mang1407,44
Onondaga,,onon1246,28
Shanghainese,Sino-Tibetan,shan1293,24
Margany,Pama-Nyungan,marg1253,28
Mala,,mala1494,28
Narrinyeri,Pama-Nyungan,narr1259,26
Zuni,,zuni1245,24
Selk'nam,,onaa1245,60
Bengali,Indo-European,beng1280,60
North Azerbaijani,Turkic,nort2697,60
North Saami,Uralic,nort2671,60
Neme,,neme1244,17
Sougb,,mani1235,28
Tamambo,Austronesian,malo1243,28
Ute,Uto-Aztecan,utee1244,28
Kunza,,kunz1244,10
Tolowa-Chetco,,tolo1259,28
Colombian Sign Language,,colo1249,28
Macedonian,Indo-European,mace1250,60
Ulawa,Austronesian,ulaw1237,36
Atchin,Austronesian,atch1238,45
Matukar,Austronesian,matu1261,60
Ketengban,Nuclear Trans New Guinea,kete1254,28
To'abaita,Austronesian,toab1237,60
Navajo,,nava1243,48
Ngulu,Atlantic-Congo,ngul1246,54
Mono (USA),Uto-Aztecan,mono1275,27
Early Irish,Indo-European,oldi1245,36
Karruwali,Pama-Nyungan,karr1236,8
Sindhi,Indo-European,sind1272,60
Cofán,,cofa1242,40
Bila,Atlantic-Congo,bila1255,60
Comanche,Uto-Aztecan,coma1245,52
Iwam,Sepik,iwam1256,28
Mohawk,,moha1258,28
Songoora,Atlantic-Congo,song1300,27
Oneida,,onei1249,28
Central Kurdish,Indo-European,cent1972,60
Old Rapa,Austronesian,rapa1245,28
East Futuna,Austronesian,east2447,60
Sinitic,Sino-Tibetan,sini1245,28
Termanu,Austronesian,term1237,46
Xibe,,xibe1242,60
Maklew,,makl1246,12
Owa,Austronesian,owaa1237,28
Puluwatese,Austronesian,pulu1242,60
Kumaoni,Indo-European,kuma1273,20
Luba-Katanga,Atlantic-Congo,luba1250,28
Waorani,,waor1240,58
Ingrian,Uralic,ingr1248,60
Potawatomi,Algic,pota1247,28
Bukat,Austronesian,buka1261,60
Merei,Austronesian,mere1242,12
Puyuma,Austronesian,puyu1239,12
Nivaclé,,niva1238,56
Seri,,seri1257,56
Barí,,bari1297,60
English,Indo-European,stan1293,60
Temi,Atlantic-Congo,temi1247,9
Arikara,,arik1262,28
Nama (Papua New Guinea),,nama1266,60
Rahambuu,Austronesian,raha1237,28
Chenchu,Dravidian,chen1255,38
Casiguran-Nagtipunan Agta,Austronesian,casi1235,60
Takia,Austronesian,taki1248,60
Barok,Austronesian,baro1253,26
Bilibil,Austronesian,bilb1241,60
Munsee,Algic,muns1251,28
Sundanese,Austronesian,sund1252,60
Takuu,Austronesian,taku1257,56
Tombulu,Austronesian,tomb1243,60
Wappo,,wapp1239,36
Malua Bay,Austronesian,malu1245,44
Yanyuwa,Pama-Nyungan,yany1243,44
Aguaruna,,agua1253,60
Lenakel,Austronesian,lena1238,28
Atta,Austronesian,atta1244,28
Uab Meto,Austronesian,uabm1237,48
Tirax,Austronesian,maee1241,28
Bamun,Atlantic-Congo,bamu1253,10
Jurúna,Tupian,juru1256,44
Wiwirano,Austronesian,wiwi1237,28
Northeast Maidu,,nort2952,60
Chepang,Sino-Tibetan,chep1245,28
Lipan Apache,,lipa1241,60
Naman,Austronesian,litz1237,44
Paicî,Austronesian,paic1239,60
Lisu,Sino-Tibetan,lisu1250,28
Nyoro,Atlantic-Congo,nyor1246,60
Sateré-Mawé,Tupian,sate1243,22
Cayuga,,cayu1261,28
Wambayan,,wamb1258,52
Farafi,Austronesian,butm1237,32
Northern Haida,,nort2938,12
Jamaican Creole English,Indo-European,jama1262,60
Riantana,,rian1263,4
S'gaw Karen,Sino-Tibetan,sgaw1245,28
Nen,,nenn1238,28
Tiale,Austronesian,tial1239,12
Abui,,abui1241,28
Lengua,,leng1262,56
North Northern Paiute,Uto-Aztecan,nort1551,28
Bannoni,Austronesian,bann1247,60
Torres Strait Creole,Indo-European,torr1261,60
Manam,Austronesian,mana1295,28
Neverver,Austronesian,ling1265,60
Chamalal,Nakh-Daghestanian,cham1309,60
Fipa,Atlantic-Congo,fipa1238,52
Tanala,Austronesian,tana1285,58
Ratagnon,Austronesian,rata1245,60
Sawi,Nuclear Trans New Guinea,sawi1257,28
Jicarilla Apache,,jica1244,60
Yombe,Atlantic-Congo,yomb1244,52
Yabem,Austronesian,yabe1254,60
Yidiñ,Pama-Nyungan,yidi1250,44
Bunun,Austronesian,bunu1267,36
Itbayat,Austronesian,ivat1242,60
Mungiki,Austronesian,mung1270,14
Wangganguru,Pama-Nyungan,wang1290,36
Andalal-Gxdatl,Nakh-Daghestanian,anda1281,60
Dutch,Indo-European,dutc1256,60
Sangu (Gabon),Atlantic-Congo,sang1333,10
Nyakyusa-Ngonde,Atlantic-Congo,nyak1260,38
Yadhaykenu,Pama-Nyungan,yadh1237,28
Polci,Afro-Asiatic,polc1243,60
Trinitario,Arawakan,trin1274,12
Copper Inuit,Eskimo-Aleut,copp1244,44
Minigir,Austronesian,mini1251,60
Sanskrit,Indo-European,sans1269,60
Taumako,Austronesian,taum1237,60
Modern Ossetic,Indo-European,osse1243,60
Bardic,,bard1254,28
Zulu,Atlantic-Congo,zulu1248,60
Balochic,Indo-European,balo1260,54
Bemba (Zambia),Atlantic-Congo,bemb1257,42
Seneca,,sene1264,28
Kannada,Dravidian,nucl1305,28
Ifugaw,Austronesian,ifug1247,28
Gujarati,Indo-European,guja1252,60
Kiput,Austronesian,kipu1237,60
Yir-Yoront,Pama-Nyungan,yiry1245,28
Ma'anyan,Austronesian,maan1238,60
Middle English,Indo-European,midd1317,36
Kalamang,,kara1499,60
Nogai,Turkic,noga1249,60
Polish,Indo-European,poli1260,60
Shawnee,Algic,shaw1249,28
Aneityum,Austronesian,anei1239,60
Central Subanen,Austronesian,cent2089,20
Imbongu,Nuclear Trans New Guinea,imbo1238,28
Gupapuyngu,Pama-Nyungan,gupa1247,56
Neve'ei,Austronesian,vinm1237,52
Kankanaey,Austronesian,kank1243,60
Kerewe,Atlantic-Congo,kere1283,16
Sibe,South Bougainville,sibe1248,28
Kariyarra,Pama-Nyungan,kari1304,60
Hausa,Afro-Asiatic,haus1257,60
Awiakay,Arafundi,awia1234,60
Gondi,Dravidian,gond1265,12
Czech,Indo-European,czec1258,60
Archi,Nakh-Daghestanian,arch1244,60
Malgana,Pama-Nyungan,malg1242,16
Budukh,Nakh-Daghestanian,budu1248,60
Mocoví,,moco1246,60
Onobasulu,Bosavi,onob1238,60
Swedish,Indo-European,swed1254,60
Madurese,Austronesian,nucl1460,60
Marshallese,Austronesian,mars1254,28
Tucano,,tuca1252,60
Buhid,Austronesian,buhi1245,60
Ngarinman,Pama-Nyungan,ngar1235,44
Icari,Nakh-Daghestanian,icar1234,60
Latin,Indo-European,lati1261,60
Prai,Austroasiatic,phai1238,58
Mayo,Uto-Aztecan,mayo1264,25
Lamba,Atlantic-Congo,lamb1271,56
Wiradhuri,Pama-Nyungan,wira1262,60
Kilmeri,Border,kilm1241,28
Kómnjo,,komn1238,60
Turung,Tai-Kadai,turu1249,28
Avar,Nakh-Daghestanian,avar1256,60
Bende,Atlantic-Congo,bend1258,43
Araweté,Tupian,araw1273,55
Hano,Austronesian,hano1246,60
Kawaiisu,Uto-Aztecan,kawa1283,18
Kriol (Roper River),Indo-European,krio1252,28
Assiniboine,,assi1247,28
Sonsorol,Austronesian,sons1242,52
Mouk,Austronesian,mouk1240,60
Northern Paiute,Uto-Aztecan,nort2954,18
Tongva,Uto-Aztecan,tong1329,35
Inxokvari,Nakh-Daghestanian,inxo1238,60
Makonde,Atlantic-Congo,mako1251,60
Kamano,Nuclear Trans New Guinea,kama1370,20
Central Tarahumara,Uto-Aztecan,cent2131,40
Mattole-Bear River,,matt1238,6
Middle High German,Indo-European,midd1343,48
Yurok,Algic,yuro1248,60
Danish,Indo-European,dani1285,60
Kota (Gabon),Atlantic-Congo,kota1274,28
Hittite,Indo-European,hitt1242,48
Kaure-Narau,Kaure-Narau,kaur1271,28
Albanian,Indo-European,alba1267,60
Wogeo,Austronesian,woge1237,28
Ibanag,Austronesian,iban1267,60
Pagu,,pagu1249,44
Yalarnnga,Pama-Nyungan,yala1262,60
Shasta,,shas1239,56
Lardil,,lard1243,60
Nganasan,Uralic,ngan1291,28
Shona,Atlantic-Congo,shon1251,2
Tadyawan,Austronesian,tady1237,60
Seki,Atlantic-Congo,seki1238,18
Hopi,Uto-Aztecan,hopi1249,40
Iraya,Austronesian,iray1237,60
Kayardild-Yangkaal,,kaya1318,28
Menominee,Algic,meno1252,28
Masaaba,Atlantic-Congo,masa1299,52
Kartujarra,Pama-Nyungan,kart1247,52
Eudeve,Uto-Aztecan,eude1234,12
Tagalog,Austronesian,taga1270,58
Japanese,,nucl1643,60
Pima Bajo,Uto-Aztecan,pima1248,20
Cherokee,,cher1273,28
Ngadjunmaya,Pama-Nyungan,ngad1258,24
Mono-Alu,Austronesian,mono1273,16
Nyangumarta,Pama-Nyungan,nyan1301,44
Sakata,Atlantic-Congo,saka1287,46
Larevat,Austronesian,lare1249,44
Savosavo,Savosavo,savo1255,60
Berik,Tor-Orya,beri1254,28
Kutenai,,kute1249,24
Nguna,Austronesian,ngun1274,52
Kombai,Nuclear Trans New Guinea,komb1274,28
Suzhou,Sino-Tibetan,suzh1234,26
Highland Puebla Nahuatl,Uto-Aztecan,high1278,44
Umbu-Ungu,Nuclear Trans New Guinea,umbu1258,32
Nhanda,Pama-Nyungan,nhan1238,56
Kuot,,kuot1243,37
Irish,Indo-European,iris1253,60
Vili,Atlantic-Congo,vili1238,5
Wersing,,wers1238,28
Talise,Austronesian,tali1259,60
Woiwurrung-Thagungwurrung,Pama-Nyungan,woiw1237,20
Paama,Austronesian,paam1238,16
Korafe,Nuclear Trans New Guinea,kora1295,60
Lamogai,Austronesian,lamo1244,12
Roviana,Austronesian,rovi1238,60
Sumbwa,Atlantic-Congo,sumb1240,16
Chokwe,Atlantic-Congo,chok1245,60
Dakaka,Austronesian,daka1243,50
Assamese,Indo-European,assa1263,44
Rotuman,Austronesian,rotu1241,60
Routa,Austronesian,rout1237,28
Karok,,karo1304,28
Movono,Austronesian,tang1347,12
Pashto,Indo-European,pash1269,60
Pumé,,pume1238,60
Tonga (Nyasa),Atlantic-Congo,tong1321,40
Kimaama,Kolopom,kima1246,60
Namakura,Austronesian,nama1268,60
Paluai,Austronesian,balu1257,60
Chimariko,,chim1301,58
Lozi,Atlantic-Congo,lozi1239,44
Torete,Austronesian,tore1237,28
Chirag,Nakh-Daghestanian,chir1284,60
Nengone,Austronesian,neng1238,43
Japanesic,,japa1256,28
Boano (Sulawesi),Austronesian,boan1243,52
Oceanic,Austronesian,ocea1241,24
Southeast Babar,Austronesian,sout2883,12
Itonama,,iton1250,44
Meadow Mari,Uralic,gras1239,28
Shi,Atlantic-Congo,shii1238,48
Gros Ventre,Algic,gros1243,28
Mongolian,,mong1331,28
South Saami,Uralic,sout2674,16
Duna,,duna1248,60
Basque,,basq1248,60
Isirawa,Greater Kwerba,isir1237,60
Kala Lagaw Ya,Pama-Nyungan,kala1377,60
El Nayar Cora,Uto-Aztecan,elna1235,12
Cheyenne,Algic,chey1247,28
Kamba (Kenya),Atlantic-Congo,kamb1297,60
Pintupi-Luritja,Pama-Nyungan,pint1250,44
Njebi,Atlantic-Congo,njeb1242,20
Sinhala,Indo-European,sinh1246,44
Wagaya,Pama-Nyungan,waga1260,44
Miami,Algic,miam1252,28
Livonian,Uralic,livv1244,4
Lower Grand Valley Dani,Nuclear Trans New Guinea,lowe1415,28
Western Dani,Nuclear Trans New Guinea,west2594,28
Kambera,Austronesian,kamb1299,60
Andi,Nakh-Daghestanian,andi1255,60
Duungidjawu,Pama-Nyungan,duun1241,32
Landawe,Austronesian,land1259,28
Huasteca Nahuatl,Uto-Aztecan,huas1257,12
Netsilik,Eskimo-Aleut,nets1241,59
Pinji,Atlantic-Congo,pinj1243,22
Anuta,Austronesian,anut1237,60
Wuvulu-Aua,Austronesian,wuvu1239,60
Hungarian,Uralic,hung1274,60
Tungag,Austronesian,tung1290,16
Tukang Besi South,Austronesian,tuka1249,12
Kashmiri,Indo-European,kash1277,60
Ndumu,Atlantic-Congo,ndum1239,8
Finnish,Uralic,finn1318,4
"!Kung, Southeastern Ju, or Ju'hoan",Kxa,juho1239,12
Avá-Canoeiro,Tupian,avac1239,9
Tabla,Sentanic,tabl1243,60
Yorta Yorta,Pama-Nyungan,yort1237,20
Buli,Austronesian,buli1256,60
Chihuahua Pima Bajo,Uto-Aztecan,chih1238,6
Eipomek,Nuclear Trans New Guinea,eipo1242,52
Brooke's Point Palawano,Austronesian,broo1239,40
Lalomerui,Austronesian,lalo1239,28
Kapingamarangi,Austronesian,kapi1249,60
Woleaian,Austronesian,wole1240,16
Banjar,Austronesian,banj1239,60
Waurá,Arawakan,waur1244,60
Marind,,nucl1622,60
Wulguru,Pama-Nyungan,wulg1239,60
Kosraean,Austronesian,kosr1238,28
Lithuanian,Indo-European,lith1251,60
Pipil,Uto-Aztecan,pipi1250,10
Shila,Atlantic-Congo,shil1264,30
Yugambal,Pama-Nyungan,yuga1244,58
Tajik,Indo-European,taji1245,24
Ukrainian,Indo-European,ukra1253,52
Asu (Tanzania),Atlantic-Congo,asut1235,60
Gayo,Austronesian,gayo1244,28
Awetí,Tupian,awet1244,60
Brunei-Sabah Malay,Austronesian,saba1263,60
Emae,Austronesian,emae1237,8
Kurukh,Dravidian,kuru1302,28
Rundi,Atlantic-Congo,rund1242,56
Klon,Timor-Alor-Pantar,kelo1247,8
Tetela,Atlantic-Congo,tete1250,56
Negerhollands,Indo-European,nege1244,44
Ha,Atlantic-Congo,haaa1252,56
Tesuque,,tesu1245,20
Birhor,Austroasiatic,birh1242,28
Sikaiana,Austronesian,sika1261,60
Iloko,Austronesian,ilok1237,60
Malacca-Batavia Portuguese Creole,Indo-European,mala1533,60
Panamint,Uto-Aztecan,pana1305,60
Dhuwal,Pama-Nyungan,dhuw1249,60
Fang (Equatorial Guinea),Atlantic-Congo,fang1246,60
Woods Cree,Algic,wood1236,28
Cimbala-Cizali,Atlantic-Congo,sans1272,56
Arosi,Austronesian,aros1241,25
Javanese,Austronesian,java1254,60
Cahuilla,Uto-Aztecan,cahu1264,49
Mele-Fila,Austronesian,mele1250,60
Warlmanpa,Pama-Nyungan,warl1255,36
Western Low Navarrese,,west1508,60
Konawe,Austronesian,kona1243,28
Fore,Nuclear Trans New Guinea,fore1270,28
Russian,Indo-European,russ1263,60
Omaha-Ponca,,omah1247,28
Bena (Tanzania),Atlantic-Congo,bena1262,50
Dhuwal-Dhuwala,Pama-Nyungan,dhuw1248,52
Creek,,cree1270,28
Northern Emberá,,nort2972,60
Avava,Austronesian,katb1237,44
Maguindanao,Austronesian,magu1243,58
Northern Tepehuan,Uto-Aztecan,nort2959,18
Padoe,Austronesian,pado1242,28
Slaveyic,,hare1243,28
Tigak,Austronesian,tiga1245,12
Muna,Austronesian,muna1247,60
Igbo,Atlantic-Congo,nucl1417,34
Pendau,Austronesian,pend1242,60
Shoshoni,Uto-Aztecan,shos1248,24
Toda,Dravidian,toda1252,60
I'saka,Sko,kris1246,28
Atsugewi,,atsu1245,28
Fe'fe',Atlantic-Congo,fefe1239,40
Digo,Atlantic-Congo,digo1243,60
Äiwoo,Austronesian,ayiw1239,60
Southwestern Alaya-Athima,Pama-Nyungan,kunj1248,24
Kawi,Austronesian,kawi1241,32
Motu,Austronesian,motu1246,28
Tasiko,Austronesian,tasi1237,52
Bali (Democratic Republic of Congo),Atlantic-Congo,bali1274,6
Maquiritari,Cariban,maqu1238,56
Mota,Austronesian,mota1237,44
Zinza,Atlantic-Congo,zinz1238,28
Numbami,Austronesian,numb1247,60
Mwotlap,Austronesian,motl1237,60
Eastern Bolivian Guaraní,Tupian,east2555,60
Northern Mansi,Uralic,mans1258,60
Waropen,Austronesian,waro1242,34
Tetum,Austronesian,tetu1245,32
Piegan,Algic,pieg1239,28
Meyah,,meya1236,28
Kunzakh,Nakh-Daghestanian,kunz1243,60
