language,language_family,code,true_value,simulated_mean,simulated_sd,z
Imbongu,Nuclear Trans New Guinea,imbo1238,3.15564,3.155639999999999,8.881784197001252e-16,1.0
Setaman,Nuclear Trans New Guinea,seta1246,3.0,3.0,0.0,
Anambé,Tupian,anam1249,3.0,3.0,0.0,
Warázu,Tupian,paus1244,3.2764300000000004,3.45475558,0.28464984940038807,-0.6264734739036069
Hittite,Indo-European,hitt1242,1.33334,2.5105068600000005,0.3206420801338159,-3.671280012619444
Galibi Carib,Cariban,gali1262,3.47265,3.50127789,0.2643830782861261,-0.10828185444235518
Tsogo,Atlantic-Congo,tsog1243,2.5,2.5,0.0,
Hano,Austronesian,hano1246,2.29085,4.11737932,0.19492216765093087,-9.370557192196697
Sarangani Blaan,Austronesian,sara1326,2.0,2.0,0.0,
Tokharian B,Indo-European,tokh1243,2.0,2.0,0.0,
Kuanua,Austronesian,kuan1248,1.92083,3.53483904,0.1594529476368449,-10.122164964149274
Gothic,Indo-European,goth1244,2.0,1.73255888,0.4008192882748354,0.6672361531080307
Nuclear Woleaian,Austronesian,nucl1479,2.0,1.9726670899999998,0.03286850306649058,0.8315836576039888
Portuguese,Indo-European,port1283,2.0,1.95047262,0.07126963343483396,0.6949296300967484
Waurá,Arawakan,waur1244,3.0,2.63738919,0.14768825131554608,2.4552447927984278
Tübatulabal,Uto-Aztecan,tuba1278,2.0,2.0,0.0,
Baffin Inuktitut,,baff1241,3.5,3.5,0.0,
Watam,Lower Sepik-Ramu,wata1253,3.0,3.0,0.0,
Yakan,Austronesian,yaka1277,1.0,2.54111398,0.10995262614944493,-14.0161634512063
Biri,Pama-Nyungan,biri1256,1.6,3.71848227,0.20396353887679805,-10.386573412415864
Udmurt,Uralic,udmu1245,3.0,3.0,0.0,
Mohegan-Montauk-Narragansett,Algic,mohe1244,2.75,2.75,0.0,
Taiap,Taiap,taia1239,2.5,2.5,0.0,
Martu Wangka,Pama-Nyungan,mart1256,2.1037600000000003,3.79187738,0.17633017563858888,-9.573615938885077
Awetí,Tupian,awet1244,2.60376,3.0771423099999997,0.1191582958898116,-3.9727180257574957
Miani,Nuclear Trans New Guinea,mian1254,3.25,3.25,0.0,
Huasteca Nahuatl,Uto-Aztecan,huas1257,-0.0,0.0,0.0,
Ratagnon,Austronesian,rata1245,1.3333300000000001,2.63209583,0.13090993178483862,-9.921064141524646
Pilagá,,pila1245,2.10161,2.29253566,0.07762360826426705,-2.459633921551286
Sindhi,Indo-European,sind1272,1.83333,4.13596887,0.21797643255274893,-10.56370564025437
Tongva,Uto-Aztecan,tong1329,2.7157799999999996,2.8923876799999997,0.32159263903550034,-0.5491658034514418
Tanala,Austronesian,tana1285,3.0514099999999997,3.86770784,0.2239177727937968,-3.6455250059660034
Hupa-Chilula,,hupa1239,3.0,3.0,0.0,
Chemehuevi,Uto-Aztecan,chem1251,1.0,1.93845138,0.4653615890168586,-2.0166068754892508
Suku,Atlantic-Congo,suku1259,2.66667,3.2638483000000003,0.13015364079006778,-4.5882565894812215
Western Keres,,west2632,3.0,3.0,0.0,
Kodi-Gaura,Austronesian,kodi1247,2.25019,2.2501899999999995,4.440892098500626e-16,1.0
Manggarai,Austronesian,mang1405,2.75,2.75,0.0,
Talaandig-Binukid,Austronesian,binu1244,2.5,3.3219473400000004,0.11702743921544384,-7.023543756151248
Wipi,,wipi1242,2.5,2.5,0.0,
Irish,Indo-European,iris1253,2.0,3.14853485,0.13698218824714947,-8.384556157971145
Sonsorol,Austronesian,sons1242,1.53064,2.5850477499999998,0.2061911040007243,-5.113740261055568
Potawatomi,Algic,pota1247,2.75,2.75,0.0,
Paiwan,Austronesian,paiw1248,1.0,1.0,0.0,
Serbian Standard,Indo-European,serb1264,2.33333,3.5670889100000003,0.1732160836328772,-7.122657920236151
Forest Enets,Uralic,fore1265,3.25,3.25,0.0,
Creek,,cree1270,3.5,3.5,0.0,
Sake,Atlantic-Congo,sake1247,2.5,2.578,0.26346916328101855,-0.2960498262060534
Bo-Ung,Nuclear Trans New Guinea,boun1245,2.0,2.0,0.0,
Angaité,,anga1316,1.0,1.0,0.0,
Uab Meto,Austronesian,uabm1237,2.47289,3.3631569600000004,0.19264082449719322,-4.621382629168365
Shanghainese,Sino-Tibetan,shan1293,2.58641,2.5864100000000003,4.440892098500626e-16,-1.0
Tidore,,tido1248,3.0,3.0,0.0,
Rotokas,,roto1249,2.66667,3.9785798199999998,0.17173778620434002,-7.639028364084306
Central Tagbanwa,Austronesian,cent2090,1.0,2.1063654400000003,0.08223495386516845,-13.453712661090382
Dakaka,Austronesian,daka1243,2.19911,3.4942793699999997,0.1684887416657359,-7.686978709648628
Fe'fe',Atlantic-Congo,fefe1239,2.39418,2.9613947200000004,0.2747485037897779,-2.0644870205881127
Hausa,Afro-Asiatic,haus1257,2.66667,2.85676044,0.12923451922766768,-1.4708952463785994
Lau,Austronesian,lauu1247,2.5,2.5,0.0,
Mahasu Pahari,Indo-European,maha1287,2.5,2.5,0.0,
Tadyawan,Austronesian,tady1237,1.3333300000000001,2.6338253699999994,0.13201493799590674,-9.85112283308668
Yuracaré,,yura1255,3.5,3.5,0.0,
Paraguayan Guaraní,Tupian,para1311,3.15875,3.62956214,0.1973963541634455,-2.3851106166336002
Dondo,Austronesian,dond1249,2.0,3.15170217,0.13721699819188254,-8.393290810730855
Menui,Austronesian,menu1237,2.0,2.0,0.0,
Maybrat-Karon,Maybrat-Karon,maib1239,2.16667,3.6954784499999995,0.15114554807170968,-10.114809661973437
Gurindji,Pama-Nyungan,guri1247,1.75,2.9586699299999997,0.20783334496681494,-5.81557271376732
Ha,Atlantic-Congo,haaa1252,2.0,3.7225061400000006,0.20458769607017036,-8.419402403403614
Wersing,,wers1238,2.5,2.5,0.0,
East Uvean,Austronesian,wall1257,3.25,3.25,0.0,
Huichol,Uto-Aztecan,huic1243,1.0,1.0,0.0,
Warumungu,Pama-Nyungan,waru1265,2.0,2.96767609,0.2139731860776296,-4.522417540901253
Yabem,Austronesian,yabe1254,2.79248,4.10804933,0.2270355261937019,-5.794552738312788
Southern Paiute,Uto-Aztecan,sout2969,2.5,3.1283963800000003,0.31617396128254394,-1.9875019987444307
Giryama,Atlantic-Congo,giry1241,1.81818,3.97246441,0.2291441188057243,-9.401438802915433
Tooro,Atlantic-Congo,toor1238,2.0,4.20585509,0.24302486004520588,-9.076664377420817
Tucano,,tuca1252,2.25,4.03412217,0.19681918473103965,-9.064777767665614
Comanche,Uto-Aztecan,coma1245,3.6959500000000003,3.76561761,0.2146474196895642,-0.32456765658192954
Cupeño,Uto-Aztecan,cupe1243,2.13774,3.55401572,0.24425965682011758,-5.7982383928550325
Maca,,maca1260,-0.0,0.43,0.4950757517794625,-0.8685539504902852
Osage,,osag1243,3.15564,3.155639999999999,8.881784197001252e-16,1.0
Sinhala,Indo-European,sinh1246,2.75,3.5061134099999998,0.258789839782152,-2.921727571053378
Movima,,movi1243,2.5,2.5,0.0,
Tonga (Nyasa),Atlantic-Congo,tong1321,2.25019,1.7958264199999998,0.15515154814497856,2.928514638960794
Iyojwa'ja Chorote,,iyoj1235,2.5,1.718,0.2828002828852899,2.7652023259014795
Ngarluma,Pama-Nyungan,ngar1287,3.0,3.0,0.0,
Karruwali,Pama-Nyungan,karr1236,2.0,2.0,0.0,
Tundra Nenets,Uralic,nene1249,3.0,3.0,0.0,
North Northern Paiute,Uto-Aztecan,nort1551,3.0,3.0,0.0,
Seki,Atlantic-Congo,seki1238,2.5,2.6825,0.27375856150995537,-0.6666458173705863
Korafe,Nuclear Trans New Guinea,kora1295,2.5,3.74253181,0.1577766478583694,-7.875258011029475
Qawasqar,,qawa1238,1.5,2.2344456,0.22519610101917834,-3.2613601952968647
Yombe,Atlantic-Congo,yomb1244,2.0245100000000003,3.90347366,0.2528440305449278,-7.431315091562452
Shi,Atlantic-Congo,shii1238,2.54718,3.6164800500000003,0.2697267130962328,-3.9643832000373527
Kapingamarangi,Austronesian,kapi1249,1.0,1.0,0.0,
Western Farsi,Indo-European,west2369,1.6666599999999998,4.21177993,0.2221865557361541,-11.454878183639169
Kinshasa Lingala,Atlantic-Congo,ling1263,2.5,3.3297858500000004,0.13762402608075924,-6.029367644811329
Chenchu,Dravidian,chen1255,1.2,3.1120861,0.309837974227805,-6.171245163751811
Sunwadia,Austronesian,mari1426,1.8008000000000002,3.45958842,0.13137299432114502,-12.626555621812535
Yagwoia,Angan,yagw1240,3.0,3.0,0.0,
Tiv,Atlantic-Congo,tivv1240,2.0,2.21005528,0.22157720303930548,-0.9480004130331882
Marathi,Indo-European,mara1378,1.6666599999999998,4.20257335,0.23380196333323955,-10.846415974640664
Ulawa,Austronesian,ulaw1237,1.5,3.2958872,0.22012219993031146,-8.158591911985981
Brooke's Point Palawano,Austronesian,broo1239,2.0,1.3642028800000001,0.45588912543085036,1.3946310287597288
Mangei,Austronesian,mang1407,2.0,3.4871314700000005,0.23840112560250026,-6.2379381231596165
Yele,Yele,yele1255,2.33333,4.06466386,0.20325681958128833,-8.517961973264018
Patani,Austronesian,pata1260,2.33333,3.3663339299999997,0.13602410865230877,-7.594270899730437
Budza,Atlantic-Congo,budz1238,1.0,1.0,0.0,
Mangareva,Austronesian,mang1401,3.6880100000000002,4.09096521,0.21162276468885838,-1.9041203369233508
Vlax Romani,Indo-European,vlax1238,2.0,2.0,0.0,
Jingpho,Sino-Tibetan,jing1260,1.81128,1.8112800000000002,2.220446049250313e-16,-1.0
Vaeakau-Taumako,Austronesian,pile1238,3.4598699999999996,3.17078386,0.12245097917411848,2.3608315911376696
Avestan,Indo-European,aves1237,2.0,1.72855018,0.41750471605787587,0.6501718652739019
Afrikaans,Indo-European,afri1274,2.0,3.3463320100000002,0.1534311060647739,-8.774830896621577
Birhor,Austroasiatic,birh1242,2.4000000000000004,3.2656051099999996,0.2883790719427952,-3.0016224969740746
Lithuanian,Indo-European,lith1251,2.06291,3.5657043400000004,0.17757850059386243,-8.462704296828266
North Muyu,Nuclear Trans New Guinea,nort2916,2.5,2.5,0.0,
Tohono O'odham,Uto-Aztecan,toho1245,1.0,1.0,0.0,
Paama,Austronesian,paam1238,3.0,3.0,0.0,
Yami,Austronesian,yami1254,1.95544,3.3332899800000004,0.1737177906767168,-7.931542156002517
Barok,Austronesian,baro1253,1.0,2.59682336,0.2900161223851364,-5.5059813463730345
Old Prussian,Indo-European,prus1238,2.0,2.0,0.0,
Kunzakh,Nakh-Daghestanian,kunz1243,2.0,2.85550261,0.11281037464474579,-7.583545508948856
North Efate,Austronesian,nort2836,2.0,2.0,0.0,
Momu-Fas,Baibai-Fas,fass1245,2.14281,3.62309225,0.1517904559438356,-9.752143115952714
Gumatj,Pama-Nyungan,guma1253,1.86165,3.12327001,0.14574886096467413,-8.656122604661626
Kaonde,Atlantic-Congo,kaon1241,2.0,2.0,0.0,
Maragus,Austronesian,mara1399,2.0,2.0,0.0,
Bera,Atlantic-Congo,bera1259,2.5,3.3290609699999996,0.13646702471058383,-6.07517436361094
Tenharim-Parintintin-Diahoi,Tupian,tenh1241,2.16666,3.87735175,0.18464488359615466,-9.264766597819914
Javanese,Austronesian,java1254,2.0,3.15235843,0.13308119985721162,-8.65906252150126
Ende (Papua New Guinea),,ende1235,2.5996,3.2403970799999997,0.13677519373071126,-4.685038730499828
Bafia,Atlantic-Congo,bafi1243,1.9183,1.9182999999999992,6.661338147750939e-16,1.0
Rakahanga-Manihiki,Austronesian,raka1237,3.0,3.0,0.0,
Samoan,Austronesian,samo1305,3.8609600000000004,3.5805542400000006,0.20507960161123387,1.3673020514812613
Bario,Austronesian,bari1288,1.25019,1.25019,0.0,
Jingulu,,djin1251,3.0,3.0,0.0,
Taje,Austronesian,taje1237,1.3333300000000001,2.63365414,0.12477320697273273,-10.421501310647292
Mono (USA),Uto-Aztecan,mono1275,2.9487699999999997,2.948769999999999,8.881784197001252e-16,1.0
Satawalese,Austronesian,sata1237,2.0,2.0,0.0,
Torete,Austronesian,tore1237,2.0,2.0,0.0,
Judeo-Tat,Indo-European,jude1256,2.33334,3.0902914200000007,0.11402304930751324,-6.63858250237238
Yalic,Nuclear Trans New Guinea,yali1257,2.0,2.0,0.0,
Macedonian,Indo-European,mace1250,2.66666,3.5356074900000003,0.1544688335250833,-5.625390379211332
Loniu,Austronesian,loni1238,2.0,2.0986681799999998,0.3278938756763956,-0.3009149829238567
Myene,Atlantic-Congo,myen1241,2.46387,3.97274413,0.21719000189843707,-6.947254094622568
Mbyá Guaraní,Tupian,mbya1239,2.68873,2.68873,0.0,
Solu-Khumbu Sherpa,Sino-Tibetan,sher1255,2.0,2.0,0.0,
Takuu,Austronesian,taku1257,1.67549,2.22386107,0.09163526689520311,-5.984279727445262
Mangaia,Austronesian,mang1402,3.0,3.0,0.0,
Northern Kankanay,Austronesian,nort2877,3.0,3.0,0.0,
Minangkabau,Austronesian,mina1268,2.25019,2.2501899999999995,4.440892098500626e-16,1.0
Tikopia,Austronesian,tiko1237,2.9183,2.83363525,0.07547360610264692,1.121779577947458
Ngarinman,Pama-Nyungan,ngar1235,1.75,2.9624083,0.2148063359198466,-5.644192452742181
Cinta Larga,Tupian,cint1239,2.6,3.73838836,0.18689137654720833,-6.0911764953073995
Western Mari,Uralic,west2392,3.0,3.0,0.0,
Gayo,Austronesian,gayo1244,2.5,2.5,0.0,
Ute-Southern Paiute,Uto-Aztecan,utes1238,3.75,3.75,0.0,
Sakata,Atlantic-Congo,saka1287,1.18872,1.31828103,0.20997088408786374,-0.6170428369763132
Malayalam,Dravidian,mala1464,3.0,3.0,0.0,
Bila,Atlantic-Congo,bila1255,2.0,3.94314361,0.1899438523397583,-10.230094767817178
Wogeo,Austronesian,woge1237,2.5,2.5,0.0,
Oceanic,Austronesian,ocea1241,3.0,3.0,0.0,
Lengua,,leng1262,2.52193,2.52193,0.0,
Kosraean,Austronesian,kosr1238,3.0,3.0,0.0,
Nimboran,Nimboranic,nucl1633,2.9474,3.91537909,0.1661810521559901,-5.824846319370885
Saaroa,Austronesian,saar1237,1.6666699999999999,2.64821632,0.1103663486170382,-8.893528981427862
Mandan,,mand1446,2.90564,2.905639999999999,8.881784197001252e-16,1.0
Vurës,Austronesian,vure1239,2.5,2.5,0.0,
Warlmanpa,Pama-Nyungan,warl1255,1.75,2.9574667100000003,0.21115835862280208,-5.718299374342698
German,Indo-European,stan1295,2.0,3.3376827899999997,0.15091307448831562,-8.863929083252287
Korowai,Nuclear Trans New Guinea,koro1312,3.0,3.0,0.0,
Grass Koiari,Koiarian,gras1249,2.2912,2.7371439399999997,0.11235576533616955,-3.9690347768601923
Norwegian Bokmål,Indo-European,norw1259,2.0,3.3399065099999996,0.15756521553096642,-8.503821769828802
Yerukula,Dravidian,yeru1240,2.58641,2.5864100000000003,4.440892098500626e-16,-1.0
Anuta,Austronesian,anut1237,3.33333,3.49584516,0.17764351843727483,-0.9148386692047157
Mala,,mala1494,3.5,3.5,0.0,
Mbala,Atlantic-Congo,mbal1257,2.33333,2.6477891600000003,0.1250291353321073,-2.515087056826566
Southern Tepehuan,Uto-Aztecan,sout2975,2.0,2.0,0.0,
Niuean,Austronesian,niue1239,2.6272599999999997,2.3704836800000004,0.08898886742428853,2.8854881226403273
Mota,Austronesian,mota1237,1.5,3.6439078,0.2797885765394292,-7.662599476064992
Tuscarora,,tusc1257,2.5,2.5,0.0,
Itbayat,Austronesian,ivat1242,1.3333300000000001,2.6399481299999996,0.1310896676340401,-9.967361681377165
Kuuku-Ya'u,Pama-Nyungan,kuuk1238,2.10784,3.3041925300000003,0.236151085198648,-5.066047140937931
Nguna,Austronesian,ngun1274,1.55098,3.8067418600000003,0.2203056966928917,-10.239235271090399
Uma Juman,Austronesian,umaj1240,2.58641,1.9953213699999999,0.12787370647956953,4.622440736825273
Riuk Bekati',Austronesian,beka1241,2.0,2.0,0.0,
Ngadjunmaya,Pama-Nyungan,ngad1258,3.0,3.0,0.0,
Umpila,Pama-Nyungan,umpi1239,1.87418,2.99908187,0.26815009902516,-4.195045514021804
Hiw,Austronesian,hiww1237,2.0,2.0,0.0,
Blood,Algic,bloo1239,3.0,3.0,0.0,
Elamite,,elam1244,2.0,1.76968237,0.411495293938926,0.5597090255768119
Kilmeri,Border,kilm1241,3.5,3.5,0.0,
Sanapaná,,sana1298,1.8,2.80669163,0.09660774226035458,-10.42040323525003
Umbundu,Atlantic-Congo,umbu1257,2.0,2.9575959599999995,0.2103891106860771,-4.551547163621193
Binongan Itneg,Austronesian,bino1237,1.0,1.0,0.0,
Bindal-Mount Elliot,Pama-Nyungan,bind1236,2.0,2.0,0.0,
Kansa,,kans1243,3.75,3.75,0.0,
Paluai,Austronesian,balu1257,2.33333,3.6864822800000003,0.16314636328708526,-8.294100173222288
Koya,Dravidian,koya1251,2.34175,4.02421113,0.24314797218529935,-6.919494803427035
Iau,Lakes Plain,iauu1242,3.45915,3.28428707,0.10328263995907105,1.6930524826756466
Tolowa-Chetco,,tolo1259,3.0,3.1113832299999995,0.3170329543124296,-0.3513301329874798
Pampanga,Austronesian,pamp1243,1.3333300000000001,2.6278701899999994,0.1267019833588405,-10.217205411328505
Kunza,,kunz1244,1.9183,1.9182999999999992,6.661338147750939e-16,1.0
Rotuman,Austronesian,rotu1241,3.2931999999999997,3.2898286199999998,0.11533873770028699,0.029230248806438385
Indonesian,Austronesian,indo1316,1.3333300000000001,2.6336609699999998,0.13099428798676338,-9.926623442782441
Northern Tosk Albanian,Indo-European,tosk1239,2.16667,3.1274550100000003,0.1266926843933773,-7.583587123442656
Nuclear Miami,Algic,nucl1653,2.5,2.5,0.0,
Maquiritari,Cariban,maqu1238,2.55011,2.33319152,0.09962753038236764,2.177294560725062
Eastern Armenian,Indo-European,nucl1235,2.33334,3.0827843300000004,0.11449133436357137,-6.545860734054445
Dzongkha,Sino-Tibetan,dzon1239,3.0,3.0,0.0,
Sateré-Mawé,Tupian,sate1243,2.25,2.8790818600000003,0.40705748177958895,-1.5454374091092908
Gujarati,Indo-European,guja1252,1.83333,4.12586125,0.22664713211981638,-10.114980183327708
Kayardild-Yangkaal,,kaya1318,3.25,3.25,0.0,
Mbuun,Atlantic-Congo,mpuo1241,2.0,3.15262246,0.13622163232155313,-8.461376070426303
Bukat,Austronesian,buka1261,1.0,2.5462538699999997,0.10933110634454907,-14.142853957107985
Bilibil,Austronesian,bilb1241,1.6666699999999999,3.31022917,0.11008524882022613,-14.929876505834144
Southwestern Alaya-Athima,Pama-Nyungan,kunj1248,2.8,3.21739304,0.2469097128773156,-1.690468289545962
Kuot,,kuot1243,1.61371,3.2368003200000004,0.3095799314517942,-5.242879641417382
"!Kung, Southeastern Ju, or Ju'hoan",Kxa,juho1239,2.5,2.5,0.0,
Warrnambool,Pama-Nyungan,warr1257,3.0,3.0,0.0,
Bontok,Austronesian,bont1247,1.79176,2.24878397,0.10693272140527939,-4.273939389121692
Bihari,Indo-European,biha1245,2.0,2.0,0.0,
Djambarrpuyngu,Pama-Nyungan,djam1256,1.25,3.48254007,0.24247974183278712,-9.20711995618813
Yalarnnga,Pama-Nyungan,yala1262,1.5,2.6401228,0.12172937574045146,-9.366044909578301
Gogo,Atlantic-Congo,gogo1263,2.0677399999999997,3.53141957,0.208042914717409,-7.03546944623498
Miami,Algic,miam1252,2.75,2.75,0.0,
Kazakh,Turkic,kaza1248,2.9183,2.9183000000000003,4.440892098500626e-16,-1.0
Mafea,Austronesian,mafe1237,2.0834,3.5165749099999997,0.16080988325657072,-8.912231518216961
Wapishana,Arawakan,wapi1253,2.16667,3.11689686,0.12874159670106786,-7.380884534206795
Nganasan,Uralic,ngan1291,2.5,2.5,0.0,
Selkup,Uralic,selk1253,3.0,3.0,0.0,
Wulguru,Pama-Nyungan,wulg1239,1.83333,2.8861193000000003,0.12510383059247226,-8.415324255173916
Asera,Austronesian,aser1237,2.0,2.0,0.0,
Gupapuyngu,Pama-Nyungan,gupa1247,2.07317,3.92121464,0.21578692148939518,-8.564210598327767
Mattole-Bear River,,matt1238,1.0,1.665,0.4719904660054057,-1.4089267641952408
Kei,Austronesian,keii1239,2.0,1.558,0.4966246067202068,0.8900082557709795
Hewa,Sepik,hewa1241,1.6666699999999999,3.3120016899999998,0.10792844248039485,-15.24465332943977
Yámana,,yama1264,1.6666699999999999,2.64372638,0.1035468538821707,-9.435886686734335
Central Subanen,Austronesian,cent2089,1.0,1.0,0.0,
Dhuwal,Pama-Nyungan,dhuw1249,2.1871,3.1207123899999996,0.12959453711475613,-7.204102972128251
Paakantyi,Pama-Nyungan,darl1243,2.25,3.06267479,0.22986859332443807,-3.535388537628476
Mapudungun,,mapu1245,2.0,3.15544549,0.13390309645097795,-8.628967668593159
Thao,Austronesian,thao1240,1.58641,1.5864100000000005,4.440892098500626e-16,-1.0
Kulisusu,Austronesian,kuli1254,0.66666,2.0435972099999993,0.105690384111876,-13.028027304191417
Yawa,Yawa-Saweru,nucl1454,3.33333,3.98236525,0.17351322132834,-3.740552132173415
Alamblak,Sepik,alam1246,3.5,3.5,0.0,
Konawe,Austronesian,kona1243,2.0,2.0,0.0,
Kikuyu,Atlantic-Congo,kiku1240,0.83333,3.84364642,0.205720614428364,-14.63303241809173
Kumaoni,Indo-European,kuma1273,3.0,3.0,0.0,
Gunya,Pama-Nyungan,guny1241,3.0,3.0,0.0,
Djinang,Pama-Nyungan,djin1253,2.0,3.44883465,0.20253157422554513,-7.153623604320257
Zabana,Austronesian,zaba1237,2.0,2.0,0.0,
Fang (Equatorial Guinea),Atlantic-Congo,fang1246,4.0,3.6403353099999998,0.16843368108577303,2.1353489853187075
Pashto,Indo-European,pash1269,2.5,4.1068918100000005,0.22399370419327394,-7.173825781341992
Taliabu,Austronesian,tali1262,2.5,2.5,0.0,
Kariyarra,Pama-Nyungan,kari1304,3.18872,4.08806633,0.2145642263832233,-4.191501748263101
Kashaya,,kash1280,4.24875,4.15495045,0.22589421155288045,0.4152366249457528
Northern Mansi,Uralic,mans1258,2.33334,3.0793561400000002,0.1183398531387478,-6.304014414529752
Mayo,Uto-Aztecan,mayo1264,2.5219300000000002,2.5219300000000002,0.0,
Maranao,Austronesian,mara1404,1.3333300000000001,2.6394070299999997,0.12906995045353933,-10.119141019350911
Western Canadian Inuktitut,,west2618,3.0,3.0,0.0,
Rade,Austronesian,rade1240,2.75,2.75,0.0,
Komba,Nuclear Trans New Guinea,komb1273,2.16667,3.35270077,0.14352471141342563,-8.263599754495353
Arosi,Austronesian,aros1241,0.64343,2.24316504,0.22308371075495048,-7.171007845378958
Negerhollands,Indo-European,nege1244,2.0,1.73340249,0.4026831719196866,0.6620527714854985
Kawaiisu,Uto-Aztecan,kawa1283,3.0,3.0,0.0,
Waimaha,,waim1255,3.16667,4.274239789999999,0.24490787646471457,-4.522393505623222
Modole,North Halmahera,modo1249,1.8,2.8743955999999997,0.15495298547701497,-6.93368763881849
Tagalog,Austronesian,taga1270,1.1,2.27305265,0.1070760785352055,-10.955319489164074
Western Apache,,west2615,2.06327,3.93865828,0.2032649745112069,-9.226322855227579
Palauan,Austronesian,pala1344,2.0,3.2318054000000003,0.23960034979072964,-5.141083479535304
Munggava,Austronesian,mung1271,2.30631,3.51312704,0.26043970992695875,-4.633767409503168
Nogai,Turkic,noga1249,2.0,2.8677815300000002,0.11437029861707586,-7.587472801006027
Aguaruna,,agua1253,2.33333,3.37750425,0.11491460843877728,-9.086523151286736
Waiwai,Cariban,waiw1244,2.3637200000000003,2.5213978000000004,0.08317625780690066,-1.8957068297789956
Cebuano,Austronesian,cebu1242,1.5,2.6415042799999995,0.1160251887948544,-9.838417776835577
Cocama-Cocamilla,Tupian,coca1259,2.63413,3.23234872,0.13201158774577934,-4.531562192494927
Emae,Austronesian,emae1237,1.0,1.0,0.0,
Onondaga,,onon1246,3.0,3.0,0.0,
Bukusu,Atlantic-Congo,buku1249,3.29248,3.6067258999999994,0.15685543693857093,-2.00341095044775
Talise,Austronesian,tali1259,3.08641,2.97555448,0.09385275866765769,1.1811642148160046
Tubuai,Austronesian,tubu1240,3.0,3.0,0.0,
Romanian,Indo-European,roma1327,2.33333,3.35712844,0.14015213716803038,-7.304907800104064
Dhuwal-Dhuwala,Pama-Nyungan,dhuw1248,1.43066,3.58750707,0.19132943877645986,-11.27294933698079
Madurese,Austronesian,nucl1460,1.5,2.63518392,0.11672033879420333,-9.72567362061475
Galela,North Halmahera,gale1259,4.58352,4.162068069999999,0.22540886142335909,1.8697221011574916
Wangkajunga,Pama-Nyungan,wang1288,2.33333,2.64259115,0.12240692641014031,-2.526500411943848
Northern Pomo,,nort2966,2.1265400000000003,3.44969816,0.3279579093451086,-4.034536513061029
Nyangumarta,Pama-Nyungan,nyan1301,1.75,2.9624215000000005,0.20574031957044783,-5.892969849231976
Wanman,Pama-Nyungan,wanm1242,2.5,2.6998643,0.1862448700977023,-1.0731264699809089
Choctaw,,choc1276,3.25,3.25,0.0,
Andi,Nakh-Daghestanian,andi1255,2.378,3.1987118,0.124794269901947,-6.576518302041008
Sinitic,Sino-Tibetan,sini1245,3.0,3.0,0.0,
Jicarilla Apache,,jica1244,2.33334,3.95051721,0.18870044092348034,-8.570076477223385
Kuku-Yalanji,Pama-Nyungan,kuku1273,2.29176,3.56871204,0.15183013529085193,-8.410399144766743
Panamint,Uto-Aztecan,pana1305,3.0,3.72168238,0.1612480564066916,-4.47560358916705
Ura (Vanuatu),Austronesian,urav1235,1.9183,1.9182999999999992,6.661338147750939e-16,1.0
Magam,Austronesian,maga1262,3.0,3.0,0.0,
Yaka (Central African Republic),Atlantic-Congo,yaka1272,2.76369,2.74566736,0.15409414683183267,0.11695862802412922
Naasioi,South Bougainville,naas1242,2.75,2.75,0.0,
Maskelynes,Austronesian,mask1242,1.35098,1.8697360200000004,0.05196098235175696,-9.983568372287703
Iraya,Austronesian,iray1237,1.3333300000000001,2.6355934299999997,0.13000215027965922,-10.017245308624393
Tabla,Sentanic,tabl1243,2.0,3.6027669700000002,0.13389061511069061,-11.970719297054195
Assamese,Indo-European,assa1263,1.875,3.56899129,0.2729236374388189,-6.206832452831209
Ili'uun,Austronesian,iliu1237,1.54085,3.08587042,0.11153373877990282,-13.85249375571364
Southwest Tanna,Austronesian,sout2869,1.75,3.22009171,0.23689900040223028,-6.205563161954819
Torres Strait Creole,Indo-European,torr1261,3.33334,3.3455690299999996,0.13189641181153905,-0.09271692710998794
Marind,,nucl1622,2.6265400000000003,3.2908134799999997,0.16656503262596745,-3.9880728237340697
Ekonda Mongo,Atlantic-Congo,ekon1238,2.33719,2.41384663,0.027418361255609387,-2.795813698906502
Meta',Atlantic-Congo,meta1238,2.9219299999999997,2.92193,4.440892098500626e-16,-1.0
Toda,Dravidian,toda1252,2.5,3.33194802,0.1379536206443296,-6.030635630397253
Suzhou,Sino-Tibetan,suzh1234,3.0,3.0,0.0,
S'gaw Karen,Sino-Tibetan,sgaw1245,3.0,3.0,0.0,
Kosarek Yale,Nuclear Trans New Guinea,kosa1249,2.5,2.5,0.0,
Foi,East Kutubu,foii1241,1.5,1.9635196,0.45963894689619156,-1.0084428291597423
Trinitario,Arawakan,trin1274,2.0,2.0,0.0,
Moselle Franconian,Indo-European,luxe1241,1.3333300000000001,2.63509281,0.12537931818607045,-10.382596020087664
Makonde,Atlantic-Congo,mako1251,1.93494,2.28228556,0.09287530954719017,-3.7399128109878634
Northern Tepehuan,Uto-Aztecan,nort2959,2.0,2.0,0.0,
Urdu,Indo-European,urdu1245,1.83333,4.11338838,0.22915407317910716,-9.949892438603536
Ninam,,nina1238,2.35098,2.3406177300000004,0.0969392926173236,0.10689442557524559
Vera'a,Austronesian,vera1241,2.5,2.5,0.0,
Atayal,Austronesian,atay1247,2.0,2.0,0.0,
Mashco Piro,Arawakan,mash1270,1.0,1.118,0.3226081214104815,-0.36576884513660074
Bulgarian,Indo-European,bulg1262,3.0,3.71927388,0.15749631484115936,-4.566925141870228
Dadibi,Teberan,dadi1250,1.6666699999999999,3.3104926400000005,0.1118347362058426,-14.698676777619315
Telugu,Dravidian,telu1262,2.79248,4.0965587,0.2188306807171015,-5.959304681256641
Wangkumara,Pama-Nyungan,wong1246,3.0,3.0,0.0,
Central Cagayan Agta,Austronesian,cent2084,1.6666699999999999,2.6476839000000005,0.10748070744273137,-9.127348743240375
Malecite,Algic,male1293,2.5,2.5,0.0,
Umbu-Ungu,Nuclear Trans New Guinea,umbu1258,1.6666699999999999,3.06539687,0.22877263453810007,-6.114048005890558
Sougb,,mani1235,3.5,3.5,0.0,
Wang-The,Sino-Tibetan,wang1287,3.25,3.25,0.0,
Páez,,paez1247,2.58208,2.58208,0.0,
Kaurna,Pama-Nyungan,kaur1267,1.8,3.26523949,0.1829690991540372,-8.008125398084026
Sawai,Austronesian,sawa1247,2.5,3.3162337399999995,0.12943287232388995,-6.306232144470025
Ancux,Nakh-Daghestanian,ancu1238,2.5,3.18591351,0.12813483615153182,-5.353060343315543
Alangan,Austronesian,alan1249,1.3333300000000001,2.62778871,0.13291478758150238,-9.739011990718092
Sie,Austronesian,siee1239,1.82212,3.00650789,0.2454898118713848,-4.824590808764462
Wiwirano,Austronesian,wiwi1237,2.0,2.0,0.0,
Chibcha,,chib1270,2.5,2.5,0.0,
Langi,Atlantic-Congo,lang1320,2.21823,3.1765978799999997,0.10712672677770749,-8.946113718088798
Northern Kurdish,Indo-European,nort2641,1.3333300000000001,4.2729073799999995,0.2452729975972398,-11.984920512232856
Nhanda,Pama-Nyungan,nhan1238,1.4,3.51603919,0.18928807189742278,-11.178935728959742
Woiwurrung-Thagungwurrung,Pama-Nyungan,woiw1237,3.0,3.0,0.0,
Western Bukidnon Manobo,Austronesian,west2555,3.4183,3.2300869300000006,0.14079973682530486,1.3367430525351183
Varisi,Austronesian,vari1239,2.5,2.5,0.0,
Western Pantar,,lamm1241,2.7509699999999997,3.7218531,0.16453281457748786,-5.900847818674835
Fijian,Austronesian,fiji1243,2.53253,3.61678687,0.16906195838834678,-6.413369869461635
Nehan,Austronesian,neha1247,2.15564,2.84377434,0.2549744499544305,-2.6988364525268493
Mussau-Emira,Austronesian,muss1246,2.0,2.0,0.0,
Cimbala-Cizali,Atlantic-Congo,sans1272,1.55011,2.72410188,0.17243239619591674,-6.808418289716956
Acehnese,Austronesian,achi1257,3.0,3.0,0.0,
Aklanon,Austronesian,akla1241,2.18709,3.35570806,0.15309293592859338,-7.633389828940733
Pohnpeian,Austronesian,pohn1238,2.0,2.82702987,0.080468799347841,-10.27764645058283
Cotabato Manobo,Austronesian,cota1241,1.0,1.0,0.0,
Kukatja,Pama-Nyungan,kuka1246,3.16666,2.7390268699999996,0.15309877927959809,2.793184452627354
Southern Cook Island Maori,Austronesian,raro1241,3.09382,2.94610432,0.2127870256151385,0.6941949565438686
Gela,Austronesian,gela1263,1.93764,1.87838569,0.17716853917816194,0.3344516485537733
Rejang,Austronesian,reja1240,1.0,2.21505436,0.22862566570748438,-5.314601736598567
Russian,Indo-European,russ1263,2.0,3.33402739,0.156200836880882,-8.54046250096165
Landawe,Austronesian,land1259,2.0,2.0,0.0,
French,Indo-European,stan1290,2.33333,3.3471949299999997,0.13964103768446834,-7.260508420819099
Kashmiri,Indo-European,kash1277,1.3333300000000001,4.27689696,0.24300674135167197,-12.113108235710051
Gros Ventre,Algic,gros1243,3.25,3.25,0.0,
Yindjibarndi,Pama-Nyungan,yind1247,2.5,3.50076784,0.25175012701989724,-3.9752426417679767
Rennell-Bellona,Austronesian,renn1242,3.36635,3.3962229399999995,0.17401087739781212,-0.17167283130068794
Common Delaware,Algic,comm1246,2.5,2.5,0.0,
Fipa,Atlantic-Congo,fipa1238,1.6,3.3064338,0.18146307386782579,-9.403752309645839
Umiray Dumaget Agta,Austronesian,umir1236,2.0,2.0,0.0,
Kartujarra,Pama-Nyungan,kart1247,2.4000000000000004,3.7041034,0.197714745868486,-6.595883348364167
Monumbo,Bogia,nucl1458,3.5,3.5,0.0,
Bagvalal,Nakh-Daghestanian,bagv1239,2.33334,3.0860044899999997,0.1158004264834111,-6.499669412770443
Netsilik,Eskimo-Aleut,nets1241,3.89717,3.8568145799999995,0.2003403969683189,0.2014342619396034
Central Kurdish,Indo-European,cent1972,0.66666,3.8221578199999997,0.19676184897344198,-16.03714254802472
Mangole,Austronesian,mang1408,1.6666699999999999,2.65830674,0.1790945267962491,-5.536946090642725
Paliyan,Dravidian,pali1274,2.5,3.50315845,0.24008166278351517,-4.178405124195433
Northern Haida,,nort2938,2.5,2.5,0.0,
Takia,Austronesian,taki1248,2.9266199999999998,3.08714602,0.1092018630205529,-1.4699934191579465
Cherokee,,cher1273,3.75,3.75,0.0,
Danish,Indo-European,dani1285,2.33334,3.08418278,0.10848340004568255,-6.921268873245293
Avava,Austronesian,katb1237,2.0,3.58606534,0.25011597728430784,-6.341319563912198
Mortlockese,Austronesian,mort1237,2.0,3.34317841,0.15784242585113767,-8.509615857442292
Bit,Austroasiatic,bitt1240,2.27557,2.6954767,0.07525843835683801,-5.579529806465177
Dutch,Indo-European,dutc1256,2.0,3.34989259,0.15465883763559038,-8.72819562488009
Kui (India),Dravidian,kuii1252,2.67506,3.85707556,0.24395220137044552,-4.845275235721647
Slave,,slav1253,3.0,3.0,0.0,
South Tuvaluan,Austronesian,sout2865,2.47579,2.99276859,0.11137755043235553,-4.6416767830962815
Amharic,Afro-Asiatic,amha1245,1.0,3.34930332,0.13556615809551292,-17.329570690826852
Suruí,Tupian,suru1262,3.0,2.63985294,0.14228080799516288,2.531241318310787
Waru,Austronesian,waru1266,2.0,2.0,0.0,
Kadai,Austronesian,kada1286,2.0,2.0,0.0,
Cocopa,,coco1261,3.13374,3.8747335400000003,0.20216203014035156,-3.6653447706553175
Mekeo,Austronesian,meke1243,2.0,2.0,0.0,
Tamambo,Austronesian,malo1243,3.5,3.5,0.0,
North Azerbaijani,Turkic,nort2697,2.33334,3.08807207,0.11328140932745803,-6.6624530404483755
Batak Toba,Austronesian,bata1289,3.7325799999999996,3.995358,0.21041686636009005,-1.2488447553928677
Ahin-Kayapa Kalanguya,Austronesian,ahin1234,1.3333300000000001,2.62762179,0.12267118354404143,-10.550903257041806
Dari,Indo-European,dari1249,1.3333300000000001,4.26467083,0.24821963138118447,-11.809464117277717
Nyulnyul,,nyul1247,1.34096,2.39279528,0.08704832129525306,-12.083349389729806
Isirawa,Greater Kwerba,isir1237,1.8008000000000002,4.02167168,0.21192083819760998,-10.479722989435809
Mungaka,Atlantic-Congo,mung1266,2.5,2.5,0.0,
Chepang,Sino-Tibetan,chep1245,3.0,3.0,0.0,
Serbian-Croatian-Bosnian,Indo-European,sout1528,1.7924799999999999,3.9250179,0.20315943636018977,-10.496868559032302
Andalal-Gxdatl,Nakh-Daghestanian,anda1281,2.378,3.19877449,0.12410222035701012,-6.613697060687899
Swedish,Indo-European,swed1254,2.33334,3.08219088,0.11606741438933493,-6.451861480157255
Classical Nahuatl,Uto-Aztecan,clas1250,2.0,2.0,0.0,
Cheke Holo,Austronesian,chek1238,2.5,2.5,0.0,
Albanian,Indo-European,alba1267,3.0,3.7182666099999997,0.16125437527586003,-4.454245714395354
Ukrainian,Indo-European,ukra1253,2.1898,3.30132294,0.20212499748659593,-5.4991859187219605
Slovenian,Indo-European,slov1268,2.0,3.3449045800000006,0.15999019133379272,-8.406168958158707
Barí,,bari1297,2.0,3.15025751,0.14062615214781318,-8.179541944594742
Breton,Indo-European,bret1244,2.0,3.33949847,0.1552456611411704,-8.628250607158332
Digo,Atlantic-Congo,digo1243,1.6666599999999998,3.9083509199999997,0.1998863903329929,-11.21482516276142
Boano (Sulawesi),Austronesian,boan1243,1.0,2.21596816,0.22442082051631126,-5.418250219398077
South Slavey,,sout2959,2.0,2.85733457,0.1189083252964867,-7.210046629303011
Bayungu,Pama-Nyungan,bayu1240,2.0,2.9605157699999998,0.20482419508204372,-4.689464394649561
Wirangu,Pama-Nyungan,wira1265,1.8,3.57931381,0.20970592231213667,-8.48480477032776
Nsong,Atlantic-Congo,song1299,1.6666599999999998,2.9014792700000003,0.13116570618712461,-9.4141929769232
Dampelas,Austronesian,damp1237,1.3333300000000001,2.6366112,0.1306074866527949,-9.978610211408663
Eastern Yiddish,Indo-European,east2295,2.33334,3.07818552,0.11453580311644738,-6.503167566238854
Roviana,Austronesian,rovi1238,1.27043,2.5993746199999994,0.11945960436421849,-11.12463603971265
Eastern Mari,Uralic,east2328,3.0,3.0,0.0,
Tomini,Austronesian,tomi1243,1.3333300000000001,2.63337114,0.12835496612870262,-10.128483370845483
Pitta Pitta,Pama-Nyungan,pitt1247,2.83333,3.9432725,0.1689530288427822,-6.569533009277078
Tocantins Asurini,Tupian,toca1235,1.7750599999999999,3.89748178,0.2367439197031924,-8.965052968037769
Hidatsa,,hida1246,3.5,3.5,0.0,
Murriny Patha,,murr1258,1.6666699999999999,3.3045084,0.11325303758681264,-14.461761334609118
Atta,Austronesian,atta1244,1.0,1.0,0.0,
Woods Cree,Algic,wood1236,2.5,2.5,0.0,
Balochic,Indo-European,balo1260,1.0576,3.11760132,0.15451605458740397,-13.331956510931578
Cornish,Indo-European,corn1251,1.6,2.8769258300000002,0.21688745514093516,-5.887504324167775
Northwest Maidu,,nort2951,2.45141,3.9199368299999997,0.2579945617861956,-5.6920844371014
Tetum,Austronesian,tetu1245,3.4190500000000004,2.7523542,0.4131629619142549,1.6136388337209226
Puyuma,Austronesian,puyu1239,2.0,2.0,0.0,
Sosva Mansi,Uralic,nort2677,3.0,3.0,0.0,
Savosavo,Savosavo,savo1255,2.95915,2.84322448,0.08759758046960886,1.3233872371648379
Phende,Atlantic-Congo,phen1239,1.6666599999999998,2.89435459,0.1372597401943917,-8.944316725802476
Touo,Touo,touo1238,1.5,4.23129432,0.23478403547715418,-11.633219926768703
Kimaama,Kolopom,kima1246,2.5,2.45514781,0.050431665747860226,0.8893656264348732
East Ambae,Austronesian,east2443,2.0,2.0,0.0,
Njebi,Atlantic-Congo,njeb1242,2.0,2.5671076000000004,0.38558561021262183,-1.4707696163435213
Yanyuwa,Pama-Nyungan,yany1243,2.0,3.07811488,0.21870952606959213,-4.929437228339794
Burmish,Sino-Tibetan,burm1266,3.75,3.75,0.0,
Ngalkbun,,ngal1292,2.81128,2.8112799999999987,1.3322676295501878e-15,1.0
Lakota,,lako1247,3.75,3.75,0.0,
Wambayan,,wamb1258,2.40564,3.44942311,0.20666737995442797,-5.050546004067811
Wappo,,wapp1239,3.0,2.69157376,0.34274126464763827,0.8998806733034719
Ekari,Nuclear Trans New Guinea,ekar1243,2.75,2.75,0.0,
Hawaiian,Austronesian,hawa1245,3.35161,3.4559463800000003,0.14950601629264154,-0.6978741229769201
Naman,Austronesian,litz1237,2.0,3.75908583,0.27765884955194764,-6.335421445556663
Ampibabo,Austronesian,ampi1237,1.3333300000000001,2.6358328199999996,0.12982739307421834,-10.03257316624542
Kunimaipa,Goilalan,kuni1267,3.0,3.0,0.0,
Tonga (Tonga Islands),Austronesian,tong1325,3.95987,3.54407425,0.15395903026012311,2.7006908870333093
Pwo,Sino-Tibetan,pwoo1239,3.25,3.25,0.0,
Kurukh,Dravidian,kuru1302,3.0,3.0,0.0,
Latin,Indo-European,lati1261,3.0,3.71908691,0.16569558586622607,-4.339807281170141
Southeastern Tepehuan,Uto-Aztecan,sout2976,2.96515,3.18759476,0.1590997848092272,-1.3981462028168572
Northwest Sahaptin,,yaki1237,3.5,3.5,0.0,
Tahitian,Austronesian,tahi1242,2.81128,2.5467926000000003,0.11621486976045708,2.275848181434639
Southern-Coastal Tsimshian,,nucl1649,2.0,1.7365346799999999,0.41086293798601203,0.641248688167074
Pukapuka,Austronesian,puka1242,3.00127,2.56650843,0.1021225404924647,4.257253764971502
Kiai,Austronesian,fort1240,1.8333400000000002,2.58659998,0.2779702428940904,-2.709858336480282
Avar,Nakh-Daghestanian,avar1256,2.5,3.18074345,0.12278607767087237,-5.544141998124009
Mblafe,,mbla1238,1.9183,1.9182999999999992,6.661338147750939e-16,1.0
Tajik,Indo-European,taji1245,3.0,3.0,0.0,
Māngarongaro,Austronesian,penr1237,3.18872,3.21209623,0.20060367817586772,-0.11652941866552645
Weda,Austronesian,weda1240,2.79393,3.0610412699999996,0.1223266142002103,-2.183590805209586
Wangganguru,Pama-Nyungan,wang1290,2.84436,3.36302397,0.21880602050478207,-2.370428239604424
Hid,Nakh-Daghestanian,hidd1238,2.33334,3.08477405,0.11664405806339857,-6.442111689834892
Hoti,,yuwa1244,3.0,3.0,0.0,
Godoberi,Nakh-Daghestanian,ghod1238,2.33334,3.0837526299999998,0.11632346319974786,-6.451085699807691
Old Rapa,Austronesian,rapa1245,3.0,3.0,0.0,
Ems-Weser Frisian,Indo-European,sate1242,2.0,3.34106225,0.1548133476998592,-8.662445906149857
Central Melanau,Austronesian,cent2101,1.6666699999999999,2.64097037,0.1097719695749471,-8.875675400310584
Zigula,Atlantic-Congo,zigu1242,1.0,2.3499372899999997,0.27153130035367173,-4.971571558202297
Kiowa Apache,,kiow1264,2.0,2.0,0.0,
Venda,Atlantic-Congo,vend1245,1.3333300000000001,2.43802481,0.14071409942206886,-7.850633408714018
Amanab,Border,aman1265,3.0,4.0914326,0.22469698352278786,-4.857353146840582
Crow,,crow1244,3.75,3.75,0.0,
Highland Puebla Nahuatl,Uto-Aztecan,high1278,2.0,1.76105687,0.4051462708848535,0.5897700341117293
Tetun Dili,Austronesian,tetu1246,3.25,3.25,0.0,
Mongolian,,mong1331,2.5,2.5,0.0,
Numbami,Austronesian,numb1247,3.33333,4.14993468,0.20228613543270235,-4.0368791378273805
Lipan Apache,,lipa1241,2.66666,3.34996029,0.13871535668416782,-4.9259166853152605
Middle High German,Indo-European,midd1343,0.88888,3.77405395,0.27036621460511207,-10.67135534746451
Northern Ojibwa,Algic,nort2961,2.8032199999999996,3.4225758699999997,0.2859988315025834,-2.165588812884383
Kwasio,Atlantic-Congo,kwas1243,1.6666699999999999,2.6394637700000003,0.10875497164307989,-8.944821145212442
Wichí Lhamtés Güisnay,,wich1264,2.0,2.0,0.0,
Dogrib,,dogr1252,3.0,3.0,0.0,
Iban,Austronesian,iban1264,1.0,2.5420289,0.11204440542744648,-13.76265860055395
Kazym-Berezover-Suryskarer Khanty,Uralic,khan1273,2.33334,3.0826182699999998,0.1178628528218586,-6.357204598911931
Tuamotuan,Austronesian,tuam1242,3.0,2.8774018999999997,0.16291977607825883,0.7525059446503906
Masaaba,Atlantic-Congo,masa1299,2.84328,3.2625548600000003,0.2930543740253341,-1.4307067123446333
Pokomo,Atlantic-Congo,poko1261,1.0,1.0,0.0,
Slovak,Indo-European,slov1269,2.33333,3.56027954,0.16250679041993413,-7.55014320835109
Northern Gondi,Dravidian,nort2702,2.5,2.5,0.0,
Urak Lawoi',Austronesian,urak1238,2.5,2.5,0.0,
West Coast Bajau,Austronesian,west2560,1.3333300000000001,2.6320474999999997,0.12509439105391576,-10.381900331888193
Lauan,Austronesian,laua1243,2.6466,4.0079334399999995,0.21968767932081762,-6.196676318893591
Ignaciano,Arawakan,igna1246,2.5,1.7534315699999998,0.44451172111524245,1.6795247336266474
Early Irish,Indo-European,oldi1245,1.33334,3.3555070000000007,0.2932598886213387,-6.8954776239823605
Namakura,Austronesian,nama1268,2.33334,3.0892475200000002,0.12021306801695728,-6.288064454800967
Kalam,Nuclear Trans New Guinea,kala1397,2.47445,4.11169212,0.23132981046139645,-7.077523284761509
Tolaki,Austronesian,tola1247,0.66666,2.04356563,0.10430690689979784,-13.20052210274743
Wathawurrung,Pama-Nyungan,wath1238,3.0,3.0,0.0,
Kazym Khanty,Uralic,nort2672,2.6,3.435084,0.32451443917335926,-2.5733338773067302
Ida'an,Austronesian,idaa1241,1.3333300000000001,2.63361756,0.12635893442114174,-10.29042834174488
Fore,Nuclear Trans New Guinea,fore1270,3.25,3.25,0.0,
Proto-Tupi-Guarani,Tupian,tupi1239,3.5,3.5,0.0,
Yir-Yoront,Pama-Nyungan,yiry1245,2.33333,3.37926976,0.3185767634453939,-3.283163996922459
Dobu,Austronesian,dobu1241,0.96498,2.6253827499999995,0.19620008187189295,-8.462803553181718
Kwaio,Austronesian,kwai1243,2.5,2.5,0.0,
Tombulu,Austronesian,tomb1243,2.0,2.86349727,0.11555746834041972,-7.472448837804502
Shasta,,shas1239,2.77362,3.9290458200000002,0.22417680208560295,-5.154082890159149
Sula,Austronesian,sula1245,3.0,3.0,0.0,
Quechan,,quec1382,1.62535,3.47662863,0.3017771041875495,-6.1345894181868115
Munsee,Algic,muns1251,3.5,3.5,0.0,
Ngamini-Yarluyandi-Karangura,Pama-Nyungan,ngam1265,1.75,2.9607882500000002,0.21119112868735157,-5.733139727627751
Lisu,Sino-Tibetan,lisu1250,3.0,3.0,0.0,
Mori Bawah,Austronesian,mori1268,1.3333300000000001,2.62610668,0.1342271806683639,-9.631258539163337
Port Sandwich,Austronesian,port1285,2.0,3.3711469,0.30659717494065397,-4.4721445990668505
Thayore,Pama-Nyungan,thay1249,2.25,3.7438640800000003,0.27897365520018835,-5.354857177922482
Yinhawangka,Pama-Nyungan,yinh1234,3.0,3.0,0.0,
Tswana,Atlantic-Congo,tswa1253,1.0,3.62283084,0.200908687978132,-13.054840317734211
Seke (Vanuatu),Austronesian,seke1241,3.18332,3.09296542,0.11109696863831883,0.8132947379883376
Navajo,,nava1243,2.45782,3.3721583,0.21664254538827316,-4.220492786222098
Ngulu,Atlantic-Congo,ngul1246,3.5288000000000004,3.35803017,0.18575796699811048,0.9193136249264469
Manam,Austronesian,mana1295,1.0,1.0,0.0,
Sukuma,Atlantic-Congo,suku1261,3.0,3.0,0.0,
Nyakyusa-Ngonde,Atlantic-Congo,nyak1260,1.7924799999999999,3.1290366900000004,0.31546095366708043,-4.236837156748491
Shawnee,Algic,shaw1249,1.5,1.5,0.0,
Isnag,Austronesian,isna1241,1.0,2.54819631,0.10850666565738668,-14.2682138523036
Chimariko,,chim1301,1.61408,2.69011289,0.11235962113921488,-9.57668670550947
Cusco Quechua,,cusc1236,2.77503,3.44148738,0.28317077962377335,-2.3535527955443323
Jaru,Pama-Nyungan,jaru1254,2.6796800000000003,3.3259769599999998,0.160930213518029,-4.016007596532487
Central Tarahumara,Uto-Aztecan,cent2131,2.82151,3.0178435099999996,0.3320675451611914,-0.5912457054624111
Maklew,,makl1246,2.0,2.0,0.0,
Copper Inuit,Eskimo-Aleut,copp1244,3.5,2.53421845,0.3911045780242127,2.469369074836577
MokshaMordvin,Uralic,moks1248,3.0,3.0,0.0,
Larevat,Austronesian,lare1249,2.0,3.7253635899999997,0.28507026207447855,-6.052415209655312
Au,Nuclear Torricelli,auuu1241,2.5,2.5,0.0,
Kalkutung,Pama-Nyungan,kalk1246,2.29248,3.9434193100000003,0.19188309187164956,-8.603881112694976
Bunganditj,Pama-Nyungan,bung1264,1.45987,3.6276069900000003,0.17577951869839645,-12.332136337905307
Eastern Pahari,Indo-European,east1436,3.0,3.0,0.0,
Shila,Atlantic-Congo,shil1264,1.77043,2.5532455900000004,0.14817237825266857,-5.283141157828463
Wik-Mungkan,Pama-Nyungan,wikm1247,1.8,2.68385272,0.2583387965501922,-3.4212930144554488
Kiput,Austronesian,kipu1237,1.3333300000000001,2.6358667999999996,0.12821481042204133,-10.159019817698699
East Futuna,Austronesian,east2447,2.66667,2.63523229,0.1205479754539905,0.2607900288794056
Tuvalu,Austronesian,tuva1244,3.0,3.35467832,0.1446001260669492,-2.4528216513157513
Äiwoo,Austronesian,ayiw1239,3.5,4.23717417,0.24040133462007052,-3.0664312707124854
Mosetén-Chimané,,mose1249,3.0,3.0,0.0,
Brulé,,brul1239,3.75,3.75,0.0,
Cheyenne,Algic,chey1247,2.5,2.5,0.0,
Muduapa,Austronesian,mudu1242,2.0,2.5718235299999996,0.15747766926214998,-3.6311404193320658
Yadhaykenu,Pama-Nyungan,yadh1237,3.0,3.0,0.0,
Western Panjabi,Indo-European,west2386,2.33334,3.0846244800000004,0.11553996088509635,-6.50237782880286
Polish,Indo-European,poli1260,1.3333300000000001,4.27622329,0.2409093659675271,-12.215769520545255
Mori Atas,Austronesian,mori1269,2.0,2.0,0.0,
Tulambatu,Austronesian,tula1253,2.0,2.0,0.0,
Kuvi,Dravidian,kuvi1243,3.16667,3.1449198299999996,0.28668588908607123,0.07586759874836468
Mono-Alu,Austronesian,mono1273,1.0,1.0,0.0,
Lubuagan Kalinga,Austronesian,lubu1243,2.0,2.0,0.0,
Adang,,adan1251,1.8360500000000002,3.11575339,0.13739978829462549,-9.313721701346003
Czech,Indo-European,czec1258,2.0,3.3418381499999996,0.15161490008398745,-8.850305275119299
Waropen,Austronesian,waro1242,2.58641,1.9367553200000003,0.4852931357337517,1.3386850795194891
Polci,Afro-Asiatic,polc1243,2.43494,2.56638688,0.0853323080413603,-1.5404116332619064
Telefol,Nuclear Trans New Guinea,tele1256,1.6666699999999999,3.95948641,0.20091382591203596,-11.411939420255926
Icelandic,Indo-European,icel1247,2.0,3.15429071,0.1403610651833189,-8.223724353277285
Lamogai,Austronesian,lamo1244,2.5,2.5,0.0,
Ma'anyan,Austronesian,maan1238,1.3333300000000001,2.64160932,0.1319779474947902,-9.912863056546959
Asu (Tanzania),Atlantic-Congo,asut1235,3.6666600000000003,3.9429382100000003,0.20587326234092637,-1.3419819886201785
Kwamera,Austronesian,kwam1252,2.5,3.48707253,0.14097432449456568,-7.001789393486683
Neme,,neme1244,2.0,2.0,0.0,
Yucatec Maya,,yuca1254,2.25084,3.1351718799999997,0.2528004684648856,-3.4981417770704595
Sikaiana,Austronesian,sika1261,2.45915,2.40280894,0.061893029356110844,0.9102973402034261
Luba-Lulua,Atlantic-Congo,luba1249,1.8336999999999999,2.6667427100000003,0.12899710447120857,-6.457840378780989
Laiwui,Austronesian,laiw1239,2.0,2.0,0.0,
Yugambal,Pama-Nyungan,yuga1244,2.3831100000000003,3.5312972,0.16656416850019096,-6.893362542128521
Bannoni,Austronesian,bann1247,1.25019,1.25019,0.0,
Middle English,Indo-European,midd1317,1.6666699999999999,3.2699558100000004,0.2770129275689924,-5.78776530059482
Bierebo,Austronesian,bier1244,2.5,2.5,0.0,
Pagu,,pagu1249,1.5,2.94548274,0.20980061934963964,-6.889792530073781
Nalik,Austronesian,nali1244,1.9216099999999998,3.72714984,0.19932211524508364,-9.05840196297302
Warta Thuntai,,gunt1241,1.0,1.0,0.0,
Northern Paiute,Uto-Aztecan,nort2954,2.58641,2.5864100000000003,4.440892098500626e-16,-1.0
Tesuque,,tesu1245,2.5,2.5,0.0,
Brunei-Sabah Malay,Austronesian,saba1263,1.5,2.6363870900000004,0.11842607513563856,-9.595750671450071
Adnyamathanha,Pama-Nyungan,adny1235,1.84436,3.3540537299999995,0.2549211617315972,-5.922198532852813
Budukh,Nakh-Daghestanian,budu1248,2.7107799999999997,2.9636119200000004,0.10025192240806954,-2.5219658030183525
Lenakel,Austronesian,lena1238,3.0,3.0,0.0,
Karitiâna,Tupian,kari1311,2.68872,2.8806110900000004,0.356520446849142,-0.5382330570263116
Narrinyeri,Pama-Nyungan,narr1259,2.50282,2.63076036,0.266677903756705,-0.4797561335142429
Gane,Austronesian,gane1237,1.6666599999999998,3.94588526,0.19455845651457146,-11.714860925766532
Igbo,Atlantic-Congo,nucl1417,1.8,3.05954374,0.3466476998429564,-3.6334980459141013
Mi'kmaq,Algic,mikm1235,3.25,3.25,0.0,
Totoli,Austronesian,toto1304,2.0,3.1512272599999998,0.1402201499973966,-8.210141409928417
Cahuilla,Uto-Aztecan,cahu1264,2.28859,3.3874366599999997,0.26488346760385856,-4.148415414295915
Berik,Tor-Orya,beri1254,2.0,2.0,0.0,
Sangu (Tanzania),Atlantic-Congo,sang1330,1.75,3.0477996399999996,0.1695067661961327,-7.656329414593062
Yorta Yorta,Pama-Nyungan,yort1237,3.0,3.0,0.0,
Ibanag,Austronesian,iban1267,1.0,2.54861157,0.10649656435883316,-14.541422808552351
Oneida,,onei1249,3.25,3.25,0.0,
Northern Emberá,,nort2972,1.6666699999999999,2.6433474300000004,0.11271526313013296,-8.664997116427779
Kalaallisut,,kala1399,4.0,4.0,0.0,
Sika,Austronesian,sika1262,2.0,2.0,0.0,
Edopi,Lakes Plain,edop1238,3.2592300000000005,3.2536676900000003,0.10319952369736937,0.053898601473312505
Emau,Austronesian,emau1237,1.95098,3.57729873,0.1743474234300212,-9.328034208964176
Hunzib,Nakh-Daghestanian,hunz1247,1.6666699999999999,2.64269129,0.11055112302566587,-8.828687247016065
Ket,,kett1243,1.9777200000000001,3.1418482299999995,0.1579081044663861,-7.37218798195255
Kwere,Atlantic-Congo,kwer1261,1.8930500000000001,2.74738777,0.17219280559340194,-4.961518380839578
To'abaita,Austronesian,toab1237,0.33333,1.9142936600000002,0.09383084170145975,-16.84908321541151
Pacoh,Austroasiatic,paco1243,2.5,2.5,0.0,
Bahonsuai,Austronesian,baho1237,2.0,2.0,0.0,
Lalomerui,Austronesian,lalo1239,2.0,2.0,0.0,
Gusii,Atlantic-Congo,gusi1247,1.33334,2.5749745400000004,0.2781638862260671,-4.463679871767787
Seri,,seri1257,2.0,2.77442565,0.06977249529705452,-11.099297032489716
Yau (Morobe Province),Nuclear Trans New Guinea,yaum1237,1.75,1.75,0.0,
Iwam,Sepik,iwam1256,3.0,3.0,0.0,
Pima Bajo,Uto-Aztecan,pima1248,1.9183,1.9182999999999992,6.661338147750939e-16,1.0
Bilua,Bilua,bilu1245,2.0,2.0,0.0,
West Futuna,Austronesian,west2515,2.5833399999999997,3.8812165800000002,0.18703300087873156,-6.939291857063864
Yandruwandha,Pama-Nyungan,yand1253,1.84436,3.34798644,0.2445425351290168,-6.148731709216601
Kayabí,Tupian,kaya1329,2.5,3.03026884,0.0914904909816009,-5.7958901991971965
Ding,Atlantic-Congo,ding1239,2.16667,3.11130555,0.12943177245366574,-7.298328162338677
Waimiri-Atroari,Cariban,waim1253,2.5,2.5,0.0,
Wiradhuri,Pama-Nyungan,wira1262,1.6666699999999999,2.6423709300000002,0.11130159931301575,-8.766279514600836
Japanesic,,japa1256,3.0,3.0,0.0,
Eyak,,eyak1241,2.37878,2.37878,0.0,
Whitesands,Austronesian,whit1269,2.29321,3.06459447,0.2967636223443148,-2.599322868168169
Waia (Bungku),Austronesian,waia1242,2.0,2.0,0.0,
Eipomek,Nuclear Trans New Guinea,eipo1242,1.80999,3.9645379700000003,0.22978970656271594,-9.376172685141425
Southeast Babar,Austronesian,sout2883,2.0,2.0,0.0,
Bali (Democratic Republic of Congo),Atlantic-Congo,bali1274,1.0,1.0,0.0,
Pinji,Atlantic-Congo,pinj1243,1.15713,2.12428717,0.20787742231394712,-4.652535899446309
Matukar,Austronesian,matu1261,1.5,2.6435123199999997,0.11663029232929843,-9.804591047164344
Arikara,,arik1262,2.75,2.75,0.0,
Agob-Ende-Kawam,Pahoturi,agob1244,2.0,2.0,0.0,
Dieri,Pama-Nyungan,dier1241,1.6708699999999999,3.9630485099999997,0.22849954345442336,-10.031435841609019
Yelmek,,yelm1242,2.0,2.0,0.0,
Hiligaynon,Austronesian,hili1240,1.0,2.54292283,0.11243967418527633,-13.722227862894695
Bali,Atlantic-Congo,bali1275,1.0,1.0,0.0,
Wuvulu-Aua,Austronesian,wuvu1239,2.95915,2.8394835999999994,0.08787130592201303,1.3618370495848358
Lamba,Atlantic-Congo,lamb1271,1.75184,3.5457305299999997,0.18474886839333848,-9.709886429078026
Bengali,Indo-European,beng1280,1.6666599999999998,4.04482831,0.22780441388973105,-10.439518134846828
Bezhta,Nakh-Daghestanian,bezh1248,3.0,3.7130805899999997,0.16751705735581646,-4.256764064840113
Kómnjo,,komn1238,1.92257,3.87172813,0.17981350036079913,-10.839887584018877
South Efate,Austronesian,sout2856,3.75,3.75,0.0,
Mundurukú,Tupian,mund1330,3.41543,3.24301719,0.2718253014654889,0.6342780052867507
Yuwaalaraay-Gamilaraay,Pama-Nyungan,gami1243,2.09436,3.34101623,0.23674691979471899,-5.26577592257996
Padoe,Austronesian,pado1242,2.0,2.0,0.0,
Farafi,Austronesian,butm1237,2.4,2.69473028,0.2696746320956452,-1.0929106594478206
Taumako,Austronesian,taum1237,3.29176,3.8433381,0.1410155263160408,-3.911470704040175
Yansi,Atlantic-Congo,yans1239,2.4,2.29485211,0.05641408795547339,1.8638587241362714
Old Russian,Indo-European,oldr1238,2.0,3.50833142,0.23734164031367022,-6.3551065797244535
Modern Greek,Indo-European,mode1248,2.0,3.34647717,0.15472197311852992,-8.702559454619198
Dehu,Austronesian,dehu1237,1.37878,1.3787799999999992,6.661338147750939e-16,1.0
Panare,Cariban,enap1235,2.3966000000000003,3.9502350099999997,0.17947726654481871,-8.656444573229717
Mairasi,Mairasic,nucl1594,2.9183,2.8341904999999996,0.07634707651213635,1.1016728320517943
Nese,Austronesian,nese1235,2.0,3.0678017200000003,0.26757639419358664,-3.9906424601396835
Termanu,Austronesian,term1237,2.15185,3.4183080799999996,0.2579863763195909,-4.909011468230106
Kilivila,Austronesian,kili1267,2.5,2.5,0.0,
Kadar,Dravidian,kada1242,3.0,3.0,0.0,
Siona-Tetete,,sion1247,1.3333300000000001,2.1855873200000002,0.14350262604084144,-5.938966717984967
Daakie,Austronesian,port1286,2.22222,2.9513189300000002,0.21060899630536936,-3.4618603326082713
Sibe,South Bougainville,sibe1248,3.0,3.0,0.0,
Woleaian,Austronesian,wole1240,1.0,1.0,0.0,
Bende,Atlantic-Congo,bend1258,2.04276,2.80946893,0.16058819301665703,-4.774379209313808
Paicî,Austronesian,paic1239,2.1686,3.62333435,0.16163322914666248,-9.00021831946453
Mbere,Atlantic-Congo,mber1257,2.22222,2.8516795000000004,0.3060914138219986,-2.056442851958108
Old Aramaic-Sam'alian,Afro-Asiatic,olda1245,2.0,2.5767927,0.2165501904882792,-2.663552032438498
Lardil,,lard1243,2.24097,3.81691129,0.18911161055428594,-8.333392568446316
Kaure-Narau,Kaure-Narau,kaur1271,3.0,3.0,0.0,
Vao,Austronesian,vaoo1237,2.5,2.5,0.0,
Aghul,Nakh-Daghestanian,aghu1253,1.5,2.63384119,0.11971144180521721,-9.471452126062234
Belarusian,Indo-European,bela1254,2.0,3.3483393100000005,0.1525625533937601,-8.837944043319535
Pumé,,pume1238,2.7107799999999997,2.9681264,0.09935590146558983,-2.590147099506995
Tajio,Austronesian,taji1246,1.3333300000000001,2.6370981000000002,0.1281016848226049,-10.177603064358264
Shina (Nakh-Daghestan),Nakh-Daghestanian,shin1265,2.33334,3.08278299,0.11962751223510373,-6.26480460888563
Church Slavic,Indo-European,chur1257,2.0,1.7805709299999999,0.41268800137153866,0.5317069293770197
Wawonii,Austronesian,wawo1239,1.3333300000000001,2.6367718800000004,0.12976800380858758,-10.044401098460476
Mali,,mali1284,2.5,2.5,0.0,
Routa,Austronesian,rout1237,2.0,2.0,0.0,
Minigir,Austronesian,mini1251,1.5,2.6413884100000002,0.11527896318657584,-9.901098851424388
Western Low Navarrese,,west1508,2.5,3.324442,0.11995178181252665,-6.873111741587342
Tokelau,Austronesian,toke1240,2.2510000000000003,3.8556299099999998,0.17975510766009378,-8.926755578118309
Lower Grand Valley Dani,Nuclear Trans New Guinea,lowe1415,2.75,2.75,0.0,
Guajá,Tupian,guaj1256,2.90172,4.1488342000000005,0.22240578558113097,-5.607382005559689
Hanunoo,Austronesian,hanu1241,1.3333300000000001,2.63835059,0.12401159093307326,-10.523375921403145
Yaka-Pelende-Lonzo,Atlantic-Congo,yaka1269,1.45282,3.05395418,0.20148942513870946,-7.946492372479331
Dakota,,dako1258,3.75,3.75,0.0,
Central Aymara,,cent2142,3.0,1.8155050799999999,0.4845282579018417,2.444635376126941
Madak linkage,Austronesian,mada1284,2.0584000000000002,3.4443598100000004,0.3208868888170158,-4.319153752618222
Bushoong,Atlantic-Congo,bush1247,2.33334,3.7672507800000004,0.17199467131394391,-8.336948866181242
Luba-Katanga,Atlantic-Congo,luba1250,2.81128,2.8112799999999987,1.3322676295501878e-15,1.0
Gondi,Dravidian,gond1265,2.5,2.5,0.0,
Eudeve,Uto-Aztecan,eude1234,3.0,3.0,0.0,
Xibe,,xibe1242,2.66666,4.11054642,0.23452950706293568,-6.156523492852162
Marshallese,Austronesian,mars1254,2.0,2.0,0.0,
Unua,Austronesian,unua1237,1.4285700000000001,3.38655391,0.2915573220168067,-6.715605344622876
Atchin,Austronesian,atch1238,1.40073,2.93233547,0.14575573641397138,-10.508028758813147
Shipibo-Conibo,Pano-Tacanan,ship1254,2.7295800000000003,3.9316388799999995,0.20272192429075253,-5.929594858600269
Tetela,Atlantic-Congo,tete1250,2.24012,3.0877058799999997,0.13884348992021772,-6.104613766817872
Buin,,buin1247,2.0,2.9526977999999997,0.21060437954933417,-4.523637172401868
Puinave,,puin1248,3.0,3.0,0.0,
Cruzeño,,cruz1243,3.0,3.0,0.0,
Wajarri,Pama-Nyungan,waja1257,2.0,3.0677483800000003,0.2761027954573725,-3.8672132175671865
Aniwa,Austronesian,aniw1237,2.125,3.80337187,0.2767895952336415,-6.063710120979315
Loloda-Laba,North Halmahera,lolo1264,3.0,3.0,0.0,
Meriam,,meri1244,2.1265400000000003,2.91041165,0.08413238866439902,-9.317121056990722
Balaesang,Austronesian,bala1314,2.0,2.0,0.0,
Cogui,,cogu1240,4.0,3.142,0.5512132073889376,1.556566476453444
Chamalal,Nakh-Daghestanian,cham1309,2.33334,3.0834424,0.11167423058987241,-6.716879946590163
Tonsea,Austronesian,tons1240,1.6666699999999999,2.6431991,0.10906163976022923,-8.953919106175995
Erave,Nuclear Trans New Guinea,erav1244,1.75,2.96120823,0.20722676363628104,-5.844844597997394
Mongo,Atlantic-Congo,mong1338,2.70053,3.4080823099999997,0.16751013400437567,-4.223937340898534
Muruwari,Pama-Nyungan,muru1266,2.28571,3.5437243499999997,0.28841824539612176,-4.361771039388328
Niuafo'ou,Austronesian,niua1240,2.5,2.5,0.0,
Biak,Austronesian,biak1248,2.5,2.5,0.0,
Batanga,Atlantic-Congo,bata1285,1.6666599999999998,3.4145562100000006,0.14427655717799723,-12.114901021955923
Eastern Bolivian Guaraní,Tupian,east2555,2.77043,3.27715866,0.10624075325318622,-4.769626009638658
Mokpwe,Atlantic-Congo,mokp1239,2.33333,3.55820301,0.17861579924642695,-6.857584912240077
Rundi,Atlantic-Congo,rund1242,1.26226,3.6362489100000004,0.20162665221471068,-11.774182053431893
Wayuu,Arawakan,wayu1243,2.51665,2.2904708499999997,0.10686448957056545,2.1165042841536996
Malua Bay,Austronesian,malu1245,1.875,3.6186576599999998,0.2544821681688609,-6.851787190224664
Hindi,Indo-European,hind1269,1.83333,4.11088437,0.22223635778063658,-10.248342767784699
Kamba (Kenya),Atlantic-Congo,kamb1297,2.16666,3.2562694000000003,0.12628081735101337,-8.62846331578053
Ngoni,Atlantic-Congo,ngon1269,-0.0,0.0,0.0,
Malacca-Batavia Portuguese Creole,Indo-European,mala1533,2.0,3.33679732,0.1552383102040782,-8.61125915531179
Marra,Other,mara1385,2.9183,2.9183000000000003,4.440892098500626e-16,-1.0
Japanese,,nucl1643,1.6666699999999999,2.6434972699999997,0.10782301134380873,-9.05954357818156
Tiri-Mea,Austronesian,tiri1258,1.9371,2.62203581,0.2903893139868337,-2.358681180778763
Mwotlap,Austronesian,motl1237,3.25019,3.12512501,0.09636227436087165,1.2978625798270182
Seneca,,sene1264,3.0,3.0,0.0,
Avatime,Atlantic-Congo,avat1244,3.0,3.0,0.0,
Chuukese,Austronesian,chuu1238,2.5,2.5,0.0,
Moronene,Austronesian,moro1287,0.66666,2.0450853399999995,0.10654359879356615,-12.937664539291294
Idi,,nucl1597,2.0,2.0,0.0,
Hopi,Uto-Aztecan,hopi1249,2.33333,2.1527884,0.2437265462592042,0.7407547629546822
Central Sama,Austronesian,cent2092,1.3333300000000001,2.6357024300000003,0.12454800689932817,-10.456790617715018
Pangasinan,Austronesian,pang1290,1.0,2.1079122,0.0808960086948669,-13.695511285098794
Songoora,Atlantic-Congo,song1300,2.14884,2.14884,0.0,
Spokane,Salishan,spok1245,3.5,3.0825,0.35769225599668764,1.1672044697659494
Karadjeri,Pama-Nyungan,kara1476,1.86166,3.25289648,0.2083284094952237,-6.678092936872811
Old English (ca. 450-1100),Indo-European,olde1238,1.38394,3.45205104,0.2662790909615669,-7.766704597540101
Mungiki,Austronesian,mung1270,1.0,0.93064216,0.4749836856096579,0.14602152053070375
Ute,Uto-Aztecan,utee1244,3.0,3.0,0.0,
Tirax,Austronesian,maee1241,2.0,2.0,0.0,
Kambera,Austronesian,kamb1299,2.98374,4.119111520000001,0.18568139718369636,-6.114621804987641
Abui,,abui1241,2.0,2.0,0.0,
Motu,Austronesian,motu1246,2.5,2.5,0.0,
Tzeltal,,tzel1254,2.55184,2.96719775,0.30149958731885107,-1.3776395307657197
Movono,Austronesian,tang1347,3.0,3.0,0.0,
Bininj Kun-Wok,,gunw1252,1.81128,1.8112800000000002,2.220446049250313e-16,-1.0
Buli,Austronesian,buli1256,2.16667,3.34768051,0.15044211078099076,-7.850265486631471
Neve'ei,Austronesian,vinm1237,2.41345,3.97176742,0.2561642261170431,-6.083274950687278
Lelepa,Austronesian,lele1267,3.58208,3.43047561,0.11388379008282039,1.3312200962906835
Atsugewi,,atsu1245,2.0,2.5697867899999993,0.05561010848034643,-10.246101033976077
Mocoví,,moco1246,2.10161,2.2846351399999993,0.07868099234364286,-2.326167153569043
Ganda,Atlantic-Congo,gand1255,2.33963,3.39042953,0.2882755416643582,-3.6451220382180574
Midob,,mido1240,1.0,3.72006078,0.26106467589084437,-10.419106953930848
Ketengban,Nuclear Trans New Guinea,kete1254,2.5,2.5,0.0,
Slaveyic,,hare1243,3.0,3.0,0.0,
Colloquial Malay,Austronesian,mala1479,1.93494,2.28517454,0.09373247616055172,-3.7365335297457936
Lavatbura-Lamusong,Austronesian,lava1239,1.0,2.42969416,0.3358833234721462,-4.256520226192653
Meyah,,meya1236,3.0,3.0,0.0,
Margany,Pama-Nyungan,marg1253,3.0,3.0,0.0,
Tigak,Austronesian,tiga1245,2.0,2.0,0.0,
Mescalero-Chiricahua Apache,,mesc1238,2.9266199999999998,3.08854045,0.12481089478766466,-1.2973262492466577
Lala-Bisa,Atlantic-Congo,lala1264,1.0,1.0,0.0,
Zinza,Atlantic-Congo,zinz1238,2.0,2.0,0.0,
Nakanai,Austronesian,naka1262,3.9183,3.67921129,0.1406658347994846,1.699692824066444
Batlux,Nakh-Daghestanian,batl1238,1.6666699999999999,2.6465582800000003,0.10962354314307492,-8.938666384109675
Kamano,Nuclear Trans New Guinea,kama1370,1.75,2.5432200000000003,0.23305817020692499,-3.4035279659825926
Archi,Nakh-Daghestanian,arch1244,3.0,3.73066903,0.15033585885196885,-4.8602444924298975
Bena (Tanzania),Atlantic-Congo,bena1262,1.8827800000000001,3.3364793400000003,0.20864378440865283,-6.967374293560373
Erzya,Uralic,erzy1239,2.5,3.1785626300000005,0.12340818060154321,-5.498522275366201
Ingush,Nakh-Daghestanian,ingu1240,2.33334,3.0886055100000003,0.11382552621683723,-6.6352911785465585
Plains Cree,Algic,plai1258,3.0,3.0,0.0,
Watut,Austronesian,watu1246,3.16666,3.66589151,0.1641887427688631,-3.0405952416774014
Amis,Austronesian,amis1246,2.0,2.0,0.0,
Old Norse,Indo-European,oldn1244,1.5,3.8086244300000005,0.30653323375398484,-7.531400108651315
Yulparija,Pama-Nyungan,yulp1239,2.25,3.48624292,0.23806375308365108,-5.1929069586902115
Standard Lebanese Arabic,Afro-Asiatic,stan1323,2.0,4.20478171,0.23680582618249893,-9.310504498740004
Luvale,Atlantic-Congo,luva1239,1.53064,2.91957429,0.1438486962127078,-9.655522271444122
Inanwatan,,inan1242,3.0,3.28721077,0.18865180188195155,-1.5224385197217554
Bwaidoga,Austronesian,bwai1243,1.81128,1.8112800000000002,2.220446049250313e-16,-1.0
Nunamiut,Eskimo-Aleut,nort2944,2.16667,3.34989326,0.14638303911714773,-8.083062540142288
Kickapoo,Algic,kick1244,3.5,3.5,0.0,
Frisian,Indo-European,fris1239,2.33333,3.34811081,0.14430703472888595,-7.0320952260331575
I'saka,Sko,kris1246,2.0,2.0,0.0,
Teiwa,,teiw1235,2.06924,3.6404885599999997,0.1424657225655575,-11.028958627412768
Turkish,Turkic,nucl1301,2.16667,3.1122042899999998,0.12787567392469884,-7.394168577807765
Itonama,,iton1250,2.0,1.72175021,0.4066662113164258,0.6842215612142282
Kalamang,,kara1499,2.96854,3.85261799,0.19523108050323312,-4.528367039311445
Aneityum,Austronesian,anei1239,2.7932,3.64026923,0.14109958414576246,-6.003343207056782
Rahambuu,Austronesian,raha1237,2.0,2.0,0.0,
Dyirbal,Pama-Nyungan,dyir1250,3.0,4.114341829999999,0.22753186727830257,-4.897519821419154
Latvian,Indo-European,latv1249,2.83333,3.58977709,0.16571769087406418,-4.564673125785079
Fordata,Austronesian,ford1242,1.0,1.0,0.0,
North Marquesan,Austronesian,nort2845,3.65433,3.2480281100000004,0.23662588949125557,1.7170643959270324
Walloon,Indo-European,wall1255,2.27043,3.51306589,0.16116533481368722,-7.7103174292196925
Winnebago-Chiwere,,winn1245,3.5,3.5,0.0,
Blagar,,blag1240,1.8,3.26545821,0.13215498844045162,-11.088936008346957
Nivaclé,,niva1238,1.2,2.11705068,0.07755326638084052,-11.82478472920332
Sa,Austronesian,saaa1241,3.25,3.25,0.0,
Ibaloi,Austronesian,ibal1244,1.0,2.5465104000000003,0.10822693661764614,-14.289514683979752
Maba (Indonesia),Austronesian,maba1278,2.27043,3.3393174500000002,0.14338833654310068,-7.454493690138502
Big Nambas,Austronesian,bign1238,2.42765,3.63596934,0.27990137994866054,-4.316946705377551
Herero,Atlantic-Congo,here1253,2.51285,3.14571562,0.15038409764072666,-4.208328074102224
Kumbainggar,Pama-Nyungan,kumb1268,1.77778,3.4293243100000006,0.21911852989449318,-7.537218832178313
Wayampi,Tupian,waya1270,2.79727,3.51141548,0.28893638999885346,-2.471635642719956
Huron-Wyandot,,wyan1247,3.0,3.0,0.0,
Algonquin,Algic,algo1255,2.5,2.5,0.0,
Basque,,basq1248,2.0,3.14722597,0.1391820466226126,-8.242628972906717
Kagulu,Atlantic-Congo,kagu1239,1.93872,2.77600886,0.10144615040749648,-8.253530140244017
Banjar,Austronesian,banj1239,1.3333300000000001,2.62977596,0.1311872993108647,-9.8824045224676
Luburua,Austronesian,lubu1242,1.54086,3.0231004400000003,0.26312709318579564,-5.633173011771089
Dandami Maria,Dravidian,dand1238,2.25,3.6533868099999998,0.2732172432360811,-5.136523571418088
Toba,,toba1269,1.6666699999999999,2.64320383,0.1118903228417503,-8.727598644800945
Cha'palaa,,chac1249,3.0,3.0,0.0,
Sundanese,Austronesian,sund1252,1.5,3.78993188,0.19309240667583386,-11.859253915895144
Bardic,,bard1254,2.5,2.5,0.0,
Akhvakh,Nakh-Daghestanian,akhv1239,2.33334,3.0842329200000003,0.11445788887566288,-6.560429581360748
West Kewa,Nuclear Trans New Guinea,west2599,1.75,2.96013223,0.21106319448574423,-5.733506654007057
Assiniboine,,assi1247,3.75,3.75,0.0,
Kiramang,,kira1248,2.0,2.0,0.0,
Menominee,Algic,meno1252,2.5,2.5,0.0,
Ga'dang,Austronesian,gada1258,1.0,2.54927275,0.10521703394668326,-14.724543088575038
Burmese,Sino-Tibetan,nucl1310,3.5,3.5,0.0,
Tok Pisin,Indo-European,tokp1240,1.6,2.9496634299999998,0.10177316859533804,-13.261485798544983
Prakaa,Sino-Tibetan,prak1243,2.58641,2.5864100000000003,4.440892098500626e-16,-1.0
Nuu-chah-nulth,,nuuc1236,1.9183,1.9182999999999992,6.661338147750939e-16,1.0
Zulu,Atlantic-Congo,zulu1248,2.22957,3.83640576,0.18517833256248528,-8.677234197784996
Baruya,Angan,baru1267,2.5,2.5,0.0,
South Saami,Uralic,sout2674,2.0,2.0,0.0,
Cayubaba,,cayu1262,2.5,2.14472916,0.46538306436493193,0.7633944318210367
Chipaya,,chip1262,2.5,2.5,0.0,
Kamayurá,Tupian,kama1373,2.66666,3.1179574,0.11606639600435607,-3.888269262561254
Neverver,Austronesian,ling1265,2.7910399999999997,3.7198265700000004,0.17566887403502962,-5.2871436394292255
Dehong,Tai-Kadai,deho1238,2.0,2.0,0.0,
Muna,Austronesian,muna1247,1.6666699999999999,2.64192587,0.10677619506914032,-9.13364509166577
English,Indo-European,stan1293,1.3333300000000001,2.6254467699999995,0.13330184083375254,-9.693165240016928
Lozi,Atlantic-Congo,lozi1239,3.03363,2.75867238,0.21670232968137568,1.2688263222840235
North Tanna,Austronesian,nort2847,2.0,3.16770525,0.3120216141525095,-3.7423857740484947
Colombian Sign Language,,colo1249,2.0,2.0,0.0,
Epena,,epen1239,3.0,3.0,0.0,
Temi,Atlantic-Congo,temi1247,1.9183,1.9182999999999992,6.661338147750939e-16,1.0
Puluwatese,Austronesian,pulu1242,2.12581,3.4075709699999996,0.13488668441532362,-9.50250186336693
East Kewa,Nuclear Trans New Guinea,east2516,2.66667,3.9218866900000005,0.20523520905717885,-6.115990992804238
Kannada,Dravidian,nucl1305,3.25,3.25,0.0,
Oto,,otoo1241,3.75,3.75,0.0,
Italian,Indo-European,ital1282,2.0,3.34242676,0.15237249235902917,-8.810164743101359
Kemtuik,Nimboranic,kemt1242,2.29664,4.1043963,0.2254296812957646,-8.019158300757287
Ancient Greek,Indo-European,anci1242,2.0,3.34343648,0.15189539601715912,-8.844484528341045
Avá-Canoeiro,Tupian,avac1239,2.5,2.5,0.0,
Arabana,Pama-Nyungan,arab1267,2.25,3.48980034,0.23666614463096405,-5.238604541149024
Bamun,Atlantic-Congo,bamu1253,1.9183,1.9182999999999992,6.661338147750939e-16,1.0
Cree,Algic,cree1272,2.5,2.5,0.0,
Chipewyan,,chip1261,1.6666699999999999,2.64540352,0.10785247583254456,-9.074743184566437
Marwari (India),Indo-European,marw1260,1.5555599999999998,3.7927798,0.2675439700209295,-8.362063999517487
Mouk,Austronesian,mouk1240,2.40631,3.91477475,0.19670299827998936,-7.668743045049235
/Gwi,,gwii1239,1.8371,3.87754678,0.20770140873819706,-9.823942901475151
Tausug,Austronesian,taus1251,1.3333300000000001,2.63674451,0.124487736467332,-10.470224192260428
Ossetic,Indo-European,osse1245,2.0,2.0,0.0,
Tubar,Uto-Aztecan,tuba1279,1.58641,1.5864100000000005,4.440892098500626e-16,-1.0
Veps,Uralic,veps1250,2.0,2.0,0.0,
Nahavaq,Austronesian,sout2857,3.0,3.0,0.0,
Piegan,Algic,pieg1239,3.0,3.0,0.0,
Ritarungo,Pama-Nyungan,rita1239,1.47548,3.7383912099999996,0.22685019320079033,-9.975355004423754
Wiyot,Algic,wiyo1248,2.0,2.0,0.0,
Pawnee,,pawn1254,2.75,2.75,0.0,
Sirionó,Tupian,siri1273,1.26332,3.36885045,0.1786457460229532,-11.786065422064246
Kota (Gabon),Atlantic-Congo,kota1274,1.9161299999999999,2.96765999,0.2834964639484943,-3.7091467574390706
Maguindanao,Austronesian,magu1243,1.85513,2.09306786,0.10330114728220784,-2.3033418917408444
Chokwe,Atlantic-Congo,chok1245,2.33334,3.8171514100000006,0.1831285819125783,-8.102565937568066
Catalan,Indo-European,stan1289,2.0,3.33540617,0.15791688459576164,-8.456386240257942
Punu,Atlantic-Congo,punu1239,-0.0,1.7742300800000002,0.3802323261217983,-4.66617369989649
Nama (Papua New Guinea),,nama1266,3.10956,3.8322603699999997,0.19116062420897015,-3.7805922270371366
Alyawarr,Pama-Nyungan,alya1239,1.75,3.7997466400000004,0.2962030426300689,-6.920072872309926
Hinuq,Nakh-Daghestanian,hinu1240,2.33334,3.0772254,0.11719898960759002,-6.347199771010863
Sumbwa,Atlantic-Congo,sumb1240,2.5,2.5,0.0,
Dharumbal,Pama-Nyungan,dhar1248,3.0,3.0,0.0,
Huarijio,Uto-Aztecan,huar1255,3.0,3.0,0.0,
Macushi,Cariban,macu1259,2.15993,2.9439255400000004,0.08928475616088344,-8.780844275223284
Peoria,Algic,peor1238,2.75,2.75,0.0,
O'du,Austroasiatic,oduu1239,1.0,1.8427803800000002,0.16608526526593384,-5.074383803105892
Futuna-Aniwa,Austronesian,futu1245,2.0,2.5669407,0.15826693666938146,-3.582180283076655
Teguima,Uto-Aztecan,opat1246,2.6880599999999997,3.27881913,0.15182169814800223,-3.8911376779892377
Ngiyambaa,Pama-Nyungan,wang1291,1.6666699999999999,2.64545784,0.11059810952513795,-8.849950909672021
Sangtam Naga,Sino-Tibetan,sang1321,2.5,2.5,0.0,
Mekongga,Austronesian,meko1237,2.0,2.0,0.0,
Mele-Fila,Austronesian,mele1250,1.6666599999999998,2.8884989500000002,0.13222205077973,-9.240810763368613
Kombai,Nuclear Trans New Guinea,komb1274,2.5,2.5,0.0,
Ojibwa,Algic,ojib1241,2.90564,2.905639999999999,8.881784197001252e-16,1.0
Kamang,,kama1365,2.30378,4.118638310000001,0.22478116237986648,-8.073889692468981
Awiakay,Arafundi,awia1234,3.58333,4.10215361,0.22998209422271967,-2.2559304529923967
Sanskrit,Indo-European,sans1269,1.83333,4.1930513099999995,0.2322324736504004,-10.161030767610441
Kyaka,Nuclear Trans New Guinea,kyak1244,3.75019,3.49443013,0.16114980689185793,1.5870938658439195
Auslan,,aust1271,1.3333300000000001,2.6415319499999996,0.12780817155681987,-10.235667516911548
Kodeoha,Austronesian,kode1237,2.0,2.0,0.0,
Tomadino,Austronesian,toma1248,2.0,2.0,0.0,
Tapirapé,Tupian,tapi1254,3.5,3.5,0.0,
Yugumbir,Pama-Nyungan,yugu1249,2.0,2.85896436,0.11194063675801742,-7.673391762607417
Kwoma,,kwom1262,2.40884,4.138924509999999,0.18760518945796756,-9.221943779906043
Suundi,Atlantic-Congo,suun1239,2.55184,2.72020208,0.3017217605425131,-0.5580044332807662
Warlpiri,Pama-Nyungan,warl1254,1.67499,3.6322692699999997,0.17664817637600197,-11.08009892971587
Tasiko,Austronesian,tasi1237,3.0,3.3450478200000004,0.11776406601951038,-2.9299924133295057
Owa,Austronesian,owaa1237,2.0,2.0,0.0,
Letemboi-Repanbitip,Austronesian,lete1241,3.0,3.0,0.0,
Selk'nam,,onaa1245,2.7107799999999997,2.96145265,0.10353570250245804,-2.421122800553259
Spanish,Indo-European,stan1288,2.33333,3.35757904,0.14054058563659966,-7.287923523020132
Nyamal,Pama-Nyungan,nyam1271,2.25,3.4796913800000002,0.24121303727679314,-5.097947415623822
North Ambrym,Austronesian,nort2839,1.77078,3.26278863,0.3038580435651212,-4.9102160090760965
El Nayar Cora,Uto-Aztecan,elna1235,2.58641,2.5864100000000003,4.440892098500626e-16,-1.0
Sawi,Nuclear Trans New Guinea,sawi1257,1.0,1.0,0.0,
Wolio,Austronesian,woli1241,2.0,2.0,0.0,
Luangiua,Austronesian,onto1237,3.18872,3.0630488000000002,0.09493897467721044,1.3237050476611734
Welsh,Indo-European,wels1247,2.0,3.34359643,0.1488358744683388,-9.027369475265973
Yanomám,,yano1262,1.0,1.0,0.0,
Duala,Atlantic-Congo,dual1243,1.6,3.67923214,0.22907532851186835,-9.076630615384124
Kala Lagaw Ya,Pama-Nyungan,kala1377,2.9183,2.8289913399999995,0.0755209910766828,1.1825673726834147
Manange,Sino-Tibetan,mana1288,3.02893,3.55041276,0.2139334579119928,-2.437593282928778
Kutenai,,kute1249,3.5,3.178,0.22486885066633838,1.4319457721504762
Meskwaki,Algic,mesk1242,2.5,2.5,0.0,
Cubeo,,cube1242,2.5,3.18094016,0.17899120073281366,-3.8043219846123213
Sogeram,Nuclear Trans New Guinea,soge1235,1.82647,3.27573529,0.16162169274362864,-8.967022095845065
Kerewe,Atlantic-Congo,kere1283,1.0,1.0,0.0,
Kom (Cameroon),Atlantic-Congo,komc1235,1.5,2.2485600199999998,0.22628274889438563,-3.3080737425077857
Siwai,South Bougainville,siwa1245,3.0,3.0,0.0,
Bacanese Malay,Austronesian,baca1243,1.95011,2.70169654,0.17769550055200725,-4.229631800834644
Olal,Austronesian,olal1237,1.53064,3.6231256600000004,0.26214994949296555,-7.982018169552039
Merlav,Austronesian,merl1237,1.53579,2.69104954,0.17369256375270758,-6.651174437408759
Lauje,Austronesian,lauj1238,1.3333300000000001,2.635010109999999,0.12514923390451857,-10.4010233973394
Degexit'an,,dege1248,2.0,2.0,0.0,
Northeast Maidu,,nort2952,2.45915,3.8950875099999998,0.1872745284941332,-7.667553732727638
Inxokvari,Nakh-Daghestanian,inxo1238,2.33334,3.08244949,0.11328948430123555,-6.61234795639219
Māori,Austronesian,maor1246,3.13521,3.75716561,0.19429188713846984,-3.2011404035452014
Marquesan,Austronesian,marq1246,3.0,3.0,0.0,
Pintupi-Luritja,Pama-Nyungan,pint1250,1.75,2.96319001,0.20631041078942164,-5.880411004747052
Old-Middle Welsh,Indo-European,oldw1239,1.6,2.8739842800000006,0.21836556602880786,-5.834181199758987
Sardinian,Indo-European,sard1257,2.0,3.34237979,0.15786143025342164,-8.503532419825543
Western Armenian,Indo-European,homs1234,2.33334,3.0821580300000004,0.11249530711464856,-6.656437936889663
Western Dani,Nuclear Trans New Guinea,west2594,3.25,2.9920677999999996,0.24338416668953633,1.0597739512325044
Limilngan-Wulna,,limi1242,2.3,3.28413981,0.3003355635332984,-3.2768007838368702
Buru (Indonesia),Austronesian,buru1303,3.0,3.0,0.0,
Nyawaygi,Pama-Nyungan,nyaw1247,2.0,2.0,0.0,
Ingrian,Uralic,ingr1248,1.6666599999999998,2.88946685,0.13766253056433875,-8.882641086047027
Lewo,Austronesian,lewo1242,3.0,3.0,0.0,
Ayoreo,,ayor1240,3.3007999999999997,3.6560658000000004,0.14959332931504668,-2.374877286485171
Meru,Atlantic-Congo,meru1245,2.33333,3.8038856800000005,0.18232567426157403,-8.06554362656717
Wagaya,Pama-Nyungan,waga1260,2.0,3.62934364,0.2811273335614138,-5.795749631880107
Chavacano,Indo-European,chav1241,2.33333,3.3497532999999997,0.1419744170374015,-7.159200377151292
Tupinambá,Tupian,tupi1273,2.3929400000000003,3.3544335800000002,0.25383298339062166,-3.7878985116775183
Doutai,Lakes Plain,dout1240,3.27042,3.2156724899999998,0.10891508281730267,0.5026623364170361
Bunun,Austronesian,bunu1267,2.0,2.4857140799999997,0.3298803848745081,-1.4723945474502016
Tsonga,Atlantic-Congo,tson1249,1.76669,4.07249634,0.21533764892838503,-10.707864377059504
Tuyuca,,tuyu1244,2.0,2.77301199,0.0691650914792997,-11.176331491318182
Yurok,Algic,yuro1248,3.0,3.9410993399999996,0.19334996589698278,-4.867336467498625
Maithili,Indo-European,mait1250,1.6666599999999998,4.20059829,0.2295521281425548,-11.03861815834002
Mohawk,,moha1258,3.25,3.25,0.0,
Eel River Athabaskan,,wail1244,4.306089999999999,3.9190349500000004,0.2527035452458028,1.5316565884483873
Dupaninan Agta,Austronesian,dupa1235,2.5,2.5,0.0,
Bannock,Uto-Aztecan,bann1248,3.0,3.0,0.0,
Nyoro,Atlantic-Congo,nyor1246,1.21854,4.214543480000001,0.23690026217226862,-12.646687059473887
Modern Ossetic,Indo-European,osse1243,1.0,3.9855436099999997,0.21184028905538224,-14.093370167274825
Puelche,,puel1244,2.16667,3.11145503,0.1299125165532525,-7.2724711603344465
Kumyk,Turkic,kumy1244,1.6666699999999999,2.6480813000000003,0.10743105439913549,-9.135266385395338
Bandjalangic,Pama-Nyungan,band1339,2.5507999999999997,3.73691751,0.18544511753103637,-6.396056826901845
Kaiwá,Tupian,kaiw1246,4.0,4.0,0.0,
Gimi (Eastern Highlands),Nuclear Trans New Guinea,gimi1243,2.62329,2.51998821,0.36094263109183417,0.28620002488350227
Koroni,Austronesian,koro1311,2.0,2.0,0.0,
Suki,,suki1245,3.0,3.0,0.0,
Tamil,Dravidian,tami1289,2.25,3.79910917,0.19572439848677806,-7.914747379359801
Bemba (Zambia),Atlantic-Congo,bemb1257,1.82213,2.6911543300000003,0.15957603362081382,-5.445832373957762
Lonwolwol,Austronesian,lonw1238,2.5,2.5,0.0,
Mudburra,Pama-Nyungan,mudb1240,1.75,2.9506031399999997,0.21275261152836736,-5.643188731621832
Nengone,Austronesian,neng1238,2.7893100000000004,2.89639005,0.2158281439055099,-0.4961357127126083
Ponca,,ponc1241,3.75,3.75,0.0,
Waffa,Nuclear Trans New Guinea,waff1241,3.0,3.0,0.0,
Casiguran-Nagtipunan Agta,Austronesian,casi1235,1.3333300000000001,2.6312708899999997,0.12723901173267538,-10.200809266948152
Warrongo,Pama-Nyungan,waru1264,3.75,3.75,0.0,
Lo-Toga,Austronesian,loto1240,3.09328,3.14070401,0.10716267183595181,-0.4425422508371022
Araki,Austronesian,arak1252,3.18048,3.6456799299999996,0.20146267880105015,-2.3091122026596147
Ottawa,Algic,otta1242,2.5,2.5,0.0,
Komi-Zyrian,Uralic,komi1268,2.33334,3.0829003200000002,0.11394055412054829,-6.578520929492502
Bungku,Austronesian,bung1269,1.3333300000000001,2.63542863,0.1271657049523302,-10.239385143094273
Nepali,Indo-European,nepa1254,2.18182,3.34787725,0.3153628438946756,-3.697509939977069
Duungidjawu,Pama-Nyungan,duun1241,2.4000000000000004,3.2592581,0.3121532305208292,-2.752680465828667
Luguru,Atlantic-Congo,lugu1238,1.6,3.8138634099999997,0.2229462331466309,-9.930032809946379
Malapandaram,Dravidian,mala1468,2.0,3.4163419999999998,0.31224412008234836,-4.536008555185817
Akkadian,Afro-Asiatic,akka1240,3.25,3.25,0.0,
Soga,Atlantic-Congo,soga1242,2.20752,2.98960766,0.12724081177407034,-6.146515800203161
Chamorro,Austronesian,cham1312,2.0,3.34275516,0.14250899659100263,-9.422248364106265
Nage,Austronesian,nage1237,3.0,3.0,0.0,
Gwich'in,,gwic1235,3.25,3.25,0.0,
Sa'a,Austronesian,saaa1240,1.0,2.78954574,0.1406072720767044,-12.727263060930182
Yidiñ,Pama-Nyungan,yidi1250,1.75,2.96256894,0.2080000054170105,-5.829658213560964
Southern Kiwai,Kiwaian,sout2949,3.0,3.0,0.0,
South Marquesan,Austronesian,sout2866,2.5,2.5,0.0,
Yaqui,Uto-Aztecan,yaqu1251,3.15564,3.1606258799999996,0.22294196572342678,-0.02236402636812149
Jamaican Creole English,Indo-European,jama1262,2.33334,3.0807555499999997,0.1156850723408059,-6.460777824455417
Ngaanyatjarra,Pama-Nyungan,ngaa1240,3.98013,3.76641838,0.17333886864052042,1.2329122814526183
Shoshoni,Uto-Aztecan,shos1248,3.0,3.0,0.0,
Iowa-Oto,,iowa1245,3.75,3.75,0.0,
Moni,Nuclear Trans New Guinea,moni1261,3.0,3.0,0.0,
Onobasulu,Bosavi,onob1238,3.1693800000000003,3.4599463100000003,0.14697144187863131,-1.9770256471998757
Huli,Nuclear Trans New Guinea,huli1244,2.66667,3.9299831400000005,0.20210460440855968,-6.250788514675205
Luiseno-Juaneño,Uto-Aztecan,luis1253,1.6,3.5666068999999996,0.22120072414390962,-8.890598833304708
Gilbertese,Austronesian,gilb1244,3.5,3.5,0.0,
Pendau,Austronesian,pend1242,1.3333300000000001,2.6409190399999996,0.12840633127801138,-10.183213140549514
Baure,Arawakan,baur1253,2.0,1.71143528,0.41141291340564606,0.7013992769728165
Teko,Tupian,emer1243,1.18872,1.9834286,0.36821089616854086,-2.1582973460846167
Kriol (Roper River),Indo-European,krio1252,2.3414800000000002,2.20542223,0.14600952436100562,0.9318417452247855
Malgana,Pama-Nyungan,malg1242,3.0,3.0,0.0,
Southeast Ambrym,Austronesian,sout2859,2.33333,3.81963299,0.16713028152061465,-8.89308015565493
Tehuelche,,tehu1242,1.33333,2.8378606200000003,0.11392482574582068,-13.206345589299213
Tabasco Chontal,,taba1266,3.0,3.0,0.0,
Pirriya,Pama-Nyungan,pirr1240,3.0,3.0,0.0,
Tlingit,,tlin1245,2.5,2.5,0.0,
Zuni,,zuni1245,2.0,2.0,0.0,
Kabaena,Austronesian,kaba1285,2.0,2.0,0.0,
Odia,Indo-European,oriy1255,1.65218,4.01853464,0.22356267075759848,-10.584748482298101
Nambo,,namb1293,2.5,2.5,0.0,
Duna,,duna1248,2.0,3.4900982299999996,0.1354827632718166,-10.998434000127697
Ifugaw,Austronesian,ifug1247,1.0,1.0,0.0,
Tungag,Austronesian,tung1290,2.0,2.0,0.0,
Badimaya,Pama-Nyungan,badi1246,3.0,3.0,0.0,
Upper Michigan-Wisconsin Chippewa,Algic,uppe1274,2.75,2.75,0.0,
Nanggu,Austronesian,nang1262,2.5,3.064,0.2662780501656116,-2.118086712927409
Kankanaey,Austronesian,kank1243,1.3333300000000001,2.63792898,0.1306796927083914,-9.983180653104084
Atampaya,Pama-Nyungan,atam1239,2.5,2.5,0.0,
Guarayu,Tupian,guar1292,3.31433,3.195713599999999,0.14083114680723155,0.8422597038307303
Haya,Atlantic-Congo,haya1250,1.1666699999999999,4.0137892,0.2152646764668091,-13.226132808830746
Xârâcùù,Austronesian,xara1244,2.37878,2.37878,0.0,
Komo (Democratic Republic of Congo),Atlantic-Congo,komo1260,1.83333,3.87458222,0.19349074400929778,-10.5496117163202
Icari,Nakh-Daghestanian,icar1234,1.6666699999999999,2.64612014,0.11174039783614702,-8.765407667835927
Aché,Tupian,ache1246,2.6678699999999997,2.41540663,0.12307887834613662,2.05123229422024
Meadow Mari,Uralic,gras1239,3.0,3.0,0.0,
Prai,Austroasiatic,phai1238,1.2000000000000002,2.28311554,0.09868730359630057,-10.975226807601233
Hungarian,Uralic,hung1274,2.0,2.87084156,0.11074242046553977,-7.863667385444081
Yavitero,Arawakan,yavi1244,2.0,1.7608271599999998,0.41170509684473716,0.5809324242837766
Western Tawbuid,Austronesian,west2559,1.3333300000000001,2.6303341000000002,0.12822793697626894,-10.114832466188984
Karok,,karo1304,3.0,3.0,0.0,
Indonesian Bajau,Austronesian,indo1317,2.27042,3.32367747,0.14177389766420015,-7.429135315830155
Laurentian,,laur1250,3.0,3.0,0.0,
Bats,Nakh-Daghestanian,bats1242,2.0,2.81492304,0.08330458854924135,-9.782450813238205
Pitjantjatjara,Pama-Nyungan,pitj1243,2.8008100000000002,2.9812452000000005,0.2977892739793695,-0.6059157121035211
Lingua Geral Paulista,Tupian,tupi1274,4.2689900000000005,3.9337504,0.1888589336389465,1.7750793861883125
Buhid,Austronesian,buhi1245,1.3333300000000001,2.6415417800000003,0.1296180553319313,-10.092820607822553
North Saami,Uralic,nort2671,1.0,4.0723753700000005,0.23068608205755087,-13.318425379618322
Balinese,Austronesian,bali1278,2.83334,2.6419843999999997,0.13164394860091366,1.4535844756533869
Uripiv-Wala-Rano-Atchin,Austronesian,urip1239,1.8857599999999999,3.2889052700000003,0.22330694937221973,-6.283482327552486
Kodava,Dravidian,koda1255,2.5,3.4810755900000006,0.24622192994014946,-3.984517505156734
Lahnda,Indo-European,lahn1241,0.8,3.9623816799999996,0.25330926067670245,-12.484271879961522
Sanga (Democratic Republic of Congo),Atlantic-Congo,sang1331,2.37878,2.46309741,0.29441907608507967,-0.2863856891380046
Serrano,Uto-Aztecan,serr1255,3.03179,3.64919938,0.23949108410129927,-2.5780057003660737
Araweté,Tupian,araw1273,2.6927399999999997,3.82653207,0.23440712279240813,-4.8368499066647
Guugu Yimidhirr,Pama-Nyungan,gugu1255,2.8955200000000003,4.123945979999999,0.20865270008662626,-5.887419522920115
'Are'are,Austronesian,area1240,2.0,3.0892939499999996,0.11072703974593334,-9.837650789720549
North Slavey,,nort2942,2.8872,3.59975956,0.1668683158110203,-4.270190877979372
Usarufa,Nuclear Trans New Guinea,usar1243,1.75,2.53116483,0.2344465034014607,-3.3319534250521596
Cayuga,,cayu1261,3.0,3.0,0.0,
Balangao,Austronesian,bala1310,2.0,2.0,0.0,
Nen,,nenn1238,2.0,2.0,0.0,
Cofán,,cofa1242,2.0,1.17501088,0.33819157087075014,2.439413607724995
Waorani,,waor1240,2.15993,2.94574381,0.09064897989157912,-8.66875513590858
Rapanui,Austronesian,rapa1244,2.75,2.75,0.0,
Chickasaw,,chic1270,3.25,3.25,0.0,
Omaha-Ponca,,omah1247,4.0,4.0,0.0,
Gigatl,Nakh-Daghestanian,giga1238,2.33334,3.0845178100000004,0.11746701681026847,-6.394797709158605
Turung,Tai-Kadai,turu1249,3.0,3.0,0.0,
Okanagan,Salishan,okan1243,3.5,3.5,0.0,
Trumai,,trum1247,3.0,3.0,0.0,
Keyagana,Nuclear Trans New Guinea,keya1238,1.75,2.5436753600000004,0.2370545809582055,-3.348070122888413
Jurúna,Tupian,juru1256,2.4828,3.41321377,0.25115502289997527,-3.704539766941255
Ganggalida,,gang1267,3.0258000000000003,3.54906009,0.25651789273555925,-2.0398580559813855
Lunda,Atlantic-Congo,lund1266,1.5,3.3352239399999997,0.22563503451874758,-8.133594784667691
Tenetehara,Tupian,temb1276,3.5,3.5,0.0,
Parakanã,Tupian,para1312,1.5,1.9214484399999996,0.40994039539836324,-1.0280724825628693
Kuman,Nuclear Trans New Guinea,kuma1280,3.0,3.0,0.0,
Eastern Panjabi,Indo-European,panj1256,2.0,4.12010496,0.23311160168597017,-9.094806713464397
Hehe,Atlantic-Congo,hehe1240,2.0,3.5765397,0.23283350903061614,-6.771103122414803
Tokharian A,Indo-European,tokh1242,2.0,2.0,0.0,
Iloko,Austronesian,ilok1237,1.3333300000000001,2.63505141,0.1292884766338899,-10.068348269630587
Chirag,Nakh-Daghestanian,chir1284,1.6666699999999999,2.64655576,0.10612218398912836,-9.233561948747532
Tukang Besi South,Austronesian,tuka1249,2.0,2.0,0.0,
Karenic,Sino-Tibetan,kare1337,3.25,3.25,0.0,
