language,language_family,code,simulation,predictive_structure
Imbongu,Nuclear Trans New Guinea,imbo1238,N,3.15564
Setaman,Nuclear Trans New Guinea,seta1246,N,3.0
Anambé,Tupian,anam1249,N,3.0
Warázu,Tupian,paus1244,N,3.2764300000000004
Hittite,Indo-European,hitt1242,N,1.33334
Galibi Carib,Cariban,gali1262,N,3.47265
Tsogo,Atlantic-Congo,tsog1243,N,2.5
Hano,Austronesian,hano1246,N,2.29085
Sarangani Blaan,Austronesian,sara1326,N,2.0
Tokharian B,Indo-European,tokh1243,N,2.0
Kuanua,Austronesian,kuan1248,N,1.92083
Gothic,Indo-European,goth1244,N,2.0
Nuclear Woleaian,Austronesian,nucl1479,N,2.0
Portuguese,Indo-European,port1283,N,2.0
Waurá,Arawakan,waur1244,N,3.0
Tübatulabal,Uto-Aztecan,tuba1278,N,2.0
Baffin Inuktitut,,baff1241,N,3.5
Watam,Lower Sepik-Ramu,wata1253,N,3.0
Yakan,Austronesian,yaka1277,N,1.0
Biri,Pama-Nyungan,biri1256,N,1.6
Udmurt,Uralic,udmu1245,N,3.0
Mohegan-Montauk-Narragansett,Algic,mohe1244,N,2.75
Taiap,Taiap,taia1239,N,2.5
Martu Wangka,Pama-Nyungan,mart1256,N,2.1037600000000003
Awetí,Tupian,awet1244,N,2.60376
Miani,Nuclear Trans New Guinea,mian1254,N,3.25
Huasteca Nahuatl,Uto-Aztecan,huas1257,N,-0.0
Ratagnon,Austronesian,rata1245,N,1.3333300000000001
Pilagá,,pila1245,N,2.10161
Sindhi,Indo-European,sind1272,N,1.83333
Tongva,Uto-Aztecan,tong1329,N,2.7157799999999996
Tanala,Austronesian,tana1285,N,3.0514099999999997
Hupa-Chilula,,hupa1239,N,3.0
Chemehuevi,Uto-Aztecan,chem1251,N,1.0
Suku,Atlantic-Congo,suku1259,N,2.66667
Western Keres,,west2632,N,3.0
Kodi-Gaura,Austronesian,kodi1247,N,2.25019
Manggarai,Austronesian,mang1405,N,2.75
Talaandig-Binukid,Austronesian,binu1244,N,2.5
Wipi,,wipi1242,N,2.5
Irish,Indo-European,iris1253,N,2.0
Sonsorol,Austronesian,sons1242,N,1.53064
Potawatomi,Algic,pota1247,N,2.75
Paiwan,Austronesian,paiw1248,N,1.0
Serbian Standard,Indo-European,serb1264,N,2.33333
Forest Enets,Uralic,fore1265,N,3.25
Creek,,cree1270,N,3.5
Sake,Atlantic-Congo,sake1247,N,2.5
Bo-Ung,Nuclear Trans New Guinea,boun1245,N,2.0
Angaité,,anga1316,N,1.0
Uab Meto,Austronesian,uabm1237,N,2.47289
Shanghainese,Sino-Tibetan,shan1293,N,2.58641
Tidore,,tido1248,N,3.0
Rotokas,,roto1249,N,2.66667
Central Tagbanwa,Austronesian,cent2090,N,1.0
Dakaka,Austronesian,daka1243,N,2.19911
Fe'fe',Atlantic-Congo,fefe1239,N,2.39418
Hausa,Afro-Asiatic,haus1257,N,2.66667
Lau,Austronesian,lauu1247,N,2.5
Mahasu Pahari,Indo-European,maha1287,N,2.5
Tadyawan,Austronesian,tady1237,N,1.3333300000000001
Yuracaré,,yura1255,N,3.5
Paraguayan Guaraní,Tupian,para1311,N,3.15875
Dondo,Austronesian,dond1249,N,2.0
Menui,Austronesian,menu1237,N,2.0
Maybrat-Karon,Maybrat-Karon,maib1239,N,2.16667
Gurindji,Pama-Nyungan,guri1247,N,1.75
Ha,Atlantic-Congo,haaa1252,N,2.0
Wersing,,wers1238,N,2.5
East Uvean,Austronesian,wall1257,N,3.25
Huichol,Uto-Aztecan,huic1243,N,1.0
Warumungu,Pama-Nyungan,waru1265,N,2.0
Yabem,Austronesian,yabe1254,N,2.79248
Southern Paiute,Uto-Aztecan,sout2969,N,2.5
Giryama,Atlantic-Congo,giry1241,N,1.81818
Tooro,Atlantic-Congo,toor1238,N,2.0
Tucano,,tuca1252,N,2.25
Comanche,Uto-Aztecan,coma1245,N,3.6959500000000003
Cupeño,Uto-Aztecan,cupe1243,N,2.13774
Maca,,maca1260,N,-0.0
Osage,,osag1243,N,3.15564
Sinhala,Indo-European,sinh1246,N,2.75
Movima,,movi1243,N,2.5
Tonga (Nyasa),Atlantic-Congo,tong1321,N,2.25019
Iyojwa'ja Chorote,,iyoj1235,N,2.5
Ngarluma,Pama-Nyungan,ngar1287,N,3.0
Karruwali,Pama-Nyungan,karr1236,N,2.0
Tundra Nenets,Uralic,nene1249,N,3.0
North Northern Paiute,Uto-Aztecan,nort1551,N,3.0
Seki,Atlantic-Congo,seki1238,N,2.5
Korafe,Nuclear Trans New Guinea,kora1295,N,2.5
Qawasqar,,qawa1238,N,1.5
Yombe,Atlantic-Congo,yomb1244,N,2.0245100000000003
Shi,Atlantic-Congo,shii1238,N,2.54718
Kapingamarangi,Austronesian,kapi1249,N,1.0
Western Farsi,Indo-European,west2369,N,1.6666599999999998
Kinshasa Lingala,Atlantic-Congo,ling1263,N,2.5
Chenchu,Dravidian,chen1255,N,1.2
Sunwadia,Austronesian,mari1426,N,1.8008000000000002
Yagwoia,Angan,yagw1240,N,3.0
Tiv,Atlantic-Congo,tivv1240,N,2.0
Marathi,Indo-European,mara1378,N,1.6666599999999998
Ulawa,Austronesian,ulaw1237,N,1.5
Brooke's Point Palawano,Austronesian,broo1239,N,2.0
Mangei,Austronesian,mang1407,N,2.0
Yele,Yele,yele1255,N,2.33333
Patani,Austronesian,pata1260,N,2.33333
Budza,Atlantic-Congo,budz1238,N,1.0
Mangareva,Austronesian,mang1401,N,3.6880100000000002
Vlax Romani,Indo-European,vlax1238,N,2.0
Jingpho,Sino-Tibetan,jing1260,N,1.81128
Vaeakau-Taumako,Austronesian,pile1238,N,3.4598699999999996
Avestan,Indo-European,aves1237,N,2.0
Afrikaans,Indo-European,afri1274,N,2.0
Birhor,Austroasiatic,birh1242,N,2.4000000000000004
Lithuanian,Indo-European,lith1251,N,2.06291
North Muyu,Nuclear Trans New Guinea,nort2916,N,2.5
Tohono O'odham,Uto-Aztecan,toho1245,N,1.0
Paama,Austronesian,paam1238,N,3.0
Yami,Austronesian,yami1254,N,1.95544
Barok,Austronesian,baro1253,N,1.0
Old Prussian,Indo-European,prus1238,N,2.0
Kunzakh,Nakh-Daghestanian,kunz1243,N,2.0
North Efate,Austronesian,nort2836,N,2.0
Momu-Fas,Baibai-Fas,fass1245,N,2.14281
Gumatj,Pama-Nyungan,guma1253,N,1.86165
Kaonde,Atlantic-Congo,kaon1241,N,2.0
Maragus,Austronesian,mara1399,N,2.0
Bera,Atlantic-Congo,bera1259,N,2.5
Tenharim-Parintintin-Diahoi,Tupian,tenh1241,N,2.16666
Javanese,Austronesian,java1254,N,2.0
Ende (Papua New Guinea),,ende1235,N,2.5996
Bafia,Atlantic-Congo,bafi1243,N,1.9183
Rakahanga-Manihiki,Austronesian,raka1237,N,3.0
Samoan,Austronesian,samo1305,N,3.8609600000000004
Bario,Austronesian,bari1288,N,1.25019
Jingulu,,djin1251,N,3.0
Taje,Austronesian,taje1237,N,1.3333300000000001
Mono (USA),Uto-Aztecan,mono1275,N,2.9487699999999997
Satawalese,Austronesian,sata1237,N,2.0
Torete,Austronesian,tore1237,N,2.0
Judeo-Tat,Indo-European,jude1256,N,2.33334
Yalic,Nuclear Trans New Guinea,yali1257,N,2.0
Macedonian,Indo-European,mace1250,N,2.66666
Loniu,Austronesian,loni1238,N,2.0
Myene,Atlantic-Congo,myen1241,N,2.46387
Mbyá Guaraní,Tupian,mbya1239,N,2.68873
Solu-Khumbu Sherpa,Sino-Tibetan,sher1255,N,2.0
Takuu,Austronesian,taku1257,N,1.67549
Mangaia,Austronesian,mang1402,N,3.0
Northern Kankanay,Austronesian,nort2877,N,3.0
Minangkabau,Austronesian,mina1268,N,2.25019
Tikopia,Austronesian,tiko1237,N,2.9183
Ngarinman,Pama-Nyungan,ngar1235,N,1.75
Cinta Larga,Tupian,cint1239,N,2.6
Western Mari,Uralic,west2392,N,3.0
Gayo,Austronesian,gayo1244,N,2.5
Ute-Southern Paiute,Uto-Aztecan,utes1238,N,3.75
Sakata,Atlantic-Congo,saka1287,N,1.18872
Malayalam,Dravidian,mala1464,N,3.0
Bila,Atlantic-Congo,bila1255,N,2.0
Wogeo,Austronesian,woge1237,N,2.5
Oceanic,Austronesian,ocea1241,N,3.0
Lengua,,leng1262,N,2.52193
Kosraean,Austronesian,kosr1238,N,3.0
Nimboran,Nimboranic,nucl1633,N,2.9474
Saaroa,Austronesian,saar1237,N,1.6666699999999999
Mandan,,mand1446,N,2.90564
Vurës,Austronesian,vure1239,N,2.5
Warlmanpa,Pama-Nyungan,warl1255,N,1.75
German,Indo-European,stan1295,N,2.0
Korowai,Nuclear Trans New Guinea,koro1312,N,3.0
Grass Koiari,Koiarian,gras1249,N,2.2912
Norwegian Bokmål,Indo-European,norw1259,N,2.0
Yerukula,Dravidian,yeru1240,N,2.58641
Anuta,Austronesian,anut1237,N,3.33333
Mala,,mala1494,N,3.5
Mbala,Atlantic-Congo,mbal1257,N,2.33333
Southern Tepehuan,Uto-Aztecan,sout2975,N,2.0
Niuean,Austronesian,niue1239,N,2.6272599999999997
Mota,Austronesian,mota1237,N,1.5
Tuscarora,,tusc1257,N,2.5
Itbayat,Austronesian,ivat1242,N,1.3333300000000001
Kuuku-Ya'u,Pama-Nyungan,kuuk1238,N,2.10784
Nguna,Austronesian,ngun1274,N,1.55098
Uma Juman,Austronesian,umaj1240,N,2.58641
Riuk Bekati',Austronesian,beka1241,N,2.0
Ngadjunmaya,Pama-Nyungan,ngad1258,N,3.0
Umpila,Pama-Nyungan,umpi1239,N,1.87418
Hiw,Austronesian,hiww1237,N,2.0
Blood,Algic,bloo1239,N,3.0
Elamite,,elam1244,N,2.0
Kilmeri,Border,kilm1241,N,3.5
Sanapaná,,sana1298,N,1.8
Umbundu,Atlantic-Congo,umbu1257,N,2.0
Binongan Itneg,Austronesian,bino1237,N,1.0
Bindal-Mount Elliot,Pama-Nyungan,bind1236,N,2.0
Kansa,,kans1243,N,3.75
Paluai,Austronesian,balu1257,N,2.33333
Koya,Dravidian,koya1251,N,2.34175
Iau,Lakes Plain,iauu1242,N,3.45915
Tolowa-Chetco,,tolo1259,N,3.0
Pampanga,Austronesian,pamp1243,N,1.3333300000000001
Kunza,,kunz1244,N,1.9183
Rotuman,Austronesian,rotu1241,N,3.2931999999999997
Indonesian,Austronesian,indo1316,N,1.3333300000000001
Northern Tosk Albanian,Indo-European,tosk1239,N,2.16667
Nuclear Miami,Algic,nucl1653,N,2.5
Maquiritari,Cariban,maqu1238,N,2.55011
Eastern Armenian,Indo-European,nucl1235,N,2.33334
Dzongkha,Sino-Tibetan,dzon1239,N,3.0
Sateré-Mawé,Tupian,sate1243,N,2.25
Gujarati,Indo-European,guja1252,N,1.83333
Kayardild-Yangkaal,,kaya1318,N,3.25
Mbuun,Atlantic-Congo,mpuo1241,N,2.0
Bukat,Austronesian,buka1261,N,1.0
Bilibil,Austronesian,bilb1241,N,1.6666699999999999
Southwestern Alaya-Athima,Pama-Nyungan,kunj1248,N,2.8
Kuot,,kuot1243,N,1.61371
"!Kung, Southeastern Ju, or Ju'hoan",Kxa,juho1239,N,2.5
Warrnambool,Pama-Nyungan,warr1257,N,3.0
Bontok,Austronesian,bont1247,N,1.79176
Bihari,Indo-European,biha1245,N,2.0
Djambarrpuyngu,Pama-Nyungan,djam1256,N,1.25
Yalarnnga,Pama-Nyungan,yala1262,N,1.5
Gogo,Atlantic-Congo,gogo1263,N,2.0677399999999997
Miami,Algic,miam1252,N,2.75
Kazakh,Turkic,kaza1248,N,2.9183
Mafea,Austronesian,mafe1237,N,2.0834
Wapishana,Arawakan,wapi1253,N,2.16667
Nganasan,Uralic,ngan1291,N,2.5
Selkup,Uralic,selk1253,N,3.0
Wulguru,Pama-Nyungan,wulg1239,N,1.83333
Asera,Austronesian,aser1237,N,2.0
Gupapuyngu,Pama-Nyungan,gupa1247,N,2.07317
Mattole-Bear River,,matt1238,N,1.0
Kei,Austronesian,keii1239,N,2.0
Hewa,Sepik,hewa1241,N,1.6666699999999999
Yámana,,yama1264,N,1.6666699999999999
Central Subanen,Austronesian,cent2089,N,1.0
Dhuwal,Pama-Nyungan,dhuw1249,N,2.1871
Paakantyi,Pama-Nyungan,darl1243,N,2.25
Mapudungun,,mapu1245,N,2.0
Thao,Austronesian,thao1240,N,1.58641
Kulisusu,Austronesian,kuli1254,N,0.66666
Yawa,Yawa-Saweru,nucl1454,N,3.33333
Alamblak,Sepik,alam1246,N,3.5
Konawe,Austronesian,kona1243,N,2.0
Kikuyu,Atlantic-Congo,kiku1240,N,0.83333
Kumaoni,Indo-European,kuma1273,N,3.0
Gunya,Pama-Nyungan,guny1241,N,3.0
Djinang,Pama-Nyungan,djin1253,N,2.0
Zabana,Austronesian,zaba1237,N,2.0
Fang (Equatorial Guinea),Atlantic-Congo,fang1246,N,4.0
Pashto,Indo-European,pash1269,N,2.5
Taliabu,Austronesian,tali1262,N,2.5
Kariyarra,Pama-Nyungan,kari1304,N,3.18872
Kashaya,,kash1280,N,4.24875
Northern Mansi,Uralic,mans1258,N,2.33334
Mayo,Uto-Aztecan,mayo1264,N,2.5219300000000002
Maranao,Austronesian,mara1404,N,1.3333300000000001
Western Canadian Inuktitut,,west2618,N,3.0
Rade,Austronesian,rade1240,N,2.75
Komba,Nuclear Trans New Guinea,komb1273,N,2.16667
Arosi,Austronesian,aros1241,N,0.64343
Negerhollands,Indo-European,nege1244,N,2.0
Kawaiisu,Uto-Aztecan,kawa1283,N,3.0
Waimaha,,waim1255,N,3.16667
Modole,North Halmahera,modo1249,N,1.8
Tagalog,Austronesian,taga1270,N,1.1
Western Apache,,west2615,N,2.06327
Palauan,Austronesian,pala1344,N,2.0
Munggava,Austronesian,mung1271,N,2.30631
Nogai,Turkic,noga1249,N,2.0
Aguaruna,,agua1253,N,2.33333
Waiwai,Cariban,waiw1244,N,2.3637200000000003
Cebuano,Austronesian,cebu1242,N,1.5
Cocama-Cocamilla,Tupian,coca1259,N,2.63413
Emae,Austronesian,emae1237,N,1.0
Onondaga,,onon1246,N,3.0
Bukusu,Atlantic-Congo,buku1249,N,3.29248
Talise,Austronesian,tali1259,N,3.08641
Tubuai,Austronesian,tubu1240,N,3.0
Romanian,Indo-European,roma1327,N,2.33333
Dhuwal-Dhuwala,Pama-Nyungan,dhuw1248,N,1.43066
Madurese,Austronesian,nucl1460,N,1.5
Galela,North Halmahera,gale1259,N,4.58352
Wangkajunga,Pama-Nyungan,wang1288,N,2.33333
Northern Pomo,,nort2966,N,2.1265400000000003
Nyangumarta,Pama-Nyungan,nyan1301,N,1.75
Wanman,Pama-Nyungan,wanm1242,N,2.5
Choctaw,,choc1276,N,3.25
Andi,Nakh-Daghestanian,andi1255,N,2.378
Sinitic,Sino-Tibetan,sini1245,N,3.0
Jicarilla Apache,,jica1244,N,2.33334
Kuku-Yalanji,Pama-Nyungan,kuku1273,N,2.29176
Panamint,Uto-Aztecan,pana1305,N,3.0
Ura (Vanuatu),Austronesian,urav1235,N,1.9183
Magam,Austronesian,maga1262,N,3.0
Yaka (Central African Republic),Atlantic-Congo,yaka1272,N,2.76369
Naasioi,South Bougainville,naas1242,N,2.75
Maskelynes,Austronesian,mask1242,N,1.35098
Iraya,Austronesian,iray1237,N,1.3333300000000001
Tabla,Sentanic,tabl1243,N,2.0
Assamese,Indo-European,assa1263,N,1.875
Ili'uun,Austronesian,iliu1237,N,1.54085
Southwest Tanna,Austronesian,sout2869,N,1.75
Torres Strait Creole,Indo-European,torr1261,N,3.33334
Marind,,nucl1622,N,2.6265400000000003
Ekonda Mongo,Atlantic-Congo,ekon1238,N,2.33719
Meta',Atlantic-Congo,meta1238,N,2.9219299999999997
Toda,Dravidian,toda1252,N,2.5
Suzhou,Sino-Tibetan,suzh1234,N,3.0
S'gaw Karen,Sino-Tibetan,sgaw1245,N,3.0
Kosarek Yale,Nuclear Trans New Guinea,kosa1249,N,2.5
Foi,East Kutubu,foii1241,N,1.5
Trinitario,Arawakan,trin1274,N,2.0
Moselle Franconian,Indo-European,luxe1241,N,1.3333300000000001
Makonde,Atlantic-Congo,mako1251,N,1.93494
Northern Tepehuan,Uto-Aztecan,nort2959,N,2.0
Urdu,Indo-European,urdu1245,N,1.83333
Ninam,,nina1238,N,2.35098
Vera'a,Austronesian,vera1241,N,2.5
Atayal,Austronesian,atay1247,N,2.0
Mashco Piro,Arawakan,mash1270,N,1.0
Bulgarian,Indo-European,bulg1262,N,3.0
Dadibi,Teberan,dadi1250,N,1.6666699999999999
Telugu,Dravidian,telu1262,N,2.79248
Wangkumara,Pama-Nyungan,wong1246,N,3.0
Central Cagayan Agta,Austronesian,cent2084,N,1.6666699999999999
Malecite,Algic,male1293,N,2.5
Umbu-Ungu,Nuclear Trans New Guinea,umbu1258,N,1.6666699999999999
Sougb,,mani1235,N,3.5
Wang-The,Sino-Tibetan,wang1287,N,3.25
Páez,,paez1247,N,2.58208
Kaurna,Pama-Nyungan,kaur1267,N,1.8
Sawai,Austronesian,sawa1247,N,2.5
Ancux,Nakh-Daghestanian,ancu1238,N,2.5
Alangan,Austronesian,alan1249,N,1.3333300000000001
Sie,Austronesian,siee1239,N,1.82212
Wiwirano,Austronesian,wiwi1237,N,2.0
Chibcha,,chib1270,N,2.5
Langi,Atlantic-Congo,lang1320,N,2.21823
Northern Kurdish,Indo-European,nort2641,N,1.3333300000000001
Nhanda,Pama-Nyungan,nhan1238,N,1.4
Woiwurrung-Thagungwurrung,Pama-Nyungan,woiw1237,N,3.0
Western Bukidnon Manobo,Austronesian,west2555,N,3.4183
Varisi,Austronesian,vari1239,N,2.5
Western Pantar,,lamm1241,N,2.7509699999999997
Fijian,Austronesian,fiji1243,N,2.53253
Nehan,Austronesian,neha1247,N,2.15564
Mussau-Emira,Austronesian,muss1246,N,2.0
Cimbala-Cizali,Atlantic-Congo,sans1272,N,1.55011
Acehnese,Austronesian,achi1257,N,3.0
Aklanon,Austronesian,akla1241,N,2.18709
Pohnpeian,Austronesian,pohn1238,N,2.0
Cotabato Manobo,Austronesian,cota1241,N,1.0
Kukatja,Pama-Nyungan,kuka1246,N,3.16666
Southern Cook Island Maori,Austronesian,raro1241,N,3.09382
Gela,Austronesian,gela1263,N,1.93764
Rejang,Austronesian,reja1240,N,1.0
Russian,Indo-European,russ1263,N,2.0
Landawe,Austronesian,land1259,N,2.0
French,Indo-European,stan1290,N,2.33333
Kashmiri,Indo-European,kash1277,N,1.3333300000000001
Gros Ventre,Algic,gros1243,N,3.25
Yindjibarndi,Pama-Nyungan,yind1247,N,2.5
Rennell-Bellona,Austronesian,renn1242,N,3.36635
Common Delaware,Algic,comm1246,N,2.5
Fipa,Atlantic-Congo,fipa1238,N,1.6
Umiray Dumaget Agta,Austronesian,umir1236,N,2.0
Kartujarra,Pama-Nyungan,kart1247,N,2.4000000000000004
Monumbo,Bogia,nucl1458,N,3.5
Bagvalal,Nakh-Daghestanian,bagv1239,N,2.33334
Netsilik,Eskimo-Aleut,nets1241,N,3.89717
Central Kurdish,Indo-European,cent1972,N,0.66666
Mangole,Austronesian,mang1408,N,1.6666699999999999
Paliyan,Dravidian,pali1274,N,2.5
Northern Haida,,nort2938,N,2.5
Takia,Austronesian,taki1248,N,2.9266199999999998
Cherokee,,cher1273,N,3.75
Danish,Indo-European,dani1285,N,2.33334
Avava,Austronesian,katb1237,N,2.0
Mortlockese,Austronesian,mort1237,N,2.0
Bit,Austroasiatic,bitt1240,N,2.27557
Dutch,Indo-European,dutc1256,N,2.0
Kui (India),Dravidian,kuii1252,N,2.67506
Slave,,slav1253,N,3.0
South Tuvaluan,Austronesian,sout2865,N,2.47579
Amharic,Afro-Asiatic,amha1245,N,1.0
Suruí,Tupian,suru1262,N,3.0
Waru,Austronesian,waru1266,N,2.0
Kadai,Austronesian,kada1286,N,2.0
Cocopa,,coco1261,N,3.13374
Mekeo,Austronesian,meke1243,N,2.0
Tamambo,Austronesian,malo1243,N,3.5
North Azerbaijani,Turkic,nort2697,N,2.33334
Batak Toba,Austronesian,bata1289,N,3.7325799999999996
Ahin-Kayapa Kalanguya,Austronesian,ahin1234,N,1.3333300000000001
Dari,Indo-European,dari1249,N,1.3333300000000001
Nyulnyul,,nyul1247,N,1.34096
Isirawa,Greater Kwerba,isir1237,N,1.8008000000000002
Mungaka,Atlantic-Congo,mung1266,N,2.5
Chepang,Sino-Tibetan,chep1245,N,3.0
Serbian-Croatian-Bosnian,Indo-European,sout1528,N,1.7924799999999999
Andalal-Gxdatl,Nakh-Daghestanian,anda1281,N,2.378
Swedish,Indo-European,swed1254,N,2.33334
Classical Nahuatl,Uto-Aztecan,clas1250,N,2.0
Cheke Holo,Austronesian,chek1238,N,2.5
Albanian,Indo-European,alba1267,N,3.0
Ukrainian,Indo-European,ukra1253,N,2.1898
Slovenian,Indo-European,slov1268,N,2.0
Barí,,bari1297,N,2.0
Breton,Indo-European,bret1244,N,2.0
Digo,Atlantic-Congo,digo1243,N,1.6666599999999998
Boano (Sulawesi),Austronesian,boan1243,N,1.0
South Slavey,,sout2959,N,2.0
Bayungu,Pama-Nyungan,bayu1240,N,2.0
Wirangu,Pama-Nyungan,wira1265,N,1.8
Nsong,Atlantic-Congo,song1299,N,1.6666599999999998
Dampelas,Austronesian,damp1237,N,1.3333300000000001
Eastern Yiddish,Indo-European,east2295,N,2.33334
Roviana,Austronesian,rovi1238,N,1.27043
Eastern Mari,Uralic,east2328,N,3.0
Tomini,Austronesian,tomi1243,N,1.3333300000000001
Pitta Pitta,Pama-Nyungan,pitt1247,N,2.83333
Tocantins Asurini,Tupian,toca1235,N,1.7750599999999999
Hidatsa,,hida1246,N,3.5
Murriny Patha,,murr1258,N,1.6666699999999999
Atta,Austronesian,atta1244,N,1.0
Woods Cree,Algic,wood1236,N,2.5
Balochic,Indo-European,balo1260,N,1.0576
Cornish,Indo-European,corn1251,N,1.6
Northwest Maidu,,nort2951,N,2.45141
Tetum,Austronesian,tetu1245,N,3.4190500000000004
Puyuma,Austronesian,puyu1239,N,2.0
Sosva Mansi,Uralic,nort2677,N,3.0
Savosavo,Savosavo,savo1255,N,2.95915
Phende,Atlantic-Congo,phen1239,N,1.6666599999999998
Touo,Touo,touo1238,N,1.5
Kimaama,Kolopom,kima1246,N,2.5
East Ambae,Austronesian,east2443,N,2.0
Njebi,Atlantic-Congo,njeb1242,N,2.0
Yanyuwa,Pama-Nyungan,yany1243,N,2.0
Burmish,Sino-Tibetan,burm1266,N,3.75
Ngalkbun,,ngal1292,N,2.81128
Lakota,,lako1247,N,3.75
Wambayan,,wamb1258,N,2.40564
Wappo,,wapp1239,N,3.0
Ekari,Nuclear Trans New Guinea,ekar1243,N,2.75
Hawaiian,Austronesian,hawa1245,N,3.35161
Naman,Austronesian,litz1237,N,2.0
Ampibabo,Austronesian,ampi1237,N,1.3333300000000001
Kunimaipa,Goilalan,kuni1267,N,3.0
Tonga (Tonga Islands),Austronesian,tong1325,N,3.95987
Pwo,Sino-Tibetan,pwoo1239,N,3.25
Kurukh,Dravidian,kuru1302,N,3.0
Latin,Indo-European,lati1261,N,3.0
Southeastern Tepehuan,Uto-Aztecan,sout2976,N,2.96515
Northwest Sahaptin,,yaki1237,N,3.5
Tahitian,Austronesian,tahi1242,N,2.81128
Southern-Coastal Tsimshian,,nucl1649,N,2.0
Pukapuka,Austronesian,puka1242,N,3.00127
Kiai,Austronesian,fort1240,N,1.8333400000000002
Avar,Nakh-Daghestanian,avar1256,N,2.5
Mblafe,,mbla1238,N,1.9183
Tajik,Indo-European,taji1245,N,3.0
Māngarongaro,Austronesian,penr1237,N,3.18872
Weda,Austronesian,weda1240,N,2.79393
Wangganguru,Pama-Nyungan,wang1290,N,2.84436
Hid,Nakh-Daghestanian,hidd1238,N,2.33334
Hoti,,yuwa1244,N,3.0
Godoberi,Nakh-Daghestanian,ghod1238,N,2.33334
Old Rapa,Austronesian,rapa1245,N,3.0
Ems-Weser Frisian,Indo-European,sate1242,N,2.0
Central Melanau,Austronesian,cent2101,N,1.6666699999999999
Zigula,Atlantic-Congo,zigu1242,N,1.0
Kiowa Apache,,kiow1264,N,2.0
Venda,Atlantic-Congo,vend1245,N,1.3333300000000001
Amanab,Border,aman1265,N,3.0
Crow,,crow1244,N,3.75
Highland Puebla Nahuatl,Uto-Aztecan,high1278,N,2.0
Tetun Dili,Austronesian,tetu1246,N,3.25
Mongolian,,mong1331,N,2.5
Numbami,Austronesian,numb1247,N,3.33333
Lipan Apache,,lipa1241,N,2.66666
Middle High German,Indo-European,midd1343,N,0.88888
Northern Ojibwa,Algic,nort2961,N,2.8032199999999996
Kwasio,Atlantic-Congo,kwas1243,N,1.6666699999999999
Wichí Lhamtés Güisnay,,wich1264,N,2.0
Dogrib,,dogr1252,N,3.0
Iban,Austronesian,iban1264,N,1.0
Kazym-Berezover-Suryskarer Khanty,Uralic,khan1273,N,2.33334
Tuamotuan,Austronesian,tuam1242,N,3.0
Masaaba,Atlantic-Congo,masa1299,N,2.84328
Pokomo,Atlantic-Congo,poko1261,N,1.0
Slovak,Indo-European,slov1269,N,2.33333
Northern Gondi,Dravidian,nort2702,N,2.5
Urak Lawoi',Austronesian,urak1238,N,2.5
West Coast Bajau,Austronesian,west2560,N,1.3333300000000001
Lauan,Austronesian,laua1243,N,2.6466
Ignaciano,Arawakan,igna1246,N,2.5
Early Irish,Indo-European,oldi1245,N,1.33334
Namakura,Austronesian,nama1268,N,2.33334
Kalam,Nuclear Trans New Guinea,kala1397,N,2.47445
Tolaki,Austronesian,tola1247,N,0.66666
Wathawurrung,Pama-Nyungan,wath1238,N,3.0
Kazym Khanty,Uralic,nort2672,N,2.6
Ida'an,Austronesian,idaa1241,N,1.3333300000000001
Fore,Nuclear Trans New Guinea,fore1270,N,3.25
Proto-Tupi-Guarani,Tupian,tupi1239,N,3.5
Yir-Yoront,Pama-Nyungan,yiry1245,N,2.33333
Dobu,Austronesian,dobu1241,N,0.96498
Kwaio,Austronesian,kwai1243,N,2.5
Tombulu,Austronesian,tomb1243,N,2.0
Shasta,,shas1239,N,2.77362
Sula,Austronesian,sula1245,N,3.0
Quechan,,quec1382,N,1.62535
Munsee,Algic,muns1251,N,3.5
Ngamini-Yarluyandi-Karangura,Pama-Nyungan,ngam1265,N,1.75
Lisu,Sino-Tibetan,lisu1250,N,3.0
Mori Bawah,Austronesian,mori1268,N,1.3333300000000001
Port Sandwich,Austronesian,port1285,N,2.0
Thayore,Pama-Nyungan,thay1249,N,2.25
Yinhawangka,Pama-Nyungan,yinh1234,N,3.0
Tswana,Atlantic-Congo,tswa1253,N,1.0
Seke (Vanuatu),Austronesian,seke1241,N,3.18332
Navajo,,nava1243,N,2.45782
Ngulu,Atlantic-Congo,ngul1246,N,3.5288000000000004
Manam,Austronesian,mana1295,N,1.0
Sukuma,Atlantic-Congo,suku1261,N,3.0
Nyakyusa-Ngonde,Atlantic-Congo,nyak1260,N,1.7924799999999999
Shawnee,Algic,shaw1249,N,1.5
Isnag,Austronesian,isna1241,N,1.0
Chimariko,,chim1301,N,1.61408
Cusco Quechua,,cusc1236,N,2.77503
Jaru,Pama-Nyungan,jaru1254,N,2.6796800000000003
Central Tarahumara,Uto-Aztecan,cent2131,N,2.82151
Maklew,,makl1246,N,2.0
Copper Inuit,Eskimo-Aleut,copp1244,N,3.5
MokshaMordvin,Uralic,moks1248,N,3.0
Larevat,Austronesian,lare1249,N,2.0
Au,Nuclear Torricelli,auuu1241,N,2.5
Kalkutung,Pama-Nyungan,kalk1246,N,2.29248
Bunganditj,Pama-Nyungan,bung1264,N,1.45987
Eastern Pahari,Indo-European,east1436,N,3.0
Shila,Atlantic-Congo,shil1264,N,1.77043
Wik-Mungkan,Pama-Nyungan,wikm1247,N,1.8
Kiput,Austronesian,kipu1237,N,1.3333300000000001
East Futuna,Austronesian,east2447,N,2.66667
Tuvalu,Austronesian,tuva1244,N,3.0
Äiwoo,Austronesian,ayiw1239,N,3.5
Mosetén-Chimané,,mose1249,N,3.0
Brulé,,brul1239,N,3.75
Cheyenne,Algic,chey1247,N,2.5
Muduapa,Austronesian,mudu1242,N,2.0
Yadhaykenu,Pama-Nyungan,yadh1237,N,3.0
Western Panjabi,Indo-European,west2386,N,2.33334
Polish,Indo-European,poli1260,N,1.3333300000000001
Mori Atas,Austronesian,mori1269,N,2.0
Tulambatu,Austronesian,tula1253,N,2.0
Kuvi,Dravidian,kuvi1243,N,3.16667
Mono-Alu,Austronesian,mono1273,N,1.0
Lubuagan Kalinga,Austronesian,lubu1243,N,2.0
Adang,,adan1251,N,1.8360500000000002
Czech,Indo-European,czec1258,N,2.0
Waropen,Austronesian,waro1242,N,2.58641
Polci,Afro-Asiatic,polc1243,N,2.43494
Telefol,Nuclear Trans New Guinea,tele1256,N,1.6666699999999999
Icelandic,Indo-European,icel1247,N,2.0
Lamogai,Austronesian,lamo1244,N,2.5
Ma'anyan,Austronesian,maan1238,N,1.3333300000000001
Asu (Tanzania),Atlantic-Congo,asut1235,N,3.6666600000000003
Kwamera,Austronesian,kwam1252,N,2.5
Neme,,neme1244,N,2.0
Yucatec Maya,,yuca1254,N,2.25084
Sikaiana,Austronesian,sika1261,N,2.45915
Luba-Lulua,Atlantic-Congo,luba1249,N,1.8336999999999999
Laiwui,Austronesian,laiw1239,N,2.0
Yugambal,Pama-Nyungan,yuga1244,N,2.3831100000000003
Bannoni,Austronesian,bann1247,N,1.25019
Middle English,Indo-European,midd1317,N,1.6666699999999999
Bierebo,Austronesian,bier1244,N,2.5
Pagu,,pagu1249,N,1.5
Nalik,Austronesian,nali1244,N,1.9216099999999998
Warta Thuntai,,gunt1241,N,1.0
Northern Paiute,Uto-Aztecan,nort2954,N,2.58641
Tesuque,,tesu1245,N,2.5
Brunei-Sabah Malay,Austronesian,saba1263,N,1.5
Adnyamathanha,Pama-Nyungan,adny1235,N,1.84436
Budukh,Nakh-Daghestanian,budu1248,N,2.7107799999999997
Lenakel,Austronesian,lena1238,N,3.0
Karitiâna,Tupian,kari1311,N,2.68872
Narrinyeri,Pama-Nyungan,narr1259,N,2.50282
Gane,Austronesian,gane1237,N,1.6666599999999998
Igbo,Atlantic-Congo,nucl1417,N,1.8
Mi'kmaq,Algic,mikm1235,N,3.25
Totoli,Austronesian,toto1304,N,2.0
Cahuilla,Uto-Aztecan,cahu1264,N,2.28859
Berik,Tor-Orya,beri1254,N,2.0
Sangu (Tanzania),Atlantic-Congo,sang1330,N,1.75
Yorta Yorta,Pama-Nyungan,yort1237,N,3.0
Ibanag,Austronesian,iban1267,N,1.0
Oneida,,onei1249,N,3.25
Northern Emberá,,nort2972,N,1.6666699999999999
Kalaallisut,,kala1399,N,4.0
Sika,Austronesian,sika1262,N,2.0
Edopi,Lakes Plain,edop1238,N,3.2592300000000005
Emau,Austronesian,emau1237,N,1.95098
Hunzib,Nakh-Daghestanian,hunz1247,N,1.6666699999999999
Ket,,kett1243,N,1.9777200000000001
Kwere,Atlantic-Congo,kwer1261,N,1.8930500000000001
To'abaita,Austronesian,toab1237,N,0.33333
Pacoh,Austroasiatic,paco1243,N,2.5
Bahonsuai,Austronesian,baho1237,N,2.0
Lalomerui,Austronesian,lalo1239,N,2.0
Gusii,Atlantic-Congo,gusi1247,N,1.33334
Seri,,seri1257,N,2.0
Yau (Morobe Province),Nuclear Trans New Guinea,yaum1237,N,1.75
Iwam,Sepik,iwam1256,N,3.0
Pima Bajo,Uto-Aztecan,pima1248,N,1.9183
Bilua,Bilua,bilu1245,N,2.0
West Futuna,Austronesian,west2515,N,2.5833399999999997
Yandruwandha,Pama-Nyungan,yand1253,N,1.84436
Kayabí,Tupian,kaya1329,N,2.5
Ding,Atlantic-Congo,ding1239,N,2.16667
Waimiri-Atroari,Cariban,waim1253,N,2.5
Wiradhuri,Pama-Nyungan,wira1262,N,1.6666699999999999
Japanesic,,japa1256,N,3.0
Eyak,,eyak1241,N,2.37878
Whitesands,Austronesian,whit1269,N,2.29321
Waia (Bungku),Austronesian,waia1242,N,2.0
Eipomek,Nuclear Trans New Guinea,eipo1242,N,1.80999
Southeast Babar,Austronesian,sout2883,N,2.0
Bali (Democratic Republic of Congo),Atlantic-Congo,bali1274,N,1.0
Pinji,Atlantic-Congo,pinj1243,N,1.15713
Matukar,Austronesian,matu1261,N,1.5
Arikara,,arik1262,N,2.75
Agob-Ende-Kawam,Pahoturi,agob1244,N,2.0
Dieri,Pama-Nyungan,dier1241,N,1.6708699999999999
Yelmek,,yelm1242,N,2.0
Hiligaynon,Austronesian,hili1240,N,1.0
Bali,Atlantic-Congo,bali1275,N,1.0
Wuvulu-Aua,Austronesian,wuvu1239,N,2.95915
Lamba,Atlantic-Congo,lamb1271,N,1.75184
Bengali,Indo-European,beng1280,N,1.6666599999999998
Bezhta,Nakh-Daghestanian,bezh1248,N,3.0
Kómnjo,,komn1238,N,1.92257
South Efate,Austronesian,sout2856,N,3.75
Mundurukú,Tupian,mund1330,N,3.41543
Yuwaalaraay-Gamilaraay,Pama-Nyungan,gami1243,N,2.09436
Padoe,Austronesian,pado1242,N,2.0
Farafi,Austronesian,butm1237,N,2.4
Taumako,Austronesian,taum1237,N,3.29176
Yansi,Atlantic-Congo,yans1239,N,2.4
Old Russian,Indo-European,oldr1238,N,2.0
Modern Greek,Indo-European,mode1248,N,2.0
Dehu,Austronesian,dehu1237,N,1.37878
Panare,Cariban,enap1235,N,2.3966000000000003
Mairasi,Mairasic,nucl1594,N,2.9183
Nese,Austronesian,nese1235,N,2.0
Termanu,Austronesian,term1237,N,2.15185
Kilivila,Austronesian,kili1267,N,2.5
Kadar,Dravidian,kada1242,N,3.0
Siona-Tetete,,sion1247,N,1.3333300000000001
Daakie,Austronesian,port1286,N,2.22222
Sibe,South Bougainville,sibe1248,N,3.0
Woleaian,Austronesian,wole1240,N,1.0
Bende,Atlantic-Congo,bend1258,N,2.04276
Paicî,Austronesian,paic1239,N,2.1686
Mbere,Atlantic-Congo,mber1257,N,2.22222
Old Aramaic-Sam'alian,Afro-Asiatic,olda1245,N,2.0
Lardil,,lard1243,N,2.24097
Kaure-Narau,Kaure-Narau,kaur1271,N,3.0
Vao,Austronesian,vaoo1237,N,2.5
Aghul,Nakh-Daghestanian,aghu1253,N,1.5
Belarusian,Indo-European,bela1254,N,2.0
Pumé,,pume1238,N,2.7107799999999997
Tajio,Austronesian,taji1246,N,1.3333300000000001
Shina (Nakh-Daghestan),Nakh-Daghestanian,shin1265,N,2.33334
Church Slavic,Indo-European,chur1257,N,2.0
Wawonii,Austronesian,wawo1239,N,1.3333300000000001
Mali,,mali1284,N,2.5
Routa,Austronesian,rout1237,N,2.0
Minigir,Austronesian,mini1251,N,1.5
Western Low Navarrese,,west1508,N,2.5
Tokelau,Austronesian,toke1240,N,2.2510000000000003
Lower Grand Valley Dani,Nuclear Trans New Guinea,lowe1415,N,2.75
Guajá,Tupian,guaj1256,N,2.90172
Hanunoo,Austronesian,hanu1241,N,1.3333300000000001
Yaka-Pelende-Lonzo,Atlantic-Congo,yaka1269,N,1.45282
Dakota,,dako1258,N,3.75
Central Aymara,,cent2142,N,3.0
Madak linkage,Austronesian,mada1284,N,2.0584000000000002
Bushoong,Atlantic-Congo,bush1247,N,2.33334
Luba-Katanga,Atlantic-Congo,luba1250,N,2.81128
Gondi,Dravidian,gond1265,N,2.5
Eudeve,Uto-Aztecan,eude1234,N,3.0
Xibe,,xibe1242,N,2.66666
Marshallese,Austronesian,mars1254,N,2.0
Unua,Austronesian,unua1237,N,1.4285700000000001
Atchin,Austronesian,atch1238,N,1.40073
Shipibo-Conibo,Pano-Tacanan,ship1254,N,2.7295800000000003
Tetela,Atlantic-Congo,tete1250,N,2.24012
Buin,,buin1247,N,2.0
Puinave,,puin1248,N,3.0
Cruzeño,,cruz1243,N,3.0
Wajarri,Pama-Nyungan,waja1257,N,2.0
Aniwa,Austronesian,aniw1237,N,2.125
Loloda-Laba,North Halmahera,lolo1264,N,3.0
Meriam,,meri1244,N,2.1265400000000003
Balaesang,Austronesian,bala1314,N,2.0
Cogui,,cogu1240,N,4.0
Chamalal,Nakh-Daghestanian,cham1309,N,2.33334
Tonsea,Austronesian,tons1240,N,1.6666699999999999
Erave,Nuclear Trans New Guinea,erav1244,N,1.75
Mongo,Atlantic-Congo,mong1338,N,2.70053
Muruwari,Pama-Nyungan,muru1266,N,2.28571
Niuafo'ou,Austronesian,niua1240,N,2.5
Biak,Austronesian,biak1248,N,2.5
Batanga,Atlantic-Congo,bata1285,N,1.6666599999999998
Eastern Bolivian Guaraní,Tupian,east2555,N,2.77043
Mokpwe,Atlantic-Congo,mokp1239,N,2.33333
Rundi,Atlantic-Congo,rund1242,N,1.26226
Wayuu,Arawakan,wayu1243,N,2.51665
Malua Bay,Austronesian,malu1245,N,1.875
Hindi,Indo-European,hind1269,N,1.83333
Kamba (Kenya),Atlantic-Congo,kamb1297,N,2.16666
Ngoni,Atlantic-Congo,ngon1269,N,-0.0
Malacca-Batavia Portuguese Creole,Indo-European,mala1533,N,2.0
Marra,Other,mara1385,N,2.9183
Japanese,,nucl1643,N,1.6666699999999999
Tiri-Mea,Austronesian,tiri1258,N,1.9371
Mwotlap,Austronesian,motl1237,N,3.25019
Seneca,,sene1264,N,3.0
Avatime,Atlantic-Congo,avat1244,N,3.0
Chuukese,Austronesian,chuu1238,N,2.5
Moronene,Austronesian,moro1287,N,0.66666
Idi,,nucl1597,N,2.0
Hopi,Uto-Aztecan,hopi1249,N,2.33333
Central Sama,Austronesian,cent2092,N,1.3333300000000001
Pangasinan,Austronesian,pang1290,N,1.0
Songoora,Atlantic-Congo,song1300,N,2.14884
Spokane,Salishan,spok1245,N,3.5
Karadjeri,Pama-Nyungan,kara1476,N,1.86166
Old English (ca. 450-1100),Indo-European,olde1238,N,1.38394
Mungiki,Austronesian,mung1270,N,1.0
Ute,Uto-Aztecan,utee1244,N,3.0
Tirax,Austronesian,maee1241,N,2.0
Kambera,Austronesian,kamb1299,N,2.98374
Abui,,abui1241,N,2.0
Motu,Austronesian,motu1246,N,2.5
Tzeltal,,tzel1254,N,2.55184
Movono,Austronesian,tang1347,N,3.0
Bininj Kun-Wok,,gunw1252,N,1.81128
Buli,Austronesian,buli1256,N,2.16667
Neve'ei,Austronesian,vinm1237,N,2.41345
Lelepa,Austronesian,lele1267,N,3.58208
Atsugewi,,atsu1245,N,2.0
Mocoví,,moco1246,N,2.10161
Ganda,Atlantic-Congo,gand1255,N,2.33963
Midob,,mido1240,N,1.0
Ketengban,Nuclear Trans New Guinea,kete1254,N,2.5
Slaveyic,,hare1243,N,3.0
Colloquial Malay,Austronesian,mala1479,N,1.93494
Lavatbura-Lamusong,Austronesian,lava1239,N,1.0
Meyah,,meya1236,N,3.0
Margany,Pama-Nyungan,marg1253,N,3.0
Tigak,Austronesian,tiga1245,N,2.0
Mescalero-Chiricahua Apache,,mesc1238,N,2.9266199999999998
Lala-Bisa,Atlantic-Congo,lala1264,N,1.0
Zinza,Atlantic-Congo,zinz1238,N,2.0
Nakanai,Austronesian,naka1262,N,3.9183
Batlux,Nakh-Daghestanian,batl1238,N,1.6666699999999999
Kamano,Nuclear Trans New Guinea,kama1370,N,1.75
Archi,Nakh-Daghestanian,arch1244,N,3.0
Bena (Tanzania),Atlantic-Congo,bena1262,N,1.8827800000000001
Erzya,Uralic,erzy1239,N,2.5
Ingush,Nakh-Daghestanian,ingu1240,N,2.33334
Plains Cree,Algic,plai1258,N,3.0
Watut,Austronesian,watu1246,N,3.16666
Amis,Austronesian,amis1246,N,2.0
Old Norse,Indo-European,oldn1244,N,1.5
Yulparija,Pama-Nyungan,yulp1239,N,2.25
Standard Lebanese Arabic,Afro-Asiatic,stan1323,N,2.0
Luvale,Atlantic-Congo,luva1239,N,1.53064
Inanwatan,,inan1242,N,3.0
Bwaidoga,Austronesian,bwai1243,N,1.81128
Nunamiut,Eskimo-Aleut,nort2944,N,2.16667
Kickapoo,Algic,kick1244,N,3.5
Frisian,Indo-European,fris1239,N,2.33333
I'saka,Sko,kris1246,N,2.0
Teiwa,,teiw1235,N,2.06924
Turkish,Turkic,nucl1301,N,2.16667
Itonama,,iton1250,N,2.0
Kalamang,,kara1499,N,2.96854
Aneityum,Austronesian,anei1239,N,2.7932
Rahambuu,Austronesian,raha1237,N,2.0
Dyirbal,Pama-Nyungan,dyir1250,N,3.0
Latvian,Indo-European,latv1249,N,2.83333
Fordata,Austronesian,ford1242,N,1.0
North Marquesan,Austronesian,nort2845,N,3.65433
Walloon,Indo-European,wall1255,N,2.27043
Winnebago-Chiwere,,winn1245,N,3.5
Blagar,,blag1240,N,1.8
Nivaclé,,niva1238,N,1.2
Sa,Austronesian,saaa1241,N,3.25
Ibaloi,Austronesian,ibal1244,N,1.0
Maba (Indonesia),Austronesian,maba1278,N,2.27043
Big Nambas,Austronesian,bign1238,N,2.42765
Herero,Atlantic-Congo,here1253,N,2.51285
Kumbainggar,Pama-Nyungan,kumb1268,N,1.77778
Wayampi,Tupian,waya1270,N,2.79727
Huron-Wyandot,,wyan1247,N,3.0
Algonquin,Algic,algo1255,N,2.5
Basque,,basq1248,N,2.0
Kagulu,Atlantic-Congo,kagu1239,N,1.93872
Banjar,Austronesian,banj1239,N,1.3333300000000001
Luburua,Austronesian,lubu1242,N,1.54086
Dandami Maria,Dravidian,dand1238,N,2.25
Toba,,toba1269,N,1.6666699999999999
Cha'palaa,,chac1249,N,3.0
Sundanese,Austronesian,sund1252,N,1.5
Bardic,,bard1254,N,2.5
Akhvakh,Nakh-Daghestanian,akhv1239,N,2.33334
West Kewa,Nuclear Trans New Guinea,west2599,N,1.75
Assiniboine,,assi1247,N,3.75
Kiramang,,kira1248,N,2.0
Menominee,Algic,meno1252,N,2.5
Ga'dang,Austronesian,gada1258,N,1.0
Burmese,Sino-Tibetan,nucl1310,N,3.5
Tok Pisin,Indo-European,tokp1240,N,1.6
Prakaa,Sino-Tibetan,prak1243,N,2.58641
Nuu-chah-nulth,,nuuc1236,N,1.9183
Zulu,Atlantic-Congo,zulu1248,N,2.22957
Baruya,Angan,baru1267,N,2.5
South Saami,Uralic,sout2674,N,2.0
Cayubaba,,cayu1262,N,2.5
Chipaya,,chip1262,N,2.5
Kamayurá,Tupian,kama1373,N,2.66666
Neverver,Austronesian,ling1265,N,2.7910399999999997
Dehong,Tai-Kadai,deho1238,N,2.0
Muna,Austronesian,muna1247,N,1.6666699999999999
English,Indo-European,stan1293,N,1.3333300000000001
Lozi,Atlantic-Congo,lozi1239,N,3.03363
North Tanna,Austronesian,nort2847,N,2.0
Colombian Sign Language,,colo1249,N,2.0
Epena,,epen1239,N,3.0
Temi,Atlantic-Congo,temi1247,N,1.9183
Puluwatese,Austronesian,pulu1242,N,2.12581
East Kewa,Nuclear Trans New Guinea,east2516,N,2.66667
Kannada,Dravidian,nucl1305,N,3.25
Oto,,otoo1241,N,3.75
Italian,Indo-European,ital1282,N,2.0
Kemtuik,Nimboranic,kemt1242,N,2.29664
Ancient Greek,Indo-European,anci1242,N,2.0
Avá-Canoeiro,Tupian,avac1239,N,2.5
Arabana,Pama-Nyungan,arab1267,N,2.25
Bamun,Atlantic-Congo,bamu1253,N,1.9183
Cree,Algic,cree1272,N,2.5
Chipewyan,,chip1261,N,1.6666699999999999
Marwari (India),Indo-European,marw1260,N,1.5555599999999998
Mouk,Austronesian,mouk1240,N,2.40631
/Gwi,,gwii1239,N,1.8371
Tausug,Austronesian,taus1251,N,1.3333300000000001
Ossetic,Indo-European,osse1245,N,2.0
Tubar,Uto-Aztecan,tuba1279,N,1.58641
Veps,Uralic,veps1250,N,2.0
Nahavaq,Austronesian,sout2857,N,3.0
Piegan,Algic,pieg1239,N,3.0
Ritarungo,Pama-Nyungan,rita1239,N,1.47548
Wiyot,Algic,wiyo1248,N,2.0
Pawnee,,pawn1254,N,2.75
Sirionó,Tupian,siri1273,N,1.26332
Kota (Gabon),Atlantic-Congo,kota1274,N,1.9161299999999999
Maguindanao,Austronesian,magu1243,N,1.85513
Chokwe,Atlantic-Congo,chok1245,N,2.33334
Catalan,Indo-European,stan1289,N,2.0
Punu,Atlantic-Congo,punu1239,N,-0.0
Nama (Papua New Guinea),,nama1266,N,3.10956
Alyawarr,Pama-Nyungan,alya1239,N,1.75
Hinuq,Nakh-Daghestanian,hinu1240,N,2.33334
Sumbwa,Atlantic-Congo,sumb1240,N,2.5
Dharumbal,Pama-Nyungan,dhar1248,N,3.0
Huarijio,Uto-Aztecan,huar1255,N,3.0
Macushi,Cariban,macu1259,N,2.15993
Peoria,Algic,peor1238,N,2.75
O'du,Austroasiatic,oduu1239,N,1.0
Futuna-Aniwa,Austronesian,futu1245,N,2.0
Teguima,Uto-Aztecan,opat1246,N,2.6880599999999997
Ngiyambaa,Pama-Nyungan,wang1291,N,1.6666699999999999
Sangtam Naga,Sino-Tibetan,sang1321,N,2.5
Mekongga,Austronesian,meko1237,N,2.0
Mele-Fila,Austronesian,mele1250,N,1.6666599999999998
Kombai,Nuclear Trans New Guinea,komb1274,N,2.5
Ojibwa,Algic,ojib1241,N,2.90564
Kamang,,kama1365,N,2.30378
Awiakay,Arafundi,awia1234,N,3.58333
Sanskrit,Indo-European,sans1269,N,1.83333
Kyaka,Nuclear Trans New Guinea,kyak1244,N,3.75019
Auslan,,aust1271,N,1.3333300000000001
Kodeoha,Austronesian,kode1237,N,2.0
Tomadino,Austronesian,toma1248,N,2.0
Tapirapé,Tupian,tapi1254,N,3.5
Yugumbir,Pama-Nyungan,yugu1249,N,2.0
Kwoma,,kwom1262,N,2.40884
Suundi,Atlantic-Congo,suun1239,N,2.55184
Warlpiri,Pama-Nyungan,warl1254,N,1.67499
Tasiko,Austronesian,tasi1237,N,3.0
Owa,Austronesian,owaa1237,N,2.0
Letemboi-Repanbitip,Austronesian,lete1241,N,3.0
Selk'nam,,onaa1245,N,2.7107799999999997
Spanish,Indo-European,stan1288,N,2.33333
Nyamal,Pama-Nyungan,nyam1271,N,2.25
North Ambrym,Austronesian,nort2839,N,1.77078
El Nayar Cora,Uto-Aztecan,elna1235,N,2.58641
Sawi,Nuclear Trans New Guinea,sawi1257,N,1.0
Wolio,Austronesian,woli1241,N,2.0
Luangiua,Austronesian,onto1237,N,3.18872
Welsh,Indo-European,wels1247,N,2.0
Yanomám,,yano1262,N,1.0
Duala,Atlantic-Congo,dual1243,N,1.6
Kala Lagaw Ya,Pama-Nyungan,kala1377,N,2.9183
Manange,Sino-Tibetan,mana1288,N,3.02893
Kutenai,,kute1249,N,3.5
Meskwaki,Algic,mesk1242,N,2.5
Cubeo,,cube1242,N,2.5
Sogeram,Nuclear Trans New Guinea,soge1235,N,1.82647
Kerewe,Atlantic-Congo,kere1283,N,1.0
Kom (Cameroon),Atlantic-Congo,komc1235,N,1.5
Siwai,South Bougainville,siwa1245,N,3.0
Bacanese Malay,Austronesian,baca1243,N,1.95011
Olal,Austronesian,olal1237,N,1.53064
Merlav,Austronesian,merl1237,N,1.53579
Lauje,Austronesian,lauj1238,N,1.3333300000000001
Degexit'an,,dege1248,N,2.0
Northeast Maidu,,nort2952,N,2.45915
Inxokvari,Nakh-Daghestanian,inxo1238,N,2.33334
Māori,Austronesian,maor1246,N,3.13521
Marquesan,Austronesian,marq1246,N,3.0
Pintupi-Luritja,Pama-Nyungan,pint1250,N,1.75
Old-Middle Welsh,Indo-European,oldw1239,N,1.6
Sardinian,Indo-European,sard1257,N,2.0
Western Armenian,Indo-European,homs1234,N,2.33334
Western Dani,Nuclear Trans New Guinea,west2594,N,3.25
Limilngan-Wulna,,limi1242,N,2.3
Buru (Indonesia),Austronesian,buru1303,N,3.0
Nyawaygi,Pama-Nyungan,nyaw1247,N,2.0
Ingrian,Uralic,ingr1248,N,1.6666599999999998
Lewo,Austronesian,lewo1242,N,3.0
Ayoreo,,ayor1240,N,3.3007999999999997
Meru,Atlantic-Congo,meru1245,N,2.33333
Wagaya,Pama-Nyungan,waga1260,N,2.0
Chavacano,Indo-European,chav1241,N,2.33333
Tupinambá,Tupian,tupi1273,N,2.3929400000000003
Doutai,Lakes Plain,dout1240,N,3.27042
Bunun,Austronesian,bunu1267,N,2.0
Tsonga,Atlantic-Congo,tson1249,N,1.76669
Tuyuca,,tuyu1244,N,2.0
Yurok,Algic,yuro1248,N,3.0
Maithili,Indo-European,mait1250,N,1.6666599999999998
Mohawk,,moha1258,N,3.25
Eel River Athabaskan,,wail1244,N,4.306089999999999
Dupaninan Agta,Austronesian,dupa1235,N,2.5
Bannock,Uto-Aztecan,bann1248,N,3.0
Nyoro,Atlantic-Congo,nyor1246,N,1.21854
Modern Ossetic,Indo-European,osse1243,N,1.0
Puelche,,puel1244,N,2.16667
Kumyk,Turkic,kumy1244,N,1.6666699999999999
Bandjalangic,Pama-Nyungan,band1339,N,2.5507999999999997
Kaiwá,Tupian,kaiw1246,N,4.0
Gimi (Eastern Highlands),Nuclear Trans New Guinea,gimi1243,N,2.62329
Koroni,Austronesian,koro1311,N,2.0
Suki,,suki1245,N,3.0
Tamil,Dravidian,tami1289,N,2.25
Bemba (Zambia),Atlantic-Congo,bemb1257,N,1.82213
Lonwolwol,Austronesian,lonw1238,N,2.5
Mudburra,Pama-Nyungan,mudb1240,N,1.75
Nengone,Austronesian,neng1238,N,2.7893100000000004
Ponca,,ponc1241,N,3.75
Waffa,Nuclear Trans New Guinea,waff1241,N,3.0
Casiguran-Nagtipunan Agta,Austronesian,casi1235,N,1.3333300000000001
Warrongo,Pama-Nyungan,waru1264,N,3.75
Lo-Toga,Austronesian,loto1240,N,3.09328
Araki,Austronesian,arak1252,N,3.18048
Ottawa,Algic,otta1242,N,2.5
Komi-Zyrian,Uralic,komi1268,N,2.33334
Bungku,Austronesian,bung1269,N,1.3333300000000001
Nepali,Indo-European,nepa1254,N,2.18182
Duungidjawu,Pama-Nyungan,duun1241,N,2.4000000000000004
Luguru,Atlantic-Congo,lugu1238,N,1.6
Malapandaram,Dravidian,mala1468,N,2.0
Akkadian,Afro-Asiatic,akka1240,N,3.25
Soga,Atlantic-Congo,soga1242,N,2.20752
Chamorro,Austronesian,cham1312,N,2.0
Nage,Austronesian,nage1237,N,3.0
Gwich'in,,gwic1235,N,3.25
Sa'a,Austronesian,saaa1240,N,1.0
Yidiñ,Pama-Nyungan,yidi1250,N,1.75
Southern Kiwai,Kiwaian,sout2949,N,3.0
South Marquesan,Austronesian,sout2866,N,2.5
Yaqui,Uto-Aztecan,yaqu1251,N,3.15564
Jamaican Creole English,Indo-European,jama1262,N,2.33334
Ngaanyatjarra,Pama-Nyungan,ngaa1240,N,3.98013
Shoshoni,Uto-Aztecan,shos1248,N,3.0
Iowa-Oto,,iowa1245,N,3.75
Moni,Nuclear Trans New Guinea,moni1261,N,3.0
Onobasulu,Bosavi,onob1238,N,3.1693800000000003
Huli,Nuclear Trans New Guinea,huli1244,N,2.66667
Luiseno-Juaneño,Uto-Aztecan,luis1253,N,1.6
Gilbertese,Austronesian,gilb1244,N,3.5
Pendau,Austronesian,pend1242,N,1.3333300000000001
Baure,Arawakan,baur1253,N,2.0
Teko,Tupian,emer1243,N,1.18872
Kriol (Roper River),Indo-European,krio1252,N,2.3414800000000002
Malgana,Pama-Nyungan,malg1242,N,3.0
Southeast Ambrym,Austronesian,sout2859,N,2.33333
Tehuelche,,tehu1242,N,1.33333
Tabasco Chontal,,taba1266,N,3.0
Pirriya,Pama-Nyungan,pirr1240,N,3.0
Tlingit,,tlin1245,N,2.5
Zuni,,zuni1245,N,2.0
Kabaena,Austronesian,kaba1285,N,2.0
Odia,Indo-European,oriy1255,N,1.65218
Nambo,,namb1293,N,2.5
Duna,,duna1248,N,2.0
Ifugaw,Austronesian,ifug1247,N,1.0
Tungag,Austronesian,tung1290,N,2.0
Badimaya,Pama-Nyungan,badi1246,N,3.0
Upper Michigan-Wisconsin Chippewa,Algic,uppe1274,N,2.75
Nanggu,Austronesian,nang1262,N,2.5
Kankanaey,Austronesian,kank1243,N,1.3333300000000001
Atampaya,Pama-Nyungan,atam1239,N,2.5
Guarayu,Tupian,guar1292,N,3.31433
Haya,Atlantic-Congo,haya1250,N,1.1666699999999999
Xârâcùù,Austronesian,xara1244,N,2.37878
Komo (Democratic Republic of Congo),Atlantic-Congo,komo1260,N,1.83333
Icari,Nakh-Daghestanian,icar1234,N,1.6666699999999999
Aché,Tupian,ache1246,N,2.6678699999999997
Meadow Mari,Uralic,gras1239,N,3.0
Prai,Austroasiatic,phai1238,N,1.2000000000000002
Hungarian,Uralic,hung1274,N,2.0
Yavitero,Arawakan,yavi1244,N,2.0
Western Tawbuid,Austronesian,west2559,N,1.3333300000000001
Karok,,karo1304,N,3.0
Indonesian Bajau,Austronesian,indo1317,N,2.27042
Laurentian,,laur1250,N,3.0
Bats,Nakh-Daghestanian,bats1242,N,2.0
Pitjantjatjara,Pama-Nyungan,pitj1243,N,2.8008100000000002
Lingua Geral Paulista,Tupian,tupi1274,N,4.2689900000000005
Buhid,Austronesian,buhi1245,N,1.3333300000000001
North Saami,Uralic,nort2671,N,1.0
Balinese,Austronesian,bali1278,N,2.83334
Uripiv-Wala-Rano-Atchin,Austronesian,urip1239,N,1.8857599999999999
Kodava,Dravidian,koda1255,N,2.5
Lahnda,Indo-European,lahn1241,N,0.8
Sanga (Democratic Republic of Congo),Atlantic-Congo,sang1331,N,2.37878
Serrano,Uto-Aztecan,serr1255,N,3.03179
Araweté,Tupian,araw1273,N,2.6927399999999997
Guugu Yimidhirr,Pama-Nyungan,gugu1255,N,2.8955200000000003
'Are'are,Austronesian,area1240,N,2.0
North Slavey,,nort2942,N,2.8872
Usarufa,Nuclear Trans New Guinea,usar1243,N,1.75
Cayuga,,cayu1261,N,3.0
Balangao,Austronesian,bala1310,N,2.0
Nen,,nenn1238,N,2.0
Cofán,,cofa1242,N,2.0
Waorani,,waor1240,N,2.15993
Rapanui,Austronesian,rapa1244,N,2.75
Chickasaw,,chic1270,N,3.25
Omaha-Ponca,,omah1247,N,4.0
Gigatl,Nakh-Daghestanian,giga1238,N,2.33334
Turung,Tai-Kadai,turu1249,N,3.0
Okanagan,Salishan,okan1243,N,3.5
Trumai,,trum1247,N,3.0
Keyagana,Nuclear Trans New Guinea,keya1238,N,1.75
Jurúna,Tupian,juru1256,N,2.4828
Ganggalida,,gang1267,N,3.0258000000000003
Lunda,Atlantic-Congo,lund1266,N,1.5
Tenetehara,Tupian,temb1276,N,3.5
Parakanã,Tupian,para1312,N,1.5
Kuman,Nuclear Trans New Guinea,kuma1280,N,3.0
Eastern Panjabi,Indo-European,panj1256,N,2.0
Hehe,Atlantic-Congo,hehe1240,N,2.0
Tokharian A,Indo-European,tokh1242,N,2.0
Iloko,Austronesian,ilok1237,N,1.3333300000000001
Chirag,Nakh-Daghestanian,chir1284,N,1.6666699999999999
Tukang Besi South,Austronesian,tuka1249,N,2.0
Karenic,Sino-Tibetan,kare1337,N,3.25
