random_id,condition,block,system,relative1,relative2,relative1_term,relative2_term,distinction
9enmmxzrqm,mfgb,1,0,mbs,mbd,kïmy,lobowaby,1
9enmmxzrqm,mfgb,1,0,mzs,mzd,kïmy,lobowaby,1
9enmmxzrqm,mfgb,1,0,fbs,fbd,kïmy,lobowaby,1
9enmmxzrqm,mfgb,1,0,fzs,fzd,kïmy,lobowaby,1
9enmmxzrqm,mfgb,1,0,b,z,bybï,hïlaki,1
9enmmxzrqm,mfgb,7,1,mbs,mbd,içiqusem,adeçim,1
9enmmxzrqm,mfgb,7,1,mzs,mzd,içiqusem,adeçim,1
9enmmxzrqm,mfgb,7,1,fbs,fbd,ømenad,adeçim,1
9enmmxzrqm,mfgb,7,1,fzs,fzd,ømenad,adeçim,1
9enmmxzrqm,mfgb,8,2,mbs,mbd,hyonăo,goozăi,1
9enmmxzrqm,mfgb,8,2,mzs,mzd,nyumuo,gêă,1
9enmmxzrqm,mfgb,8,2,fbs,fbd,goozăi,hyonăo,1
9enmmxzrqm,mfgb,8,2,fzs,fzd,nyumuo,gêă,1
9enmmxzrqm,mfgb,3,3,mbs,mbd,rbāranžā,cžunge,1
9enmmxzrqm,mfgb,3,3,mzs,mzd,rbāranžā,vropcāre,1
9enmmxzrqm,mfgb,3,3,fbs,fbd,rbāranžā,vropcāre,1
9enmmxzrqm,mfgb,3,3,fzs,fzd,rbāranžā,cžunge,1
9enmmxzrqm,mfgb,6,4,mbs,mbd,canšuehu,nuubö,1
9enmmxzrqm,mfgb,6,4,mzs,mzd,canšuehu,nuubö,1
9enmmxzrqm,mfgb,6,4,fbs,fbd,beiguumu,šaaqaude,1
9enmmxzrqm,mfgb,6,4,fzs,fzd,canšuehu,nuubö,1
9enmmxzrqm,mfgb,5,5,mbs,mbd,goviku,lawolu,1
9enmmxzrqm,mfgb,5,5,mzs,mzd,goviku,luge,1
9enmmxzrqm,mfgb,5,5,fbs,fbd,goviku,luge,1
9enmmxzrqm,mfgb,5,5,fzs,fzd,lawolu,kawuka,1
9enmmxzrqm,mfgb,4,6,mbs,mbd,ilug,ozatof,1
9enmmxzrqm,mfgb,4,6,mzs,mzd,ilug,egezalat,1
9enmmxzrqm,mfgb,4,6,fbs,fbd,ilug,egezalat,1
9enmmxzrqm,mfgb,4,6,fzs,fzd,ilug,egezalat,1
1mxy428t9t,mfgb,5,0,mbs,mbd,goozăi,goozăi,0
1mxy428t9t,mfgb,5,0,mzs,mzd,goozăi,goozăi,0
1mxy428t9t,mfgb,5,0,fbs,fbd,goozăi,goozăi,0
1mxy428t9t,mfgb,5,0,fzs,fzd,goozăi,goozăi,0
1mxy428t9t,mfgb,5,0,b,z,goozăi,hyonăo,1
1mxy428t9t,mfgb,4,1,mbs,mbd,øqoç,øqoç,0
1mxy428t9t,mfgb,4,1,mzs,mzd,øqoç,øqoç,0
1mxy428t9t,mfgb,4,1,fbs,fbd,orinoçim,orinoçim,0
1mxy428t9t,mfgb,4,1,fzs,fzd,orinoçim,orinoçim,0
1mxy428t9t,mfgb,7,2,mbs,mbd,tsåvvses,ktot,1
1mxy428t9t,mfgb,7,2,mzs,mzd,tsåvvses,ktot,1
1mxy428t9t,mfgb,7,2,fbs,fbd,ktot,ktot,0
1mxy428t9t,mfgb,7,2,fzs,fzd,tsåvvses,ktot,1
1mxy428t9t,mfgb,8,3,mbs,mbd,yaöpe,šïïnö,1
1mxy428t9t,mfgb,8,3,mzs,mzd,yaöpe,šïïnö,1
1mxy428t9t,mfgb,8,3,fbs,fbd,yaöpe,šïïnö,1
1mxy428t9t,mfgb,8,3,fzs,fzd,yaöpe,šïïnö,1
1mxy428t9t,mfgb,1,4,mbs,mbd,ilug,ilug,0
1mxy428t9t,mfgb,1,4,mzs,mzd,ilug,ilug,0
1mxy428t9t,mfgb,1,4,fbs,fbd,ulywaf,ulywaf,0
1mxy428t9t,mfgb,1,4,fzs,fzd,ulywaf,ozatof,1
1mxy428t9t,mfgb,2,5,mbs,mbd,rbāranžā,rbāranžā,0
1mxy428t9t,mfgb,2,5,mzs,mzd,rbāranžā,rbāranžā,0
1mxy428t9t,mfgb,2,5,fbs,fbd,nžodo,vbāžo,1
1mxy428t9t,mfgb,2,5,fzs,fzd,nžodo,vbāžo,1
1mxy428t9t,mfgb,3,6,mbs,mbd,popingi,popingi,0
1mxy428t9t,mfgb,3,6,mzs,mzd,lepego,lepego,0
1mxy428t9t,mfgb,3,6,fbs,fbd,lepego,popingi,1
1mxy428t9t,mfgb,3,6,fzs,fzd,kawuka,pygele,1
1mxy428t9t,mfgb,6,7,mbs,mbd,morïky,kïmy,1
1mxy428t9t,mfgb,6,7,mzs,mzd,morïky,kïmy,1
1mxy428t9t,mfgb,6,7,fbs,fbd,morïky,kïmy,1
1mxy428t9t,mfgb,6,7,fzs,fzd,morïky,kïmy,1
by11zvzmpo,mfgb,6,0,mbs,mbd,bokokohï,ryvïri,1
by11zvzmpo,mfgb,6,0,mzs,mzd,bokokohï,ryvïri,1
by11zvzmpo,mfgb,6,0,fbs,fbd,bokokohï,ryvïri,1
by11zvzmpo,mfgb,6,0,fzs,fzd,bokokohï,ryvïri,1
by11zvzmpo,mfgb,6,0,b,z,lobowaby,kïmy,1
by11zvzmpo,mfgb,8,1,mbs,mbd,vruži,nžodo,1
by11zvzmpo,mfgb,8,1,mzs,mzd,vruži,nžodo,1
by11zvzmpo,mfgb,8,1,fbs,fbd,cžunge,nžodo,1
by11zvzmpo,mfgb,8,1,fzs,fzd,cžunge,nžodo,1
by11zvzmpo,mfgb,5,2,mbs,mbd,egezalat,ulywaf,1
by11zvzmpo,mfgb,5,2,mzs,mzd,egezalat,ulywaf,1
by11zvzmpo,mfgb,5,2,fbs,fbd,egezalat,ulywaf,1
by11zvzmpo,mfgb,5,2,fzs,fzd,egezalat,ulywaf,1
by11zvzmpo,mfgb,1,3,mbs,mbd,beiguumu,šïïnö,1
by11zvzmpo,mfgb,1,3,mzs,mzd,beiguumu,šïïnö,1
by11zvzmpo,mfgb,1,3,fbs,fbd,beiguumu,šïïnö,1
by11zvzmpo,mfgb,1,3,fzs,fzd,šïïnö,šïïnö,0
by11zvzmpo,mfgb,3,4,mbs,mbd,sfêvdok,kvurddåh,1
by11zvzmpo,mfgb,3,4,mzs,mzd,sfêvdok,kvurddåh,1
by11zvzmpo,mfgb,3,4,fbs,fbd,smêvskêv,smêvskêv,0
by11zvzmpo,mfgb,3,4,fzs,fzd,sfêvdok,kvurddåh,1
by11zvzmpo,mfgb,4,5,mbs,mbd,powisunge,luge,1
by11zvzmpo,mfgb,4,5,mzs,mzd,powisunge,luge,1
by11zvzmpo,mfgb,4,5,fbs,fbd,powisunge,luge,1
by11zvzmpo,mfgb,4,5,fzs,fzd,powisunge,luge,1
by11zvzmpo,mfgb,2,6,mbs,mbd,hyonăo,baumiă,1
by11zvzmpo,mfgb,2,6,mzs,mzd,baumiă,hyonăo,1
by11zvzmpo,mfgb,2,6,fbs,fbd,baumiă,hyonăo,1
by11zvzmpo,mfgb,2,6,fzs,fzd,baumiă,hyonăo,1
by11zvzmpo,mfgb,7,7,mbs,mbd,aqinudød,adeçim,1
by11zvzmpo,mfgb,7,7,mzs,mzd,aqinudød,adeçim,1
by11zvzmpo,mfgb,7,7,fbs,fbd,aqinudød,adeçim,1
by11zvzmpo,mfgb,7,7,fzs,fzd,aqinudød,adeçim,1
wh08dqfy5x,mfbg,7,0,mbs,mbd,vruži,pžicā,1
wh08dqfy5x,mfbg,7,0,mzs,mzd,vruži,pžicā,1
wh08dqfy5x,mfbg,7,0,fbs,fbd,vruži,pžicā,1
wh08dqfy5x,mfbg,7,0,fzs,fzd,vruži,pžicā,1
wh08dqfy5x,mfbg,7,0,b,z,vruži,pžicā,1
wh08dqfy5x,mfbg,3,1,mbs,mbd,lawolu,luge,1
wh08dqfy5x,mfbg,3,1,mzs,mzd,lawolu,luge,1
wh08dqfy5x,mfbg,3,1,fbs,fbd,lawolu,luge,1
wh08dqfy5x,mfbg,3,1,fzs,fzd,luge,luge,0
wh08dqfy5x,mfbg,8,2,mbs,mbd,qăo,huanăa,1
wh08dqfy5x,mfbg,8,2,mzs,mzd,qăo,huanăa,1
wh08dqfy5x,mfbg,8,2,fbs,fbd,qăo,huanăa,1
wh08dqfy5x,mfbg,8,2,fzs,fzd,qăo,qăo,0
wh08dqfy5x,mfbg,2,3,mbs,mbd,tuumïhu,yaöpe,1
wh08dqfy5x,mfbg,2,3,mzs,mzd,tuumïhu,tuumïhu,0
wh08dqfy5x,mfbg,2,3,fbs,fbd,tuumïhu,yaöpe,1
wh08dqfy5x,mfbg,2,3,fzs,fzd,tuumïhu,yaöpe,1
wh08dqfy5x,mfbg,4,4,mbs,mbd,aweh,aweh,0
wh08dqfy5x,mfbg,4,4,mzs,mzd,aweh,aweh,0
wh08dqfy5x,mfbg,4,4,fbs,fbd,øqoç,øqoç,0
wh08dqfy5x,mfbg,4,4,fzs,fzd,øqoç,øqoç,0
wh08dqfy5x,mfbg,5,5,mbs,mbd,smêvskêv,smêvskêv,0
wh08dqfy5x,mfbg,5,5,mzs,mzd,smêvskêv,smêvskêv,0
wh08dqfy5x,mfbg,5,5,fbs,fbd,sfêvdok,sfêvdok,0
wh08dqfy5x,mfbg,5,5,fzs,fzd,sfêvdok,sfêvdok,0
wh08dqfy5x,mfbg,1,6,mbs,mbd,hïlaki,hïlaki,0
wh08dqfy5x,mfbg,1,6,mzs,mzd,hïlaki,hïlaki,0
wh08dqfy5x,mfbg,1,6,fbs,fbd,zuvewu,zuvewu,0
wh08dqfy5x,mfbg,1,6,fzs,fzd,zuvewu,zuvewu,0
wh08dqfy5x,mfbg,6,7,mbs,mbd,ulywaf,azuf,1
wh08dqfy5x,mfbg,6,7,mzs,mzd,ulywaf,azuf,1
wh08dqfy5x,mfbg,6,7,fbs,fbd,ulywaf,azuf,1
wh08dqfy5x,mfbg,6,7,fzs,fzd,ulywaf,azuf,1
vfc66vqf8v,fmbg,7,0,mbs,mbd,gêă,gêă,0
vfc66vqf8v,fmbg,7,0,mzs,mzd,huanăa,huanăa,0
vfc66vqf8v,fmbg,7,0,fbs,fbd,huanăa,huanăa,0
vfc66vqf8v,fmbg,7,0,fzs,fzd,gêă,gêă,0
vfc66vqf8v,fmbg,7,0,b,z,nyumuo,nyumuo,0
vfc66vqf8v,fmbg,8,1,mbs,mbd,idanuluf,idanuluf,0
vfc66vqf8v,fmbg,8,1,mzs,mzd,otev,otev,0
vfc66vqf8v,fmbg,8,1,fbs,fbd,awupav,awupav,0
vfc66vqf8v,fmbg,8,1,fzs,fzd,idanuluf,idanuluf,0
vfc66vqf8v,fmbg,5,2,mbs,mbd,cöahido,cöahido,0
vfc66vqf8v,fmbg,5,2,mzs,mzd,nuubö,nuubö,0
vfc66vqf8v,fmbg,5,2,fbs,fbd,nuubö,nuubö,0
vfc66vqf8v,fmbg,5,2,fzs,fzd,šïïnö,šïïnö,0
vfc66vqf8v,fmbg,6,3,mbs,mbd,vbāžo,vbāžo,0
vfc66vqf8v,fmbg,6,3,mzs,mzd,pžicā,pžicā,0
vfc66vqf8v,fmbg,6,3,fbs,fbd,pžicā,pžicā,0
vfc66vqf8v,fmbg,6,3,fzs,fzd,vbāžo,vbāžo,0
vfc66vqf8v,fmbg,2,4,mbs,mbd,aweh,aweh,0
vfc66vqf8v,fmbg,2,4,mzs,mzd,orinoçim,orinoçim,0
vfc66vqf8v,fmbg,2,4,fbs,fbd,orinoçim,orinoçim,0
vfc66vqf8v,fmbg,2,4,fzs,fzd,aweh,aweh,0
vfc66vqf8v,fmbg,3,5,mbs,mbd,luge,luge,0
vfc66vqf8v,fmbg,3,5,mzs,mzd,kawuka,kawuka,0
vfc66vqf8v,fmbg,3,5,fbs,fbd,kawuka,kawuka,0
vfc66vqf8v,fmbg,3,5,fzs,fzd,luge,luge,0
vfc66vqf8v,fmbg,1,6,mbs,mbd,qïru,qïru,0
vfc66vqf8v,fmbg,1,6,mzs,mzd,bokokohï,bokokohï,0
vfc66vqf8v,fmbg,1,6,fbs,fbd,bokokohï,bokokohï,0
vfc66vqf8v,fmbg,1,6,fzs,fzd,qïru,qïru,0
vfc66vqf8v,fmbg,4,7,mbs,mbd,tsåvvses,tsåvvses,0
vfc66vqf8v,fmbg,4,7,mzs,mzd,ktåvrhus,ktåvrhus,0
vfc66vqf8v,fmbg,4,7,fbs,fbd,ktåvrhus,ktåvrhus,0
vfc66vqf8v,fmbg,4,7,fzs,fzd,tsåvvses,tsåvvses,0
hq1zhqhwaa,mfgb,1,0,mbs,mbd,tuumïhu,tuumïhu,0
hq1zhqhwaa,mfgb,1,0,mzs,mzd,tuumïhu,tuumïhu,0
hq1zhqhwaa,mfgb,1,0,fbs,fbd,tuumïhu,tuumïhu,0
hq1zhqhwaa,mfgb,1,0,fzs,fzd,tuumïhu,tuumïhu,0
hq1zhqhwaa,mfgb,1,0,b,z,beiguumu,beiguumu,0
hq1zhqhwaa,mfgb,8,1,mbs,mbd,orinoçim,orinoçim,0
hq1zhqhwaa,mfgb,8,1,mzs,mzd,orinoçim,orinoçim,0
hq1zhqhwaa,mfgb,8,1,fbs,fbd,aqinudød,aqinudød,0
hq1zhqhwaa,mfgb,8,1,fzs,fzd,aqinudød,aqinudød,0
hq1zhqhwaa,mfgb,2,2,mbs,mbd,powisunge,luge,1
hq1zhqhwaa,mfgb,2,2,mzs,mzd,powisunge,luge,1
hq1zhqhwaa,mfgb,2,2,fbs,fbd,powisunge,luge,1
hq1zhqhwaa,mfgb,2,2,fzs,fzd,powisunge,luge,1
hq1zhqhwaa,mfgb,5,3,mbs,mbd,kïmy,kïmy,0
hq1zhqhwaa,mfgb,5,3,mzs,mzd,qïru,qïru,0
hq1zhqhwaa,mfgb,5,3,fbs,fbd,qïru,qïru,0
hq1zhqhwaa,mfgb,5,3,fzs,fzd,kïmy,kïmy,0
hq1zhqhwaa,mfgb,7,4,mbs,mbd,huanăa,huanăa,0
hq1zhqhwaa,mfgb,7,4,mzs,mzd,huanăa,huanăa,0
hq1zhqhwaa,mfgb,7,4,fbs,fbd,taobyo,taobyo,0
hq1zhqhwaa,mfgb,7,4,fzs,fzd,huanăa,huanăa,0
hq1zhqhwaa,mfgb,3,5,mbs,mbd,vrêd,tsåvvses,1
hq1zhqhwaa,mfgb,3,5,mzs,mzd,vrêd,tsåvvses,1
hq1zhqhwaa,mfgb,3,5,fbs,fbd,vrêd,tsåvvses,1
hq1zhqhwaa,mfgb,3,5,fzs,fzd,vrêd,tsåvvses,1
hq1zhqhwaa,mfgb,4,6,mbs,mbd,otev,otev,0
hq1zhqhwaa,mfgb,4,6,mzs,mzd,etupol,etupol,0
hq1zhqhwaa,mfgb,4,6,fbs,fbd,etupol,etupol,0
hq1zhqhwaa,mfgb,4,6,fzs,fzd,etupol,etupol,0
hq1zhqhwaa,mfgb,6,7,mbs,mbd,vruži,vruži,0
hq1zhqhwaa,mfgb,6,7,mzs,mzd,byure,byure,0
hq1zhqhwaa,mfgb,6,7,fbs,fbd,vruži,vruži,0
hq1zhqhwaa,mfgb,6,7,fzs,fzd,vruži,vruži,0
4k1ad46eg9,fmbg,2,0,mbs,mbd,yaöpe,yaöpe,0
4k1ad46eg9,fmbg,2,0,mzs,mzd,yaöpe,yaöpe,0
4k1ad46eg9,fmbg,2,0,fbs,fbd,yaöpe,yaöpe,0
4k1ad46eg9,fmbg,2,0,fzs,fzd,yaöpe,yaöpe,0
4k1ad46eg9,fmbg,2,0,b,z,šïïnö,šïïnö,0
4k1ad46eg9,fmbg,4,1,mbs,mbd,baumiă,gêă,1
4k1ad46eg9,fmbg,4,1,mzs,mzd,baumiă,gêă,1
4k1ad46eg9,fmbg,4,1,fbs,fbd,baumiă,gêă,1
4k1ad46eg9,fmbg,4,1,fzs,fzd,baumiă,gêă,1
4k1ad46eg9,fmbg,6,2,mbs,mbd,ilug,agivud,1
4k1ad46eg9,fmbg,6,2,mzs,mzd,ilug,agivud,1
4k1ad46eg9,fmbg,6,2,fbs,fbd,ilug,agivud,1
4k1ad46eg9,fmbg,6,2,fzs,fzd,ilug,agivud,1
4k1ad46eg9,fmbg,5,3,mbs,mbd,wupu,kawuka,1
4k1ad46eg9,fmbg,5,3,mzs,mzd,wupu,kawuka,1
4k1ad46eg9,fmbg,5,3,fbs,fbd,wupu,kawuka,1
4k1ad46eg9,fmbg,5,3,fzs,fzd,wupu,kawuka,1
4k1ad46eg9,fmbg,1,4,mbs,mbd,bokokohï,bokokohï,0
4k1ad46eg9,fmbg,1,4,mzs,mzd,kïmy,kïmy,0
4k1ad46eg9,fmbg,1,4,fbs,fbd,bokokohï,bokokohï,0
4k1ad46eg9,fmbg,1,4,fzs,fzd,kïmy,kïmy,0
4k1ad46eg9,fmbg,3,5,mbs,mbd,kvurddåh,smêvskêv,1
4k1ad46eg9,fmbg,3,5,mzs,mzd,smêvskêv,kvurddåh,1
4k1ad46eg9,fmbg,3,5,fbs,fbd,kvurddåh,smêvskêv,1
4k1ad46eg9,fmbg,3,5,fzs,fzd,smêvskêv,kvurddåh,1
4k1ad46eg9,fmbg,8,6,mbs,mbd,ngcāžo,vbāžo,1
4k1ad46eg9,fmbg,8,6,mzs,mzd,vbāžo,ngcāžo,1
4k1ad46eg9,fmbg,8,6,fbs,fbd,vbāžo,ngcāžo,1
4k1ad46eg9,fmbg,8,6,fzs,fzd,vbāžo,ngcāžo,1
4k1ad46eg9,fmbg,7,7,mbs,mbd,aqinudød,emøyeç,1
4k1ad46eg9,fmbg,7,7,mzs,mzd,emøyeç,aqinudød,1
4k1ad46eg9,fmbg,7,7,fbs,fbd,aqinudød,emøyeç,1
4k1ad46eg9,fmbg,7,7,fzs,fzd,emøyeç,aqinudød,1
srcyko4mfl,fmbg,5,0,mbs,mbd,bybï,bybï,0
srcyko4mfl,fmbg,5,0,mzs,mzd,bybï,bybï,0
srcyko4mfl,fmbg,5,0,fbs,fbd,bybï,bybï,0
srcyko4mfl,fmbg,5,0,fzs,fzd,bybï,bybï,0
srcyko4mfl,fmbg,5,0,b,z,hïlaki,bokokohï,1
srcyko4mfl,fmbg,7,1,mbs,mbd,nyumuo,nyumuo,0
srcyko4mfl,fmbg,7,1,mzs,mzd,nyumuo,nyumuo,0
srcyko4mfl,fmbg,7,1,fbs,fbd,gêă,gêă,0
srcyko4mfl,fmbg,7,1,fzs,fzd,gêă,gêă,0
srcyko4mfl,fmbg,2,2,mbs,mbd,cžunge,byure,1
srcyko4mfl,fmbg,2,2,mzs,mzd,cžunge,byure,1
srcyko4mfl,fmbg,2,2,fbs,fbd,vruži,vruži,0
srcyko4mfl,fmbg,2,2,fzs,fzd,vruži,vruži,0
srcyko4mfl,fmbg,6,3,mbs,mbd,içiqusem,orinoçim,1
srcyko4mfl,fmbg,6,3,mzs,mzd,orinoçim,içiqusem,1
srcyko4mfl,fmbg,6,3,fbs,fbd,içiqusem,orinoçim,1
srcyko4mfl,fmbg,6,3,fzs,fzd,orinoçim,içiqusem,1
srcyko4mfl,fmbg,8,4,mbs,mbd,idanuluf,idanuluf,0
srcyko4mfl,fmbg,8,4,mzs,mzd,idanuluf,idanuluf,0
srcyko4mfl,fmbg,8,4,fbs,fbd,ulywaf,ulywaf,0
srcyko4mfl,fmbg,8,4,fzs,fzd,idanuluf,idanuluf,0
srcyko4mfl,fmbg,3,5,mbs,mbd,goviku,goviku,0
srcyko4mfl,fmbg,3,5,mzs,mzd,goviku,goviku,0
srcyko4mfl,fmbg,3,5,fbs,fbd,goviku,goviku,0
srcyko4mfl,fmbg,3,5,fzs,fzd,ngapapu,ngapapu,0
srcyko4mfl,fmbg,4,6,mbs,mbd,yaöpe,yaöpe,0
srcyko4mfl,fmbg,4,6,mzs,mzd,šïïnö,šïïnö,0
srcyko4mfl,fmbg,4,6,fbs,fbd,šïïnö,šïïnö,0
srcyko4mfl,fmbg,4,6,fzs,fzd,šïïnö,šïïnö,0
srcyko4mfl,fmbg,1,7,mbs,mbd,kvurddåh,rhymsvåd,1
srcyko4mfl,fmbg,1,7,mzs,mzd,kvurddåh,rhymsvåd,1
srcyko4mfl,fmbg,1,7,fbs,fbd,kvurddåh,rhymsvåd,1
srcyko4mfl,fmbg,1,7,fzs,fzd,kvurddåh,rhymsvåd,1
uf9y22kc7h,fmbg,2,0,mbs,mbd,ryvïri,męwaqïfe,1
uf9y22kc7h,fmbg,2,0,mzs,mzd,ryvïri,męwaqïfe,1
uf9y22kc7h,fmbg,2,0,fbs,fbd,kïmy,ryvïri,1
uf9y22kc7h,fmbg,2,0,fzs,fzd,lobowaby,kïmy,1
uf9y22kc7h,fmbg,2,0,b,z,męwaqïfe,męwaqïfe,0
uf9y22kc7h,fmbg,8,1,mbs,mbd,azuf,ilug,1
uf9y22kc7h,fmbg,8,1,mzs,mzd,azuf,awupav,1
uf9y22kc7h,fmbg,8,1,fbs,fbd,azuf,ilug,1
uf9y22kc7h,fmbg,8,1,fzs,fzd,agivud,awupav,1
uf9y22kc7h,fmbg,6,2,mbs,mbd,luge,lepego,1
uf9y22kc7h,fmbg,6,2,mzs,mzd,lepego,kawuka,1
uf9y22kc7h,fmbg,6,2,fbs,fbd,lepego,lepego,0
uf9y22kc7h,fmbg,6,2,fzs,fzd,luge,wupu,1
uf9y22kc7h,fmbg,3,3,mbs,mbd,niuhiê,qăo,1
uf9y22kc7h,fmbg,3,3,mzs,mzd,baumiă,niuhiê,1
uf9y22kc7h,fmbg,3,3,fbs,fbd,baumiă,qăo,1
uf9y22kc7h,fmbg,3,3,fzs,fzd,baumiă,huanăa,1
uf9y22kc7h,fmbg,7,4,mbs,mbd,kvurddåh,ktåvrhus,1
uf9y22kc7h,fmbg,7,4,mzs,mzd,rhymsvåd,smêvskêv,1
uf9y22kc7h,fmbg,7,4,fbs,fbd,kvurddåh,rhymsvåd,1
uf9y22kc7h,fmbg,7,4,fzs,fzd,kvurddåh,smêvskêv,1
uf9y22kc7h,fmbg,1,5,mbs,mbd,byure,žbodu,1
uf9y22kc7h,fmbg,1,5,mzs,mzd,žbodu,žbodu,0
uf9y22kc7h,fmbg,1,5,fbs,fbd,rbāranžā,žbodu,1
uf9y22kc7h,fmbg,1,5,fzs,fzd,rbāranžā,rbāranžā,0
uf9y22kc7h,fmbg,5,6,mbs,mbd,šïïnö,šïïnö,0
uf9y22kc7h,fmbg,5,6,mzs,mzd,šaaqaude,tuumïhu,1
uf9y22kc7h,fmbg,5,6,fbs,fbd,töeqo,šïïnö,1
uf9y22kc7h,fmbg,5,6,fzs,fzd,šaaqaude,tuumïhu,1
uf9y22kc7h,fmbg,4,7,mbs,mbd,emøyeç,aweh,1
uf9y22kc7h,fmbg,4,7,mzs,mzd,emøyeç,aweh,1
uf9y22kc7h,fmbg,4,7,fbs,fbd,aweh,aweh,0
uf9y22kc7h,fmbg,4,7,fzs,fzd,aqinudød,aweh,1
96dcxvnjng,mfgb,1,0,mbs,mbd,tuumïhu,tuumïhu,0
96dcxvnjng,mfgb,1,0,mzs,mzd,tuumïhu,tuumïhu,0
96dcxvnjng,mfgb,1,0,fbs,fbd,šaaqaude,šaaqaude,0
96dcxvnjng,mfgb,1,0,fzs,fzd,šaaqaude,šaaqaude,0
96dcxvnjng,mfgb,1,0,b,z,šaaqaude,tuumïhu,1
96dcxvnjng,mfgb,8,1,mbs,mbd,awupav,ulywaf,1
96dcxvnjng,mfgb,8,1,mzs,mzd,awupav,awupav,0
96dcxvnjng,mfgb,8,1,fbs,fbd,ulywaf,awupav,1
96dcxvnjng,mfgb,8,1,fzs,fzd,ulywaf,ulywaf,0
96dcxvnjng,mfgb,4,2,mbs,mbd,vropcāre,rbāranžā,1
96dcxvnjng,mfgb,4,2,mzs,mzd,vropcāre,vropcāre,0
96dcxvnjng,mfgb,4,2,fbs,fbd,vropcāre,rbāranžā,1
96dcxvnjng,mfgb,4,2,fzs,fzd,vropcāre,vropcāre,0
96dcxvnjng,mfgb,5,3,mbs,mbd,wupu,ngapapu,1
96dcxvnjng,mfgb,5,3,mzs,mzd,wupu,ngapapu,1
96dcxvnjng,mfgb,5,3,fbs,fbd,wupu,ngapapu,1
96dcxvnjng,mfgb,5,3,fzs,fzd,ngapapu,wupu,1
96dcxvnjng,mfgb,7,4,mbs,mbd,orinoçim,adeçim,1
96dcxvnjng,mfgb,7,4,mzs,mzd,adeçim,adeçim,0
96dcxvnjng,mfgb,7,4,fbs,fbd,adeçim,adeçim,0
96dcxvnjng,mfgb,7,4,fzs,fzd,adeçim,adeçim,0
96dcxvnjng,mfgb,3,5,mbs,mbd,kïmy,kïmy,0
96dcxvnjng,mfgb,3,5,mzs,mzd,kïmy,kïmy,0
96dcxvnjng,mfgb,3,5,fbs,fbd,morïky,morïky,0
96dcxvnjng,mfgb,3,5,fzs,fzd,morïky,morïky,0
96dcxvnjng,mfgb,6,6,mbs,mbd,tsåvvses,svik,1
96dcxvnjng,mfgb,6,6,mzs,mzd,tsåvvses,svik,1
96dcxvnjng,mfgb,6,6,fbs,fbd,tsåvvses,svik,1
96dcxvnjng,mfgb,6,6,fzs,fzd,svik,tsåvvses,1
96dcxvnjng,mfgb,2,7,mbs,mbd,niuhiê,niuhiê,0
96dcxvnjng,mfgb,2,7,mzs,mzd,niuhiê,niuhiê,0
96dcxvnjng,mfgb,2,7,fbs,fbd,goozăi,goozăi,0
96dcxvnjng,mfgb,2,7,fzs,fzd,goozăi,goozăi,0
n82s617h3t,mfbg,7,0,mbs,mbd,kawuka,kawuka,0
n82s617h3t,mfbg,7,0,mzs,mzd,kawuka,kawuka,0
n82s617h3t,mfbg,7,0,fbs,fbd,kawuka,kawuka,0
n82s617h3t,mfbg,7,0,fzs,fzd,kawuka,kawuka,0
n82s617h3t,mfbg,7,0,b,z,lepego,lepego,0
n82s617h3t,mfbg,2,1,mbs,mbd,gêă,gêă,0
n82s617h3t,mfbg,2,1,mzs,mzd,gêă,gêă,0
n82s617h3t,mfbg,2,1,fbs,fbd,nyumuo,nyumuo,0
n82s617h3t,mfbg,2,1,fzs,fzd,nyumuo,nyumuo,0
n82s617h3t,mfbg,4,2,mbs,mbd,rhåv,rhåv,0
n82s617h3t,mfbg,4,2,mzs,mzd,rhåv,rhåv,0
n82s617h3t,mfbg,4,2,fbs,fbd,tsåvvses,tsåvvses,0
n82s617h3t,mfbg,4,2,fzs,fzd,tsåvvses,tsåvvses,0
n82s617h3t,mfbg,8,3,mbs,mbd,agivud,otev,1
n82s617h3t,mfbg,8,3,mzs,mzd,agivud,otev,1
n82s617h3t,mfbg,8,3,fbs,fbd,awupav,agivud,1
n82s617h3t,mfbg,8,3,fzs,fzd,awupav,agivud,1
n82s617h3t,mfbg,1,4,mbs,mbd,cöahido,cöahido,0
n82s617h3t,mfbg,1,4,mzs,mzd,beiguumu,beiguumu,0
n82s617h3t,mfbg,1,4,fbs,fbd,yaöpe,nuubö,1
n82s617h3t,mfbg,1,4,fzs,fzd,nuubö,nuubö,0
n82s617h3t,mfbg,5,5,mbs,mbd,içiqusem,iqur,1
n82s617h3t,mfbg,5,5,mzs,mzd,içiqusem,iqur,1
n82s617h3t,mfbg,5,5,fbs,fbd,iqur,orinoçim,1
n82s617h3t,mfbg,5,5,fzs,fzd,adeçim,orinoçim,1
n82s617h3t,mfbg,3,6,mbs,mbd,bokokohï,bokokohï,0
n82s617h3t,mfbg,3,6,mzs,mzd,bokokohï,bokokohï,0
n82s617h3t,mfbg,3,6,fbs,fbd,lobowaby,lobowaby,0
n82s617h3t,mfbg,3,6,fzs,fzd,lobowaby,lobowaby,0
n82s617h3t,mfbg,6,7,mbs,mbd,nžodo,vbāžo,1
n82s617h3t,mfbg,6,7,mzs,mzd,rbāranžā,vbāžo,1
n82s617h3t,mfbg,6,7,fbs,fbd,nžodo,vbāžo,1
n82s617h3t,mfbg,6,7,fzs,fzd,nžodo,vbāžo,1
so2ywkynjc,fmgb,4,1,mbs,mbd,töeqo,töeqo,0
so2ywkynjc,fmgb,4,1,mzs,mzd,töeqo,töeqo,0
so2ywkynjc,fmgb,4,1,fbs,fbd,tuumïhu,tuumïhu,0
so2ywkynjc,fmgb,4,1,fzs,fzd,tuumïhu,tuumïhu,0
so2ywkynjc,fmgb,8,2,mbs,mbd,azuf,azuf,0
so2ywkynjc,fmgb,8,2,mzs,mzd,agivud,agivud,0
so2ywkynjc,fmgb,8,2,fbs,fbd,azuf,azuf,0
so2ywkynjc,fmgb,8,2,fzs,fzd,agivud,agivud,0
so2ywkynjc,fmgb,6,3,mbs,mbd,nyumuo,nyumuo,0
so2ywkynjc,fmgb,6,3,mzs,mzd,nyumuo,nyumuo,0
so2ywkynjc,fmgb,6,3,fbs,fbd,nyumuo,nyumuo,0
so2ywkynjc,fmgb,6,3,fzs,fzd,nyumuo,nyumuo,0
so2ywkynjc,fmgb,7,4,mbs,mbd,morïky,bokokohï,1
so2ywkynjc,fmgb,7,4,mzs,mzd,morïky,bokokohï,1
so2ywkynjc,fmgb,7,4,fbs,fbd,morïky,bokokohï,1
so2ywkynjc,fmgb,7,4,fzs,fzd,morïky,bokokohï,1
so2ywkynjc,fmgb,5,5,mbs,mbd,ktot,ktot,0
so2ywkynjc,fmgb,5,5,mzs,mzd,ktot,ktot,0
so2ywkynjc,fmgb,5,5,fbs,fbd,ktot,ktot,0
so2ywkynjc,fmgb,5,5,fzs,fzd,ktåvrhus,ktåvrhus,0
so2ywkynjc,fmgb,1,6,mbs,mbd,uquçun,uquçun,0
so2ywkynjc,fmgb,1,6,mzs,mzd,aweh,aweh,0
so2ywkynjc,fmgb,1,6,fbs,fbd,aweh,aweh,0
so2ywkynjc,fmgb,1,6,fzs,fzd,aweh,aweh,0
so2ywkynjc,fmgb,2,7,mbs,mbd,popingi,popingi,0
so2ywkynjc,fmgb,2,7,mzs,mzd,kawuka,kawuka,0
so2ywkynjc,fmgb,2,7,fbs,fbd,popingi,popingi,0
so2ywkynjc,fmgb,2,7,fzs,fzd,popingi,popingi,0
kbnum3y523,fmgb,6,0,mbs,mbd,pygele,pygele,0
kbnum3y523,fmgb,6,0,mzs,mzd,pygele,pygele,0
kbnum3y523,fmgb,6,0,fbs,fbd,pygele,pygele,0
kbnum3y523,fmgb,6,0,fzs,fzd,pygele,pygele,0
kbnum3y523,fmgb,6,0,b,z,wupu,wupu,0
kbnum3y523,fmgb,2,1,mbs,mbd,agivud,agivud,0
kbnum3y523,fmgb,2,1,mzs,mzd,agivud,agivud,0
kbnum3y523,fmgb,2,1,fbs,fbd,awupav,awupav,0
kbnum3y523,fmgb,2,1,fzs,fzd,awupav,awupav,0
kbnum3y523,fmgb,1,2,mbs,mbd,ktot,ktot,0
kbnum3y523,fmgb,1,2,mzs,mzd,ktot,ktot,0
kbnum3y523,fmgb,1,2,fbs,fbd,tsåvvses,tsåvvses,0
kbnum3y523,fmgb,1,2,fzs,fzd,tsåvvses,tsåvvses,0
kbnum3y523,fmgb,7,3,mbs,mbd,męwaqïfe,kïmy,1
kbnum3y523,fmgb,7,3,mzs,mzd,męwaqïfe,kïmy,1
kbnum3y523,fmgb,7,3,fbs,fbd,męwaqïfe,kïmy,1
kbnum3y523,fmgb,7,3,fzs,fzd,męwaqïfe,kïmy,1
kbnum3y523,fmgb,8,4,mbs,mbd,canšuehu,canšuehu,0
kbnum3y523,fmgb,8,4,mzs,mzd,canšuehu,canšuehu,0
kbnum3y523,fmgb,8,4,fbs,fbd,šïïnö,šïïnö,0
kbnum3y523,fmgb,8,4,fzs,fzd,canšuehu,canšuehu,0
kbnum3y523,fmgb,4,5,mbs,mbd,baumiă,baumiă,0
kbnum3y523,fmgb,4,5,mzs,mzd,baumiă,baumiă,0
kbnum3y523,fmgb,4,5,fbs,fbd,baumiă,baumiă,0
kbnum3y523,fmgb,4,5,fzs,fzd,gêă,gêă,0
kbnum3y523,fmgb,5,6,mbs,mbd,vruži,vruži,0
kbnum3y523,fmgb,5,6,mzs,mzd,vbāžo,vbāžo,0
kbnum3y523,fmgb,5,6,fbs,fbd,vbāžo,vbāžo,0
kbnum3y523,fmgb,5,6,fzs,fzd,vbāžo,vbāžo,0
kbnum3y523,fmgb,3,7,mbs,mbd,uquçun,orinoçim,1
kbnum3y523,fmgb,3,7,mzs,mzd,orinoçim,orinoçim,0
kbnum3y523,fmgb,3,7,fbs,fbd,uquçun,uquçun,0
kbnum3y523,fmgb,3,7,fzs,fzd,uquçun,uquçun,0
fmxtqnjbuc,mfgb,7,0,mbs,mbd,orinoçim,orinoçim,0
fmxtqnjbuc,mfgb,7,0,mzs,mzd,orinoçim,orinoçim,0
fmxtqnjbuc,mfgb,7,0,fbs,fbd,orinoçim,orinoçim,0
fmxtqnjbuc,mfgb,7,0,fzs,fzd,orinoçim,orinoçim,0
fmxtqnjbuc,mfgb,7,0,b,z,içiqusem,içiqusem,0
fmxtqnjbuc,mfgb,3,1,mbs,mbd,hïlaki,bybï,1
fmxtqnjbuc,mfgb,3,1,mzs,mzd,hïlaki,bybï,1
fmxtqnjbuc,mfgb,3,1,fbs,fbd,bokokohï,bybï,1
fmxtqnjbuc,mfgb,3,1,fzs,fzd,bokokohï,bybï,1
fmxtqnjbuc,mfgb,5,2,mbs,mbd,etupol,etupol,0
fmxtqnjbuc,mfgb,5,2,mzs,mzd,etupol,etupol,0
fmxtqnjbuc,mfgb,5,2,fbs,fbd,ozatof,ozatof,0
fmxtqnjbuc,mfgb,5,2,fzs,fzd,ozatof,ozatof,0
fmxtqnjbuc,mfgb,4,3,mbs,mbd,vruži,ngcāžo,1
fmxtqnjbuc,mfgb,4,3,mzs,mzd,ngcāžo,vruži,1
fmxtqnjbuc,mfgb,4,3,fbs,fbd,ngcāžo,ngcāžo,0
fmxtqnjbuc,mfgb,4,3,fzs,fzd,vruži,vruži,0
fmxtqnjbuc,mfgb,8,4,mbs,mbd,tsåvvses,smêvskêv,1
fmxtqnjbuc,mfgb,8,4,mzs,mzd,tsåvvses,smêvskêv,1
fmxtqnjbuc,mfgb,8,4,fbs,fbd,tsåvvses,smêvskêv,1
fmxtqnjbuc,mfgb,8,4,fzs,fzd,smêvskêv,tsåvvses,1
fmxtqnjbuc,mfgb,6,5,mbs,mbd,beiguumu,cöahido,1
fmxtqnjbuc,mfgb,6,5,mzs,mzd,beiguumu,cöahido,1
fmxtqnjbuc,mfgb,6,5,fbs,fbd,beiguumu,cöahido,1
fmxtqnjbuc,mfgb,6,5,fzs,fzd,beiguumu,cöahido,1
fmxtqnjbuc,mfgb,1,6,mbs,mbd,powisunge,powisunge,0
fmxtqnjbuc,mfgb,1,6,mzs,mzd,powisunge,powisunge,0
fmxtqnjbuc,mfgb,1,6,fbs,fbd,lepego,lepego,0
fmxtqnjbuc,mfgb,1,6,fzs,fzd,lepego,lepego,0
fmxtqnjbuc,mfgb,2,7,mbs,mbd,huanăa,huanăa,0
fmxtqnjbuc,mfgb,2,7,mzs,mzd,gêă,gêă,0
fmxtqnjbuc,mfgb,2,7,fbs,fbd,huanăa,huanăa,0
fmxtqnjbuc,mfgb,2,7,fzs,fzd,huanăa,huanăa,0
3fs5m6cp2b,mfbg,6,0,mbs,mbd,ngcāžo,rbāranžā,1
3fs5m6cp2b,mfbg,6,0,mzs,mzd,ngcāžo,rbāranžā,1
3fs5m6cp2b,mfbg,6,0,fbs,fbd,ngcāžo,rbāranžā,1
3fs5m6cp2b,mfbg,6,0,fzs,fzd,ngcāžo,rbāranžā,1
3fs5m6cp2b,mfbg,6,0,b,z,žbodu,pžicā,1
3fs5m6cp2b,mfbg,7,1,mbs,mbd,goozăi,goozăi,0
3fs5m6cp2b,mfbg,7,1,mzs,mzd,goozăi,goozăi,0
3fs5m6cp2b,mfbg,7,1,fbs,fbd,huanăa,huanăa,0
3fs5m6cp2b,mfbg,7,1,fzs,fzd,huanăa,huanăa,0
3fs5m6cp2b,mfbg,2,2,mbs,mbd,smêvskêv,smêvskêv,0
3fs5m6cp2b,mfbg,2,2,mzs,mzd,smêvskêv,smêvskêv,0
3fs5m6cp2b,mfbg,2,2,fbs,fbd,svik,svik,0
3fs5m6cp2b,mfbg,2,2,fzs,fzd,svik,svik,0
3fs5m6cp2b,mfbg,3,3,mbs,mbd,içiqusem,aweh,1
3fs5m6cp2b,mfbg,3,3,mzs,mzd,içiqusem,aweh,1
3fs5m6cp2b,mfbg,3,3,fbs,fbd,içiqusem,aweh,1
3fs5m6cp2b,mfbg,3,3,fzs,fzd,içiqusem,aweh,1
3fs5m6cp2b,mfbg,4,4,mbs,mbd,męwaqïfe,męwaqïfe,0
3fs5m6cp2b,mfbg,4,4,mzs,mzd,męwaqïfe,męwaqïfe,0
3fs5m6cp2b,mfbg,4,4,fbs,fbd,kïmy,kïmy,0
3fs5m6cp2b,mfbg,4,4,fzs,fzd,męwaqïfe,męwaqïfe,0
3fs5m6cp2b,mfbg,1,5,mbs,mbd,awupav,awupav,0
3fs5m6cp2b,mfbg,1,5,mzs,mzd,awupav,awupav,0
3fs5m6cp2b,mfbg,1,5,fbs,fbd,awupav,awupav,0
3fs5m6cp2b,mfbg,1,5,fzs,fzd,ilug,ilug,0
3fs5m6cp2b,mfbg,8,6,mbs,mbd,pygele,ngapapu,1
3fs5m6cp2b,mfbg,8,6,mzs,mzd,luge,goviku,1
3fs5m6cp2b,mfbg,8,6,fbs,fbd,luge,goviku,1
3fs5m6cp2b,mfbg,8,6,fzs,fzd,luge,goviku,1
3fs5m6cp2b,mfbg,5,7,mbs,mbd,canšuehu,canšuehu,0
3fs5m6cp2b,mfbg,5,7,mzs,mzd,yaöpe,yaöpe,0
3fs5m6cp2b,mfbg,5,7,fbs,fbd,canšuehu,canšuehu,0
3fs5m6cp2b,mfbg,5,7,fzs,fzd,canšuehu,canšuehu,0
sspwqxgdcc,mfgb,4,0,mbs,mbd,idanuluf,idanuluf,0
sspwqxgdcc,mfgb,4,0,mzs,mzd,idanuluf,idanuluf,0
sspwqxgdcc,mfgb,4,0,fbs,fbd,idanuluf,idanuluf,0
sspwqxgdcc,mfgb,4,0,fzs,fzd,idanuluf,idanuluf,0
sspwqxgdcc,mfgb,4,0,b,z,ozatof,ozatof,0
sspwqxgdcc,mfgb,8,1,mbs,mbd,ngcāžo,ngcāžo,0
sspwqxgdcc,mfgb,8,1,mzs,mzd,ngcāžo,ngcāžo,0
sspwqxgdcc,mfgb,8,1,fbs,fbd,pžicā,pžicā,0
sspwqxgdcc,mfgb,8,1,fzs,fzd,pžicā,pžicā,0
sspwqxgdcc,mfgb,2,2,mbs,mbd,morïky,morïky,0
sspwqxgdcc,mfgb,2,2,mzs,mzd,męwaqïfe,męwaqïfe,0
sspwqxgdcc,mfgb,2,2,fbs,fbd,morïky,morïky,0
sspwqxgdcc,mfgb,2,2,fzs,fzd,męwaqïfe,męwaqïfe,0
sspwqxgdcc,mfgb,3,3,mbs,mbd,lawolu,lawolu,0
sspwqxgdcc,mfgb,3,3,mzs,mzd,goviku,goviku,0
sspwqxgdcc,mfgb,3,3,fbs,fbd,goviku,goviku,0
sspwqxgdcc,mfgb,3,3,fzs,fzd,lawolu,lawolu,0
sspwqxgdcc,mfgb,1,4,mbs,mbd,orinoçim,orinoçim,0
sspwqxgdcc,mfgb,1,4,mzs,mzd,orinoçim,orinoçim,0
sspwqxgdcc,mfgb,1,4,fbs,fbd,emøyeç,emøyeç,0
sspwqxgdcc,mfgb,1,4,fzs,fzd,orinoçim,orinoçim,0
sspwqxgdcc,mfgb,6,5,mbs,mbd,vrêd,vrêd,0
sspwqxgdcc,mfgb,6,5,mzs,mzd,vrêd,vrêd,0
sspwqxgdcc,mfgb,6,5,fbs,fbd,vrêd,vrêd,0
sspwqxgdcc,mfgb,6,5,fzs,fzd,tsåvvses,tsåvvses,0
sspwqxgdcc,mfgb,5,6,mbs,mbd,nyumuo,nyumuo,0
sspwqxgdcc,mfgb,5,6,mzs,mzd,baumiă,baumiă,0
sspwqxgdcc,mfgb,5,6,fbs,fbd,baumiă,baumiă,0
sspwqxgdcc,mfgb,5,6,fzs,fzd,baumiă,baumiă,0
sspwqxgdcc,mfgb,7,7,mbs,mbd,möïtu,möïtu,0
sspwqxgdcc,mfgb,7,7,mzs,mzd,nuubö,nuubö,0
sspwqxgdcc,mfgb,7,7,fbs,fbd,möïtu,möïtu,0
sspwqxgdcc,mfgb,7,7,fzs,fzd,möïtu,möïtu,0
m9q6e0oj7a,fmbg,5,0,mbs,mbd,ngcāžo,vruži,1
m9q6e0oj7a,fmbg,5,0,mzs,mzd,ngcāžo,vruži,1
m9q6e0oj7a,fmbg,5,0,fbs,fbd,ngcāžo,vruži,1
m9q6e0oj7a,fmbg,5,0,fzs,fzd,ngcāžo,vruži,1
m9q6e0oj7a,fmbg,5,0,b,z,ngcāžo,vruži,1
m9q6e0oj7a,fmbg,1,1,mbs,mbd,šaaqaude,yaöpe,1
m9q6e0oj7a,fmbg,1,1,mzs,mzd,šaaqaude,yaöpe,1
m9q6e0oj7a,fmbg,1,1,fbs,fbd,šaaqaude,yaöpe,1
m9q6e0oj7a,fmbg,1,1,fzs,fzd,šaaqaude,yaöpe,1
m9q6e0oj7a,fmbg,8,2,mbs,mbd,nyumuo,gêă,1
m9q6e0oj7a,fmbg,8,2,mzs,mzd,nyumuo,gêă,1
m9q6e0oj7a,fmbg,8,2,fbs,fbd,niuhiê,qăo,1
m9q6e0oj7a,fmbg,8,2,fzs,fzd,niuhiê,qăo,1
m9q6e0oj7a,fmbg,4,3,mbs,mbd,kïmy,qïru,1
m9q6e0oj7a,fmbg,4,3,mzs,mzd,męwaqïfe,morïky,1
m9q6e0oj7a,fmbg,4,3,fbs,fbd,kïmy,qïru,1
m9q6e0oj7a,fmbg,4,3,fzs,fzd,męwaqïfe,morïky,1
m9q6e0oj7a,fmbg,2,4,mbs,mbd,øqoç,emøyeç,1
m9q6e0oj7a,fmbg,2,4,mzs,mzd,uquçun,içiqusem,1
m9q6e0oj7a,fmbg,2,4,fbs,fbd,øqoç,emøyeç,1
m9q6e0oj7a,fmbg,2,4,fzs,fzd,uquçun,içiqusem,1
m9q6e0oj7a,fmbg,3,5,mbs,mbd,egezalat,ozatof,1
m9q6e0oj7a,fmbg,3,5,mzs,mzd,agivud,ozatof,1
m9q6e0oj7a,fmbg,3,5,fbs,fbd,egezalat,ozatof,1
m9q6e0oj7a,fmbg,3,5,fzs,fzd,agivud,otev,1
m9q6e0oj7a,fmbg,6,6,mbs,mbd,tsåvvses,ktåvrhus,1
m9q6e0oj7a,fmbg,6,6,mzs,mzd,tsåvvses,ktåvrhus,1
m9q6e0oj7a,fmbg,6,6,fbs,fbd,sfêvdok,rhåv,1
m9q6e0oj7a,fmbg,6,6,fzs,fzd,sfêvdok,rhåv,1
m9q6e0oj7a,fmbg,7,7,mbs,mbd,lepego,pygele,1
m9q6e0oj7a,fmbg,7,7,mzs,mzd,lepego,pygele,1
m9q6e0oj7a,fmbg,7,7,fbs,fbd,goviku,wupu,1
m9q6e0oj7a,fmbg,7,7,fzs,fzd,goviku,wupu,1
eeyykmwnln,fmbg,7,0,mbs,mbd,vrêd,vrêd,0
eeyykmwnln,fmbg,7,0,mzs,mzd,vrêd,vrêd,0
eeyykmwnln,fmbg,7,0,fbs,fbd,vrêd,vrêd,0
eeyykmwnln,fmbg,7,0,fzs,fzd,vrêd,vrêd,0
eeyykmwnln,fmbg,7,0,b,z,ktåvrhus,ktåvrhus,0
eeyykmwnln,fmbg,6,1,mbs,mbd,šaaqaude,šaaqaude,0
eeyykmwnln,fmbg,6,1,mzs,mzd,šaaqaude,šaaqaude,0
eeyykmwnln,fmbg,6,1,fbs,fbd,töeqo,töeqo,0
eeyykmwnln,fmbg,6,1,fzs,fzd,töeqo,töeqo,0
eeyykmwnln,fmbg,8,2,mbs,mbd,niuhiê,niuhiê,0
eeyykmwnln,fmbg,8,2,mzs,mzd,taobyo,taobyo,0
eeyykmwnln,fmbg,8,2,fbs,fbd,niuhiê,niuhiê,0
eeyykmwnln,fmbg,8,2,fzs,fzd,taobyo,taobyo,0
eeyykmwnln,fmbg,5,3,mbs,mbd,idanuluf,idanuluf,0
eeyykmwnln,fmbg,5,3,mzs,mzd,awupav,awupav,0
eeyykmwnln,fmbg,5,3,fbs,fbd,awupav,awupav,0
eeyykmwnln,fmbg,5,3,fzs,fzd,idanuluf,idanuluf,0
eeyykmwnln,fmbg,4,4,mbs,mbd,rbāranžā,rbāranžā,0
eeyykmwnln,fmbg,4,4,mzs,mzd,rbāranžā,rbāranžā,0
eeyykmwnln,fmbg,4,4,fbs,fbd,cžunge,cžunge,0
eeyykmwnln,fmbg,4,4,fzs,fzd,rbāranžā,rbāranžā,0
eeyykmwnln,fmbg,1,5,mbs,mbd,aweh,aweh,0
eeyykmwnln,fmbg,1,5,mzs,mzd,aweh,aweh,0
eeyykmwnln,fmbg,1,5,fbs,fbd,aweh,aweh,0
eeyykmwnln,fmbg,1,5,fzs,fzd,içiqusem,içiqusem,0
eeyykmwnln,fmbg,2,6,mbs,mbd,goviku,goviku,0
eeyykmwnln,fmbg,2,6,mzs,mzd,lawolu,lawolu,0
eeyykmwnln,fmbg,2,6,fbs,fbd,lawolu,lawolu,0
eeyykmwnln,fmbg,2,6,fzs,fzd,lawolu,lawolu,0
eeyykmwnln,fmbg,3,7,mbs,mbd,męwaqïfe,męwaqïfe,0
eeyykmwnln,fmbg,3,7,mzs,mzd,qïru,qïru,0
eeyykmwnln,fmbg,3,7,fbs,fbd,męwaqïfe,męwaqïfe,0
eeyykmwnln,fmbg,3,7,fzs,fzd,męwaqïfe,męwaqïfe,0
yfc8915946,mfgb,1,0,mbs,mbd,hïlaki,bokokohï,1
yfc8915946,mfgb,1,0,mzs,mzd,qïru,hïlaki,1
yfc8915946,mfgb,1,0,fbs,fbd,hïlaki,bokokohï,1
yfc8915946,mfgb,1,0,fzs,fzd,męwaqïfe,hïlaki,1
yfc8915946,mfgb,1,0,b,z,męwaqïfe,bokokohï,1
yfc8915946,mfgb,8,1,mbs,mbd,vbāžo,vruži,1
yfc8915946,mfgb,8,1,mzs,mzd,žbodu,ngcāžo,1
yfc8915946,mfgb,8,1,fbs,fbd,žbodu,ngcāžo,1
yfc8915946,mfgb,8,1,fzs,fzd,žbodu,vruži,1
yfc8915946,mfgb,7,2,mbs,mbd,sfêvdok,rhymsvåd,1
yfc8915946,mfgb,7,2,mzs,mzd,tsåvvses,rhymsvåd,1
yfc8915946,mfgb,7,2,fbs,fbd,sfêvdok,smêvskêv,1
yfc8915946,mfgb,7,2,fzs,fzd,tsåvvses,rhymsvåd,1
yfc8915946,mfgb,2,3,mbs,mbd,tuumïhu,tuumïhu,0
yfc8915946,mfgb,2,3,mzs,mzd,šïïnö,tuumïhu,1
yfc8915946,mfgb,2,3,fbs,fbd,šïïnö,nuubö,1
yfc8915946,mfgb,2,3,fzs,fzd,šïïnö,tuumïhu,1
yfc8915946,mfgb,4,4,mbs,mbd,awupav,agivud,1
yfc8915946,mfgb,4,4,mzs,mzd,otev,ozatof,1
yfc8915946,mfgb,4,4,fbs,fbd,awupav,awupav,0
yfc8915946,mfgb,4,4,fzs,fzd,ozatof,otev,1
yfc8915946,mfgb,6,5,mbs,mbd,hyonăo,goozăi,1
yfc8915946,mfgb,6,5,mzs,mzd,hyonăo,qăo,1
yfc8915946,mfgb,6,5,fbs,fbd,hyonăo,qăo,1
yfc8915946,mfgb,6,5,fzs,fzd,huanăa,goozăi,1
yfc8915946,mfgb,5,6,mbs,mbd,popingi,lepego,1
yfc8915946,mfgb,5,6,mzs,mzd,popingi,goviku,1
yfc8915946,mfgb,5,6,fbs,fbd,popingi,goviku,1
yfc8915946,mfgb,5,6,fzs,fzd,kawuka,goviku,1
yfc8915946,mfgb,3,7,mbs,mbd,aqinudød,orinoçim,1
yfc8915946,mfgb,3,7,mzs,mzd,aqinudød,orinoçim,1
yfc8915946,mfgb,3,7,fbs,fbd,aqinudød,orinoçim,1
yfc8915946,mfgb,3,7,fzs,fzd,aqinudød,orinoçim,1
l8kadkxbkr,mfbg,2,1,mbs,mbd,yaöpe,töeqo,1
l8kadkxbkr,mfbg,2,1,mzs,mzd,möïtu,nuubö,1
l8kadkxbkr,mfbg,2,1,fbs,fbd,yaöpe,töeqo,1
l8kadkxbkr,mfbg,2,1,fzs,fzd,möïtu,nuubö,1
l8kadkxbkr,mfbg,1,2,mbs,mbd,ilug,agivud,1
l8kadkxbkr,mfbg,1,2,mzs,mzd,ulywaf,egezalat,1
l8kadkxbkr,mfbg,1,2,fbs,fbd,ilug,agivud,1
l8kadkxbkr,mfbg,1,2,fzs,fzd,ulywaf,egezalat,1
l8kadkxbkr,mfbg,7,3,mbs,mbd,taobyo,gêă,1
l8kadkxbkr,mfbg,7,3,mzs,mzd,nyumuo,baumiă,1
l8kadkxbkr,mfbg,7,3,fbs,fbd,taobyo,gêă,1
l8kadkxbkr,mfbg,7,3,fzs,fzd,nyumuo,baumiă,1
l8kadkxbkr,mfbg,5,4,mbs,mbd,aweh,emøyeç,1
l8kadkxbkr,mfbg,5,4,mzs,mzd,orinoçim,ømenad,1
l8kadkxbkr,mfbg,5,4,fbs,fbd,aweh,emøyeç,1
l8kadkxbkr,mfbg,5,4,fzs,fzd,orinoçim,ømenad,1
l8kadkxbkr,mfbg,8,5,mbs,mbd,morïky,męwaqïfe,1
l8kadkxbkr,mfbg,8,5,mzs,mzd,morïky,męwaqïfe,1
l8kadkxbkr,mfbg,8,5,fbs,fbd,lobowaby,ryvïri,1
l8kadkxbkr,mfbg,8,5,fzs,fzd,lobowaby,ryvïri,1
l8kadkxbkr,mfbg,6,6,mbs,mbd,vropcāre,nžodo,1
l8kadkxbkr,mfbg,6,6,mzs,mzd,vbāžo,ngcāžo,1
l8kadkxbkr,mfbg,6,6,fbs,fbd,vropcāre,nžodo,1
l8kadkxbkr,mfbg,6,6,fzs,fzd,vbāžo,ngcāžo,1
l8kadkxbkr,mfbg,4,7,mbs,mbd,smêvskêv,rhåv,1
l8kadkxbkr,mfbg,4,7,mzs,mzd,ktot,rhymsvåd,1
l8kadkxbkr,mfbg,4,7,fbs,fbd,smêvskêv,rhåv,1
l8kadkxbkr,mfbg,4,7,fzs,fzd,ktot,rhåv,1
9r62k0regr,mfgb,2,0,mbs,mbd,lepego,popingi,1
9r62k0regr,mfgb,2,0,mzs,mzd,ngapapu,popingi,1
9r62k0regr,mfgb,2,0,fbs,fbd,lepego,popingi,1
9r62k0regr,mfgb,2,0,fzs,fzd,ngapapu,popingi,1
9r62k0regr,mfgb,2,0,b,z,kawuka,kawuka,0
9r62k0regr,mfgb,3,1,mbs,mbd,vrêd,rhymsvåd,1
9r62k0regr,mfgb,3,1,mzs,mzd,rhåv,rhymsvåd,1
9r62k0regr,mfgb,3,1,fbs,fbd,rhåv,rhymsvåd,1
9r62k0regr,mfgb,3,1,fzs,fzd,sfêvdok,rhymsvåd,1
9r62k0regr,mfgb,8,2,mbs,mbd,hïlaki,bokokohï,1
9r62k0regr,mfgb,8,2,mzs,mzd,morïky,męwaqïfe,1
9r62k0regr,mfgb,8,2,fbs,fbd,hïlaki,bokokohï,1
9r62k0regr,mfgb,8,2,fzs,fzd,morïky,męwaqïfe,1
9r62k0regr,mfgb,6,3,mbs,mbd,ulywaf,ilug,1
9r62k0regr,mfgb,6,3,mzs,mzd,azuf,ulywaf,1
9r62k0regr,mfgb,6,3,fbs,fbd,ulywaf,agivud,1
9r62k0regr,mfgb,6,3,fzs,fzd,azuf,ulywaf,1
9r62k0regr,mfgb,1,4,mbs,mbd,içiqusem,içiqusem,0
9r62k0regr,mfgb,1,4,mzs,mzd,ømenad,ømenad,0
9r62k0regr,mfgb,1,4,fbs,fbd,ømenad,ømenad,0
9r62k0regr,mfgb,1,4,fzs,fzd,içiqusem,içiqusem,0
9r62k0regr,mfgb,7,5,mbs,mbd,pžicā,pžicā,0
9r62k0regr,mfgb,7,5,mzs,mzd,ngcāžo,vbāžo,1
9r62k0regr,mfgb,7,5,fbs,fbd,pžicā,pžicā,0
9r62k0regr,mfgb,7,5,fzs,fzd,ngcāžo,vbāžo,1
9r62k0regr,mfgb,4,6,mbs,mbd,canšuehu,canšuehu,0
9r62k0regr,mfgb,4,6,mzs,mzd,šaaqaude,canšuehu,1
9r62k0regr,mfgb,4,6,fbs,fbd,canšuehu,beiguumu,1
9r62k0regr,mfgb,4,6,fzs,fzd,šaaqaude,canšuehu,1
9r62k0regr,mfgb,5,7,mbs,mbd,qăo,nyumuo,1
9r62k0regr,mfgb,5,7,mzs,mzd,hyonăo,qăo,1
9r62k0regr,mfgb,5,7,fbs,fbd,hyonăo,nyumuo,1
9r62k0regr,mfgb,5,7,fzs,fzd,qăo,niuhiê,1
0q8bzdvgxy,mfgb,6,0,mbs,mbd,šaaqaude,yaöpe,1
0q8bzdvgxy,mfgb,6,0,mzs,mzd,šaaqaude,yaöpe,1
0q8bzdvgxy,mfgb,6,0,fbs,fbd,šaaqaude,yaöpe,1
0q8bzdvgxy,mfgb,6,0,fzs,fzd,šaaqaude,yaöpe,1
0q8bzdvgxy,mfgb,6,0,b,z,möïtu,möïtu,0
0q8bzdvgxy,mfgb,7,1,mbs,mbd,vbāžo,rbāranžā,1
0q8bzdvgxy,mfgb,7,1,mzs,mzd,vbāžo,rbāranžā,1
0q8bzdvgxy,mfgb,7,1,fbs,fbd,byure,cžunge,1
0q8bzdvgxy,mfgb,7,1,fzs,fzd,byure,cžunge,1
0q8bzdvgxy,mfgb,2,2,mbs,mbd,baumiă,nyumuo,1
0q8bzdvgxy,mfgb,2,2,mzs,mzd,baumiă,nyumuo,1
0q8bzdvgxy,mfgb,2,2,fbs,fbd,baumiă,gêă,1
0q8bzdvgxy,mfgb,2,2,fzs,fzd,baumiă,nyumuo,1
0q8bzdvgxy,mfgb,5,3,mbs,mbd,morïky,hïlaki,1
0q8bzdvgxy,mfgb,5,3,mzs,mzd,ryvïri,zuvewu,1
0q8bzdvgxy,mfgb,5,3,fbs,fbd,ryvïri,zuvewu,1
0q8bzdvgxy,mfgb,5,3,fzs,fzd,morïky,hïlaki,1
0q8bzdvgxy,mfgb,3,4,mbs,mbd,içiqusem,içiqusem,0
0q8bzdvgxy,mfgb,3,4,mzs,mzd,içiqusem,içiqusem,0
0q8bzdvgxy,mfgb,3,4,fbs,fbd,emøyeç,emøyeç,0
0q8bzdvgxy,mfgb,3,4,fzs,fzd,içiqusem,içiqusem,0
0q8bzdvgxy,mfgb,4,5,mbs,mbd,awupav,etupol,1
0q8bzdvgxy,mfgb,4,5,mzs,mzd,awupav,etupol,1
0q8bzdvgxy,mfgb,4,5,fbs,fbd,awupav,etupol,1
0q8bzdvgxy,mfgb,4,5,fzs,fzd,ozatof,egezalat,1
0q8bzdvgxy,mfgb,8,6,mbs,mbd,kvurddåh,ktåvrhus,1
0q8bzdvgxy,mfgb,8,6,mzs,mzd,kvurddåh,ktåvrhus,1
0q8bzdvgxy,mfgb,8,6,fbs,fbd,kvurddåh,ktåvrhus,1
0q8bzdvgxy,mfgb,8,6,fzs,fzd,kvurddåh,ktåvrhus,1
0q8bzdvgxy,mfgb,1,7,mbs,mbd,ngapapu,wupu,1
0q8bzdvgxy,mfgb,1,7,mzs,mzd,ngapapu,wupu,1
0q8bzdvgxy,mfgb,1,7,fbs,fbd,ngapapu,ngapapu,0
0q8bzdvgxy,mfgb,1,7,fzs,fzd,wupu,ngapapu,1
wa2j69ws6s,fmbg,5,0,mbs,mbd,adeçim,adeçim,0
wa2j69ws6s,fmbg,5,0,mzs,mzd,adeçim,adeçim,0
wa2j69ws6s,fmbg,5,0,fbs,fbd,adeçim,adeçim,0
wa2j69ws6s,fmbg,5,0,fzs,fzd,adeçim,adeçim,0
wa2j69ws6s,fmbg,5,0,b,z,emøyeç,emøyeç,0
wa2j69ws6s,fmbg,2,1,mbs,mbd,morïky,morïky,0
wa2j69ws6s,fmbg,2,1,mzs,mzd,morïky,morïky,0
wa2j69ws6s,fmbg,2,1,fbs,fbd,bybï,bybï,0
wa2j69ws6s,fmbg,2,1,fzs,fzd,bybï,bybï,0
wa2j69ws6s,fmbg,7,2,mbs,mbd,sfêvdok,sfêvdok,0
wa2j69ws6s,fmbg,7,2,mzs,mzd,kvurddåh,kvurddåh,0
wa2j69ws6s,fmbg,7,2,fbs,fbd,sfêvdok,sfêvdok,0
wa2j69ws6s,fmbg,7,2,fzs,fzd,kvurddåh,kvurddåh,0
wa2j69ws6s,fmbg,4,3,mbs,mbd,gêă,gêă,0
wa2j69ws6s,fmbg,4,3,mzs,mzd,taobyo,taobyo,0
wa2j69ws6s,fmbg,4,3,fbs,fbd,gêă,gêă,0
wa2j69ws6s,fmbg,4,3,fzs,fzd,taobyo,taobyo,0
wa2j69ws6s,fmbg,3,4,mbs,mbd,šïïnö,šïïnö,0
wa2j69ws6s,fmbg,3,4,mzs,mzd,šïïnö,šïïnö,0
wa2j69ws6s,fmbg,3,4,fbs,fbd,tuumïhu,tuumïhu,0
wa2j69ws6s,fmbg,3,4,fzs,fzd,šïïnö,šïïnö,0
wa2j69ws6s,fmbg,8,5,mbs,mbd,žbodu,žbodu,0
wa2j69ws6s,fmbg,8,5,mzs,mzd,žbodu,žbodu,0
wa2j69ws6s,fmbg,8,5,fbs,fbd,žbodu,žbodu,0
wa2j69ws6s,fmbg,8,5,fzs,fzd,pžicā,pžicā,0
wa2j69ws6s,fmbg,6,6,mbs,mbd,awupav,awupav,0
wa2j69ws6s,fmbg,6,6,mzs,mzd,egezalat,egezalat,0
wa2j69ws6s,fmbg,6,6,fbs,fbd,egezalat,egezalat,0
wa2j69ws6s,fmbg,6,6,fzs,fzd,egezalat,egezalat,0
wa2j69ws6s,fmbg,1,7,mbs,mbd,luge,lepego,1
wa2j69ws6s,fmbg,1,7,mzs,mzd,luge,lepego,1
wa2j69ws6s,fmbg,1,7,fbs,fbd,luge,luge,0
wa2j69ws6s,fmbg,1,7,fzs,fzd,luge,lepego,1
rxzy9xwpkp,fmbg,7,0,mbs,mbd,baumiă,baumiă,0
rxzy9xwpkp,fmbg,7,0,mzs,mzd,baumiă,baumiă,0
rxzy9xwpkp,fmbg,7,0,fbs,fbd,baumiă,baumiă,0
rxzy9xwpkp,fmbg,7,0,fzs,fzd,baumiă,baumiă,0
rxzy9xwpkp,fmbg,7,0,b,z,nyumuo,baumiă,1
rxzy9xwpkp,fmbg,4,1,mbs,mbd,orinoçim,orinoçim,0
rxzy9xwpkp,fmbg,4,1,mzs,mzd,orinoçim,orinoçim,0
rxzy9xwpkp,fmbg,4,1,fbs,fbd,uquçun,uquçun,0
rxzy9xwpkp,fmbg,4,1,fzs,fzd,uquçun,uquçun,0
rxzy9xwpkp,fmbg,3,2,mbs,mbd,morïky,hïlaki,1
rxzy9xwpkp,fmbg,3,2,mzs,mzd,morïky,hïlaki,1
rxzy9xwpkp,fmbg,3,2,fbs,fbd,morïky,kïmy,1
rxzy9xwpkp,fmbg,3,2,fzs,fzd,hïlaki,kïmy,1
rxzy9xwpkp,fmbg,8,3,mbs,mbd,etupol,agivud,1
rxzy9xwpkp,fmbg,8,3,mzs,mzd,etupol,agivud,1
rxzy9xwpkp,fmbg,8,3,fbs,fbd,idanuluf,egezalat,1
rxzy9xwpkp,fmbg,8,3,fzs,fzd,idanuluf,egezalat,1
rxzy9xwpkp,fmbg,1,4,mbs,mbd,rhymsvåd,rhymsvåd,0
rxzy9xwpkp,fmbg,1,4,mzs,mzd,rhymsvåd,rhymsvåd,0
rxzy9xwpkp,fmbg,1,4,fbs,fbd,smêvskêv,smêvskêv,0
rxzy9xwpkp,fmbg,1,4,fzs,fzd,rhymsvåd,rhymsvåd,0
rxzy9xwpkp,fmbg,5,5,mbs,mbd,pžicā,vropcāre,1
rxzy9xwpkp,fmbg,5,5,mzs,mzd,vropcāre,vropcāre,0
rxzy9xwpkp,fmbg,5,5,fbs,fbd,pžicā,vropcāre,1
rxzy9xwpkp,fmbg,5,5,fzs,fzd,pžicā,pžicā,0
rxzy9xwpkp,fmbg,2,6,mbs,mbd,luge,luge,0
rxzy9xwpkp,fmbg,2,6,mzs,mzd,luge,wupu,1
rxzy9xwpkp,fmbg,2,6,fbs,fbd,goviku,goviku,0
rxzy9xwpkp,fmbg,2,6,fzs,fzd,goviku,goviku,0
rxzy9xwpkp,fmbg,6,7,mbs,mbd,cöahido,töeqo,1
rxzy9xwpkp,fmbg,6,7,mzs,mzd,tuumïhu,töeqo,1
rxzy9xwpkp,fmbg,6,7,fbs,fbd,cöahido,töeqo,1
rxzy9xwpkp,fmbg,6,7,fzs,fzd,cöahido,töeqo,1
9drp8p96ut,mfbg,7,0,mbs,mbd,bybï,bybï,0
9drp8p96ut,mfbg,7,0,mzs,mzd,bybï,bybï,0
9drp8p96ut,mfbg,7,0,fbs,fbd,bybï,bybï,0
9drp8p96ut,mfbg,7,0,fzs,fzd,bybï,bybï,0
9drp8p96ut,mfbg,7,0,b,z,bybï,bokokohï,1
9drp8p96ut,mfbg,3,1,mbs,mbd,hyonăo,hyonăo,0
9drp8p96ut,mfbg,3,1,mzs,mzd,hyonăo,hyonăo,0
9drp8p96ut,mfbg,3,1,fbs,fbd,nyumuo,nyumuo,0
9drp8p96ut,mfbg,3,1,fzs,fzd,nyumuo,nyumuo,0
9drp8p96ut,mfbg,6,2,mbs,mbd,šaaqaude,šaaqaude,0
9drp8p96ut,mfbg,6,2,mzs,mzd,töeqo,töeqo,0
9drp8p96ut,mfbg,6,2,fbs,fbd,šaaqaude,šaaqaude,0
9drp8p96ut,mfbg,6,2,fzs,fzd,töeqo,töeqo,0
9drp8p96ut,mfbg,1,3,mbs,mbd,øqoç,orinoçim,1
9drp8p96ut,mfbg,1,3,mzs,mzd,øqoç,orinoçim,1
9drp8p96ut,mfbg,1,3,fbs,fbd,orinoçim,øqoç,1
9drp8p96ut,mfbg,1,3,fzs,fzd,orinoçim,øqoç,1
9drp8p96ut,mfbg,2,4,mbs,mbd,etupol,etupol,0
9drp8p96ut,mfbg,2,4,mzs,mzd,etupol,etupol,0
9drp8p96ut,mfbg,2,4,fbs,fbd,awupav,etupol,1
9drp8p96ut,mfbg,2,4,fzs,fzd,awupav,etupol,1
9drp8p96ut,mfbg,5,5,mbs,mbd,rbāranžā,rbāranžā,0
9drp8p96ut,mfbg,5,5,mzs,mzd,rbāranžā,rbāranžā,0
9drp8p96ut,mfbg,5,5,fbs,fbd,rbāranžā,rbāranžā,0
9drp8p96ut,mfbg,5,5,fzs,fzd,pžicā,pžicā,0
9drp8p96ut,mfbg,8,6,mbs,mbd,kvurddåh,kvurddåh,0
9drp8p96ut,mfbg,8,6,mzs,mzd,sfêvdok,sfêvdok,0
9drp8p96ut,mfbg,8,6,fbs,fbd,sfêvdok,sfêvdok,0
9drp8p96ut,mfbg,8,6,fzs,fzd,sfêvdok,sfêvdok,0
9drp8p96ut,mfbg,4,7,mbs,mbd,pygele,pygele,0
9drp8p96ut,mfbg,4,7,mzs,mzd,goviku,goviku,0
9drp8p96ut,mfbg,4,7,fbs,fbd,pygele,pygele,0
9drp8p96ut,mfbg,4,7,fzs,fzd,pygele,pygele,0
6xbr38yopd,fmgb,6,0,mbs,mbd,smêvskêv,smêvskêv,0
6xbr38yopd,fmgb,6,0,mzs,mzd,smêvskêv,smêvskêv,0
6xbr38yopd,fmgb,6,0,fbs,fbd,smêvskêv,smêvskêv,0
6xbr38yopd,fmgb,6,0,fzs,fzd,smêvskêv,smêvskêv,0
6xbr38yopd,fmgb,6,0,b,z,rhymsvåd,sfêvdok,1
6xbr38yopd,fmgb,1,1,mbs,mbd,kawuka,kawuka,0
6xbr38yopd,fmgb,1,1,mzs,mzd,kawuka,kawuka,0
6xbr38yopd,fmgb,1,1,fbs,fbd,ngapapu,ngapapu,0
6xbr38yopd,fmgb,1,1,fzs,fzd,ngapapu,ngapapu,0
6xbr38yopd,fmgb,4,2,mbs,mbd,içiqusem,adeçim,1
6xbr38yopd,fmgb,4,2,mzs,mzd,içiqusem,adeçim,1
6xbr38yopd,fmgb,4,2,fbs,fbd,içiqusem,adeçim,1
6xbr38yopd,fmgb,4,2,fzs,fzd,içiqusem,adeçim,1
6xbr38yopd,fmgb,3,3,mbs,mbd,yaöpe,canšuehu,1
6xbr38yopd,fmgb,3,3,mzs,mzd,yaöpe,canšuehu,1
6xbr38yopd,fmgb,3,3,fbs,fbd,yaöpe,canšuehu,1
6xbr38yopd,fmgb,3,3,fzs,fzd,yaöpe,canšuehu,1
6xbr38yopd,fmgb,8,4,mbs,mbd,ngcāžo,ngcāžo,0
6xbr38yopd,fmgb,8,4,mzs,mzd,ngcāžo,ngcāžo,0
6xbr38yopd,fmgb,8,4,fbs,fbd,vropcāre,vropcāre,0
6xbr38yopd,fmgb,8,4,fzs,fzd,ngcāžo,ngcāžo,0
6xbr38yopd,fmgb,7,5,mbs,mbd,idanuluf,idanuluf,0
6xbr38yopd,fmgb,7,5,mzs,mzd,idanuluf,idanuluf,0
6xbr38yopd,fmgb,7,5,fbs,fbd,idanuluf,idanuluf,0
6xbr38yopd,fmgb,7,5,fzs,fzd,ozatof,ozatof,0
6xbr38yopd,fmgb,5,6,mbs,mbd,kïmy,hïlaki,1
6xbr38yopd,fmgb,5,6,mzs,mzd,kïmy,hïlaki,1
6xbr38yopd,fmgb,5,6,fbs,fbd,lobowaby,bokokohï,1
6xbr38yopd,fmgb,5,6,fzs,fzd,lobowaby,bokokohï,1
6xbr38yopd,fmgb,2,7,mbs,mbd,huanăa,gêă,1
6xbr38yopd,fmgb,2,7,mzs,mzd,huanăa,gêă,1
6xbr38yopd,fmgb,2,7,fbs,fbd,nyumuo,nyumuo,0
6xbr38yopd,fmgb,2,7,fzs,fzd,nyumuo,nyumuo,0
ccehyx1t6d,fmgb,5,0,mbs,mbd,šïïnö,šïïnö,0
ccehyx1t6d,fmgb,5,0,mzs,mzd,šïïnö,šïïnö,0
ccehyx1t6d,fmgb,5,0,fbs,fbd,šïïnö,šïïnö,0
ccehyx1t6d,fmgb,5,0,fzs,fzd,šïïnö,šïïnö,0
ccehyx1t6d,fmgb,5,0,b,z,töeqo,yaöpe,1
ccehyx1t6d,fmgb,3,1,mbs,mbd,otev,otev,0
ccehyx1t6d,fmgb,3,1,mzs,mzd,otev,otev,0
ccehyx1t6d,fmgb,3,1,fbs,fbd,egezalat,egezalat,0
ccehyx1t6d,fmgb,3,1,fzs,fzd,egezalat,egezalat,0
ccehyx1t6d,fmgb,7,2,mbs,mbd,goviku,goviku,0
ccehyx1t6d,fmgb,7,2,mzs,mzd,goviku,goviku,0
ccehyx1t6d,fmgb,7,2,fbs,fbd,pygele,pygele,0
ccehyx1t6d,fmgb,7,2,fzs,fzd,pygele,pygele,0
ccehyx1t6d,fmgb,6,3,mbs,mbd,nžodo,nžodo,0
ccehyx1t6d,fmgb,6,3,mzs,mzd,vropcāre,vropcāre,0
ccehyx1t6d,fmgb,6,3,fbs,fbd,nžodo,nžodo,0
ccehyx1t6d,fmgb,6,3,fzs,fzd,nžodo,nžodo,0
ccehyx1t6d,fmgb,2,4,mbs,mbd,qăo,qăo,0
ccehyx1t6d,fmgb,2,4,mzs,mzd,qăo,qăo,0
ccehyx1t6d,fmgb,2,4,fbs,fbd,gêă,gêă,0
ccehyx1t6d,fmgb,2,4,fzs,fzd,gêă,gêă,0
ccehyx1t6d,fmgb,8,5,mbs,mbd,tsåvvses,rhåv,1
ccehyx1t6d,fmgb,8,5,mzs,mzd,tsåvvses,rhåv,1
ccehyx1t6d,fmgb,8,5,fbs,fbd,tsåvvses,rhåv,1
ccehyx1t6d,fmgb,8,5,fzs,fzd,tsåvvses,rhåv,1
ccehyx1t6d,fmgb,1,6,mbs,mbd,morïky,morïky,0
ccehyx1t6d,fmgb,1,6,mzs,mzd,morïky,hïlaki,1
ccehyx1t6d,fmgb,1,6,fbs,fbd,hïlaki,hïlaki,0
ccehyx1t6d,fmgb,1,6,fzs,fzd,hïlaki,hïlaki,0
ccehyx1t6d,fmgb,4,7,mbs,mbd,iqur,iqur,0
ccehyx1t6d,fmgb,4,7,mzs,mzd,iqur,iqur,0
ccehyx1t6d,fmgb,4,7,fbs,fbd,emøyeç,emøyeç,0
ccehyx1t6d,fmgb,4,7,fzs,fzd,emøyeç,emøyeç,0
zmpvzne4pl,fmbg,8,0,mbs,mbd,töeqo,canšuehu,1
zmpvzne4pl,fmbg,8,0,mzs,mzd,töeqo,canšuehu,1
zmpvzne4pl,fmbg,8,0,fbs,fbd,canšuehu,canšuehu,0
zmpvzne4pl,fmbg,8,0,fzs,fzd,töeqo,canšuehu,1
zmpvzne4pl,fmbg,8,0,b,z,töeqo,canšuehu,1
zmpvzne4pl,fmbg,4,1,mbs,mbd,ømenad,içiqusem,1
zmpvzne4pl,fmbg,4,1,mzs,mzd,ømenad,içiqusem,1
zmpvzne4pl,fmbg,4,1,fbs,fbd,içiqusem,aweh,1
zmpvzne4pl,fmbg,4,1,fzs,fzd,içiqusem,aweh,1
zmpvzne4pl,fmbg,2,2,mbs,mbd,pžicā,nžodo,1
zmpvzne4pl,fmbg,2,2,mzs,mzd,pžicā,cžunge,1
zmpvzne4pl,fmbg,2,2,fbs,fbd,pžicā,cžunge,1
zmpvzne4pl,fmbg,2,2,fzs,fzd,pžicā,cžunge,1
zmpvzne4pl,fmbg,5,3,mbs,mbd,lepego,wupu,1
zmpvzne4pl,fmbg,5,3,mzs,mzd,lepego,wupu,1
zmpvzne4pl,fmbg,5,3,fbs,fbd,lepego,wupu,1
zmpvzne4pl,fmbg,5,3,fzs,fzd,lepego,wupu,1
zmpvzne4pl,fmbg,7,4,mbs,mbd,etupol,etupol,0
zmpvzne4pl,fmbg,7,4,mzs,mzd,egezalat,etupol,1
zmpvzne4pl,fmbg,7,4,fbs,fbd,etupol,egezalat,1
zmpvzne4pl,fmbg,7,4,fzs,fzd,etupol,egezalat,1
zmpvzne4pl,fmbg,3,5,mbs,mbd,lobowaby,hïlaki,1
zmpvzne4pl,fmbg,3,5,mzs,mzd,hïlaki,hïlaki,0
zmpvzne4pl,fmbg,3,5,fbs,fbd,lobowaby,hïlaki,1
zmpvzne4pl,fmbg,3,5,fzs,fzd,lobowaby,lobowaby,0
zmpvzne4pl,fmbg,6,6,mbs,mbd,nyumuo,niuhiê,1
zmpvzne4pl,fmbg,6,6,mzs,mzd,nyumuo,gêă,1
zmpvzne4pl,fmbg,6,6,fbs,fbd,nyumuo,gêă,1
zmpvzne4pl,fmbg,6,6,fzs,fzd,nyumuo,gêă,1
zmpvzne4pl,fmbg,1,7,mbs,mbd,vrêd,vrêd,0
zmpvzne4pl,fmbg,1,7,mzs,mzd,vrêd,vrêd,0
zmpvzne4pl,fmbg,1,7,fbs,fbd,kvurddåh,kvurddåh,0
zmpvzne4pl,fmbg,1,7,fzs,fzd,kvurddåh,kvurddåh,0
3efko77scp,fmgb,7,0,mbs,mbd,lawolu,lawolu,0
3efko77scp,fmgb,7,0,mzs,mzd,lawolu,lawolu,0
3efko77scp,fmgb,7,0,fbs,fbd,lawolu,lawolu,0
3efko77scp,fmgb,7,0,fzs,fzd,lawolu,lawolu,0
3efko77scp,fmgb,7,0,b,z,powisunge,powisunge,0
3efko77scp,fmgb,3,1,mbs,mbd,nžodo,žbodu,1
3efko77scp,fmgb,3,1,mzs,mzd,nžodo,žbodu,1
3efko77scp,fmgb,3,1,fbs,fbd,nžodo,žbodu,1
3efko77scp,fmgb,3,1,fzs,fzd,nžodo,žbodu,1
3efko77scp,fmgb,6,2,mbs,mbd,möïtu,töeqo,1
3efko77scp,fmgb,6,2,mzs,mzd,möïtu,töeqo,1
3efko77scp,fmgb,6,2,fbs,fbd,yaöpe,canšuehu,1
3efko77scp,fmgb,6,2,fzs,fzd,yaöpe,canšuehu,1
3efko77scp,fmgb,1,3,mbs,mbd,uquçun,adeçim,1
3efko77scp,fmgb,1,3,mzs,mzd,ømenad,iqur,1
3efko77scp,fmgb,1,3,fbs,fbd,ømenad,iqur,1
3efko77scp,fmgb,1,3,fzs,fzd,adeçim,uquçun,1
3efko77scp,fmgb,4,4,mbs,mbd,qăo,nyumuo,1
3efko77scp,fmgb,4,4,mzs,mzd,qăo,nyumuo,1
3efko77scp,fmgb,4,4,fbs,fbd,qăo,nyumuo,1
3efko77scp,fmgb,4,4,fzs,fzd,qăo,nyumuo,1
3efko77scp,fmgb,8,5,mbs,mbd,męwaqïfe,męwaqïfe,0
3efko77scp,fmgb,8,5,mzs,mzd,męwaqïfe,męwaqïfe,0
3efko77scp,fmgb,8,5,fbs,fbd,ryvïri,ryvïri,0
3efko77scp,fmgb,8,5,fzs,fzd,ryvïri,ryvïri,0
3efko77scp,fmgb,5,6,mbs,mbd,sfêvdok,rhymsvåd,1
3efko77scp,fmgb,5,6,mzs,mzd,sfêvdok,rhymsvåd,1
3efko77scp,fmgb,5,6,fbs,fbd,ktåvrhus,svik,1
3efko77scp,fmgb,5,6,fzs,fzd,ktåvrhus,svik,1
3efko77scp,fmgb,2,7,mbs,mbd,ilug,ilug,0
3efko77scp,fmgb,2,7,mzs,mzd,otev,otev,0
3efko77scp,fmgb,2,7,fbs,fbd,otev,otev,0
3efko77scp,fmgb,2,7,fzs,fzd,ilug,ilug,0
llelh1mjm8,mfbg,1,0,mbs,mbd,lepego,lepego,0
llelh1mjm8,mfbg,1,0,mzs,mzd,lepego,lepego,0
llelh1mjm8,mfbg,1,0,fbs,fbd,lepego,lepego,0
llelh1mjm8,mfbg,1,0,fzs,fzd,lepego,lepego,0
llelh1mjm8,mfbg,1,0,b,z,popingi,popingi,0
llelh1mjm8,mfbg,8,1,mbs,mbd,azuf,azuf,0
llelh1mjm8,mfbg,8,1,mzs,mzd,agivud,agivud,0
llelh1mjm8,mfbg,8,1,fbs,fbd,azuf,azuf,0
llelh1mjm8,mfbg,8,1,fzs,fzd,agivud,agivud,0
llelh1mjm8,mfbg,7,2,mbs,mbd,möïtu,möïtu,0
llelh1mjm8,mfbg,7,2,mzs,mzd,nuubö,nuubö,0
llelh1mjm8,mfbg,7,2,fbs,fbd,möïtu,möïtu,0
llelh1mjm8,mfbg,7,2,fzs,fzd,nuubö,nuubö,0
llelh1mjm8,mfbg,5,3,mbs,mbd,orinoçim,orinoçim,0
llelh1mjm8,mfbg,5,3,mzs,mzd,orinoçim,orinoçim,0
llelh1mjm8,mfbg,5,3,fbs,fbd,øqoç,øqoç,0
llelh1mjm8,mfbg,5,3,fzs,fzd,øqoç,øqoç,0
llelh1mjm8,mfbg,6,4,mbs,mbd,ngcāžo,ngcāžo,0
llelh1mjm8,mfbg,6,4,mzs,mzd,vbāžo,vbāžo,0
llelh1mjm8,mfbg,6,4,fbs,fbd,ngcāžo,ngcāžo,0
llelh1mjm8,mfbg,6,4,fzs,fzd,vbāžo,vbāžo,0
llelh1mjm8,mfbg,4,5,mbs,mbd,zuvewu,zuvewu,0
llelh1mjm8,mfbg,4,5,mzs,mzd,zuvewu,zuvewu,0
llelh1mjm8,mfbg,4,5,fbs,fbd,bybï,bybï,0
llelh1mjm8,mfbg,4,5,fzs,fzd,bybï,bybï,0
llelh1mjm8,mfbg,3,6,mbs,mbd,baumiă,baumiă,0
llelh1mjm8,mfbg,3,6,mzs,mzd,baumiă,baumiă,0
llelh1mjm8,mfbg,3,6,fbs,fbd,goozăi,goozăi,0
llelh1mjm8,mfbg,3,6,fzs,fzd,goozăi,goozăi,0
llelh1mjm8,mfbg,2,7,mbs,mbd,smêvskêv,smêvskêv,0
llelh1mjm8,mfbg,2,7,mzs,mzd,smêvskêv,smêvskêv,0
llelh1mjm8,mfbg,2,7,fbs,fbd,rhåv,rhåv,0
llelh1mjm8,mfbg,2,7,fzs,fzd,rhåv,rhåv,0
chksbtwpa9,mfbg,7,0,mbs,mbd,nyumuo,nyumuo,0
chksbtwpa9,mfbg,7,0,mzs,mzd,nyumuo,nyumuo,0
chksbtwpa9,mfbg,7,0,fbs,fbd,nyumuo,nyumuo,0
chksbtwpa9,mfbg,7,0,fzs,fzd,nyumuo,nyumuo,0
chksbtwpa9,mfbg,7,0,b,z,nyumuo,nyumuo,0
chksbtwpa9,mfbg,3,1,mbs,mbd,ngcāžo,ngcāžo,0
chksbtwpa9,mfbg,3,1,mzs,mzd,ngcāžo,ngcāžo,0
chksbtwpa9,mfbg,3,1,fbs,fbd,byure,byure,0
chksbtwpa9,mfbg,3,1,fzs,fzd,byure,byure,0
chksbtwpa9,mfbg,1,2,mbs,mbd,rhymsvåd,kvurddåh,1
chksbtwpa9,mfbg,1,2,mzs,mzd,rhymsvåd,kvurddåh,1
chksbtwpa9,mfbg,1,2,fbs,fbd,rhymsvåd,kvurddåh,1
chksbtwpa9,mfbg,1,2,fzs,fzd,rhymsvåd,kvurddåh,1
chksbtwpa9,mfbg,6,3,mbs,mbd,ømenad,øqoç,1
chksbtwpa9,mfbg,6,3,mzs,mzd,ømenad,øqoç,1
chksbtwpa9,mfbg,6,3,fbs,fbd,øqoç,øqoç,0
chksbtwpa9,mfbg,6,3,fzs,fzd,øqoç,ømenad,1
chksbtwpa9,mfbg,5,4,mbs,mbd,šïïnö,šïïnö,0
chksbtwpa9,mfbg,5,4,mzs,mzd,šïïnö,šïïnö,0
chksbtwpa9,mfbg,5,4,fbs,fbd,canšuehu,canšuehu,0
chksbtwpa9,mfbg,5,4,fzs,fzd,canšuehu,canšuehu,0
chksbtwpa9,mfbg,8,5,mbs,mbd,zuvewu,zuvewu,0
chksbtwpa9,mfbg,8,5,mzs,mzd,zuvewu,zuvewu,0
chksbtwpa9,mfbg,8,5,fbs,fbd,zuvewu,qïru,1
chksbtwpa9,mfbg,8,5,fzs,fzd,zuvewu,qïru,1
chksbtwpa9,mfbg,2,6,mbs,mbd,azuf,idanuluf,1
chksbtwpa9,mfbg,2,6,mzs,mzd,idanuluf,idanuluf,0
chksbtwpa9,mfbg,2,6,fbs,fbd,azuf,azuf,0
chksbtwpa9,mfbg,2,6,fzs,fzd,azuf,azuf,0
chksbtwpa9,mfbg,4,7,mbs,mbd,popingi,popingi,0
chksbtwpa9,mfbg,4,7,mzs,mzd,popingi,popingi,0
chksbtwpa9,mfbg,4,7,fbs,fbd,goviku,goviku,0
chksbtwpa9,mfbg,4,7,fzs,fzd,goviku,goviku,0
xxzu4htn68,mfbg,7,0,mbs,mbd,powisunge,powisunge,0
xxzu4htn68,mfbg,7,0,mzs,mzd,wupu,wupu,0
xxzu4htn68,mfbg,7,0,fbs,fbd,pygele,pygele,0
xxzu4htn68,mfbg,7,0,fzs,fzd,pygele,pygele,0
xxzu4htn68,mfbg,7,0,b,z,popingi,popingi,0
xxzu4htn68,mfbg,6,1,mbs,mbd,ømenad,øqoç,1
xxzu4htn68,mfbg,6,1,mzs,mzd,ømenad,øqoç,1
xxzu4htn68,mfbg,6,1,fbs,fbd,adeçim,orinoçim,1
xxzu4htn68,mfbg,6,1,fzs,fzd,adeçim,orinoçim,1
xxzu4htn68,mfbg,1,2,mbs,mbd,rbāranžā,pžicā,1
xxzu4htn68,mfbg,1,2,mzs,mzd,vropcāre,cžunge,1
xxzu4htn68,mfbg,1,2,fbs,fbd,rbāranžā,pžicā,1
xxzu4htn68,mfbg,1,2,fzs,fzd,vropcāre,cžunge,1
xxzu4htn68,mfbg,5,3,mbs,mbd,goozăi,niuhiê,1
xxzu4htn68,mfbg,5,3,mzs,mzd,hyonăo,nyumuo,1
xxzu4htn68,mfbg,5,3,fbs,fbd,hyonăo,nyumuo,1
xxzu4htn68,mfbg,5,3,fzs,fzd,goozăi,niuhiê,1
xxzu4htn68,mfbg,3,4,mbs,mbd,töeqo,töeqo,0
xxzu4htn68,mfbg,3,4,mzs,mzd,töeqo,töeqo,0
xxzu4htn68,mfbg,3,4,fbs,fbd,nuubö,yaöpe,1
xxzu4htn68,mfbg,3,4,fzs,fzd,töeqo,yaöpe,1
xxzu4htn68,mfbg,4,5,mbs,mbd,sfêvdok,tsåvvses,1
xxzu4htn68,mfbg,4,5,mzs,mzd,sfêvdok,tsåvvses,1
xxzu4htn68,mfbg,4,5,fbs,fbd,rhåv,tsåvvses,1
xxzu4htn68,mfbg,4,5,fzs,fzd,rhåv,rhåv,0
xxzu4htn68,mfbg,8,6,mbs,mbd,awupav,azuf,1
xxzu4htn68,mfbg,8,6,mzs,mzd,awupav,azuf,1
xxzu4htn68,mfbg,8,6,fbs,fbd,ilug,agivud,1
xxzu4htn68,mfbg,8,6,fzs,fzd,ilug,agivud,1
xxzu4htn68,mfbg,2,7,mbs,mbd,lobowaby,bybï,1
xxzu4htn68,mfbg,2,7,mzs,mzd,lobowaby,bybï,1
xxzu4htn68,mfbg,2,7,fbs,fbd,zuvewu,bokokohï,1
xxzu4htn68,mfbg,2,7,fzs,fzd,zuvewu,bokokohï,1
crh28aq5c9,mfbg,2,0,mbs,mbd,lepego,ngapapu,1
crh28aq5c9,mfbg,2,0,mzs,mzd,lepego,ngapapu,1
crh28aq5c9,mfbg,2,0,fbs,fbd,lepego,ngapapu,1
crh28aq5c9,mfbg,2,0,fzs,fzd,lepego,ngapapu,1
crh28aq5c9,mfbg,2,0,b,z,lepego,ngapapu,1
crh28aq5c9,mfbg,5,1,mbs,mbd,otev,otev,0
crh28aq5c9,mfbg,5,1,mzs,mzd,otev,otev,0
crh28aq5c9,mfbg,5,1,fbs,fbd,egezalat,egezalat,0
crh28aq5c9,mfbg,5,1,fzs,fzd,egezalat,egezalat,0
crh28aq5c9,mfbg,3,2,mbs,mbd,huanăa,huanăa,0
crh28aq5c9,mfbg,3,2,mzs,mzd,goozăi,goozăi,0
crh28aq5c9,mfbg,3,2,fbs,fbd,huanăa,huanăa,0
crh28aq5c9,mfbg,3,2,fzs,fzd,goozăi,goozăi,0
crh28aq5c9,mfbg,6,3,mbs,mbd,tsåvvses,tsåvvses,0
crh28aq5c9,mfbg,6,3,mzs,mzd,vrêd,vrêd,0
crh28aq5c9,mfbg,6,3,fbs,fbd,vrêd,vrêd,0
crh28aq5c9,mfbg,6,3,fzs,fzd,tsåvvses,tsåvvses,0
crh28aq5c9,mfbg,4,4,mbs,mbd,ngcāžo,pžicā,1
crh28aq5c9,mfbg,4,4,mzs,mzd,ngcāžo,pžicā,1
crh28aq5c9,mfbg,4,4,fbs,fbd,žbodu,rbāranžā,1
crh28aq5c9,mfbg,4,4,fzs,fzd,ngcāžo,pžicā,1
crh28aq5c9,mfbg,1,5,mbs,mbd,adeçim,aweh,1
crh28aq5c9,mfbg,1,5,mzs,mzd,adeçim,aweh,1
crh28aq5c9,mfbg,1,5,fbs,fbd,adeçim,aweh,1
crh28aq5c9,mfbg,1,5,fzs,fzd,emøyeç,iqur,1
crh28aq5c9,mfbg,7,6,mbs,mbd,šaaqaude,šaaqaude,0
crh28aq5c9,mfbg,7,6,mzs,mzd,nuubö,nuubö,0
crh28aq5c9,mfbg,7,6,fbs,fbd,nuubö,nuubö,0
crh28aq5c9,mfbg,7,6,fzs,fzd,nuubö,nuubö,0
crh28aq5c9,mfbg,8,7,mbs,mbd,ryvïri,ryvïri,0
crh28aq5c9,mfbg,8,7,mzs,mzd,bokokohï,bokokohï,0
crh28aq5c9,mfbg,8,7,fbs,fbd,ryvïri,ryvïri,0
crh28aq5c9,mfbg,8,7,fzs,fzd,ryvïri,ryvïri,0
q7mqc1mst0,mfgb,8,0,mbs,mbd,rbāranžā,ngcāžo,1
q7mqc1mst0,mfgb,8,0,mzs,mzd,rbāranžā,ngcāžo,1
q7mqc1mst0,mfgb,8,0,fbs,fbd,rbāranžā,ngcāžo,1
q7mqc1mst0,mfgb,8,0,fzs,fzd,rbāranžā,ngcāžo,1
q7mqc1mst0,mfgb,8,0,b,z,žbodu,vbāžo,1
q7mqc1mst0,mfgb,5,1,mbs,mbd,hïlaki,morïky,1
q7mqc1mst0,mfgb,5,1,mzs,mzd,hïlaki,morïky,1
q7mqc1mst0,mfgb,5,1,fbs,fbd,hïlaki,morïky,1
q7mqc1mst0,mfgb,5,1,fzs,fzd,hïlaki,morïky,1
q7mqc1mst0,mfgb,4,2,fbs,fbd,kawuka,lepego,1
q7mqc1mst0,mfgb,4,2,fzs,fzd,kawuka,lepego,1
q7mqc1mst0,mfgb,2,3,mbs,mbd,aweh,orinoçim,1
q7mqc1mst0,mfgb,2,3,mzs,mzd,aweh,orinoçim,1
q7mqc1mst0,mfgb,2,3,fbs,fbd,aweh,orinoçim,1
q7mqc1mst0,mfgb,2,3,fzs,fzd,aweh,orinoçim,1
q7mqc1mst0,mfgb,3,4,mbs,mbd,yaöpe,töeqo,1
q7mqc1mst0,mfgb,3,4,mzs,mzd,yaöpe,töeqo,1
q7mqc1mst0,mfgb,3,4,fbs,fbd,yaöpe,töeqo,1
q7mqc1mst0,mfgb,3,4,fzs,fzd,yaöpe,töeqo,1
q7mqc1mst0,mfgb,1,5,mbs,mbd,qăo,niuhiê,1
q7mqc1mst0,mfgb,1,5,mzs,mzd,qăo,niuhiê,1
q7mqc1mst0,mfgb,1,5,fbs,fbd,qăo,niuhiê,1
q7mqc1mst0,mfgb,1,5,fzs,fzd,qăo,niuhiê,1
q7mqc1mst0,mfgb,6,6,mbs,mbd,otev,azuf,1
q7mqc1mst0,mfgb,6,6,mzs,mzd,otev,azuf,1
q7mqc1mst0,mfgb,6,6,fbs,fbd,otev,azuf,1
q7mqc1mst0,mfgb,6,6,fzs,fzd,otev,azuf,1
q7mqc1mst0,mfgb,7,7,mbs,mbd,tsåvvses,ktåvrhus,1
q7mqc1mst0,mfgb,7,7,mzs,mzd,tsåvvses,ktåvrhus,1
q7mqc1mst0,mfgb,7,7,fbs,fbd,kvurddåh,ktot,1
q7mqc1mst0,mfgb,7,7,fzs,fzd,kvurddåh,ktot,1
qe6qdpy4b2,mfbg,1,0,mbs,mbd,vrêd,vrêd,0
qe6qdpy4b2,mfbg,1,0,mzs,mzd,vrêd,vrêd,0
qe6qdpy4b2,mfbg,1,0,fbs,fbd,vrêd,vrêd,0
qe6qdpy4b2,mfbg,1,0,fzs,fzd,vrêd,vrêd,0
qe6qdpy4b2,mfbg,1,0,b,z,rhymsvåd,rhymsvåd,0
qe6qdpy4b2,mfbg,5,1,mbs,mbd,aweh,aweh,0
qe6qdpy4b2,mfbg,5,1,mzs,mzd,aweh,aweh,0
qe6qdpy4b2,mfbg,5,1,fbs,fbd,uquçun,uquçun,0
qe6qdpy4b2,mfbg,5,1,fzs,fzd,uquçun,uquçun,0
qe6qdpy4b2,mfbg,6,2,mbs,mbd,zuvewu,zuvewu,0
qe6qdpy4b2,mfbg,6,2,mzs,mzd,zuvewu,zuvewu,0
qe6qdpy4b2,mfbg,6,2,fbs,fbd,zuvewu,zuvewu,0
qe6qdpy4b2,mfbg,6,2,fzs,fzd,bybï,bybï,0
qe6qdpy4b2,mfbg,2,3,mbs,mbd,šïïnö,möïtu,1
qe6qdpy4b2,mfbg,2,3,mzs,mzd,šïïnö,möïtu,1
qe6qdpy4b2,mfbg,2,3,fbs,fbd,šïïnö,möïtu,1
qe6qdpy4b2,mfbg,2,3,fzs,fzd,šïïnö,möïtu,1
qe6qdpy4b2,mfbg,3,4,mbs,mbd,agivud,idanuluf,1
qe6qdpy4b2,mfbg,3,4,mzs,mzd,agivud,idanuluf,1
qe6qdpy4b2,mfbg,3,4,fbs,fbd,idanuluf,egezalat,1
qe6qdpy4b2,mfbg,3,4,fzs,fzd,agivud,idanuluf,1
qe6qdpy4b2,mfbg,4,5,mbs,mbd,ngcāžo,pžicā,1
qe6qdpy4b2,mfbg,4,5,mzs,mzd,ngcāžo,pžicā,1
qe6qdpy4b2,mfbg,4,5,fbs,fbd,ngcāžo,pžicā,1
qe6qdpy4b2,mfbg,4,5,fzs,fzd,ngcāžo,pžicā,1
qe6qdpy4b2,mfbg,7,6,mbs,mbd,goviku,goviku,0
qe6qdpy4b2,mfbg,7,6,mzs,mzd,goviku,goviku,0
qe6qdpy4b2,mfbg,7,6,fbs,fbd,lepego,lepego,0
qe6qdpy4b2,mfbg,7,6,fzs,fzd,lepego,lepego,0
qe6qdpy4b2,mfbg,8,7,mbs,mbd,nyumuo,nyumuo,0
qe6qdpy4b2,mfbg,8,7,mzs,mzd,nyumuo,nyumuo,0
qe6qdpy4b2,mfbg,8,7,fbs,fbd,taobyo,taobyo,0
qe6qdpy4b2,mfbg,8,7,fzs,fzd,taobyo,taobyo,0
172k2sma4r,fmgb,8,0,mbs,mbd,awupav,awupav,0
172k2sma4r,fmgb,8,0,mzs,mzd,awupav,awupav,0
172k2sma4r,fmgb,8,0,fbs,fbd,awupav,awupav,0
172k2sma4r,fmgb,8,0,fzs,fzd,awupav,awupav,0
172k2sma4r,fmgb,8,0,b,z,agivud,agivud,0
172k2sma4r,fmgb,4,1,mbs,mbd,uquçun,uquçun,0
172k2sma4r,fmgb,4,1,mzs,mzd,uquçun,uquçun,0
172k2sma4r,fmgb,4,1,fbs,fbd,adeçim,adeçim,0
172k2sma4r,fmgb,4,1,fzs,fzd,adeçim,adeçim,0
172k2sma4r,fmgb,5,2,mbs,mbd,popingi,popingi,0
172k2sma4r,fmgb,5,2,mzs,mzd,popingi,popingi,0
172k2sma4r,fmgb,5,2,fbs,fbd,lawolu,lawolu,0
172k2sma4r,fmgb,5,2,fzs,fzd,lawolu,lawolu,0
172k2sma4r,fmgb,6,3,mbs,mbd,kvurddåh,kvurddåh,0
172k2sma4r,fmgb,6,3,mzs,mzd,kvurddåh,kvurddåh,0
172k2sma4r,fmgb,6,3,fbs,fbd,tsåvvses,tsåvvses,0
172k2sma4r,fmgb,6,3,fzs,fzd,tsåvvses,tsåvvses,0
172k2sma4r,fmgb,7,4,mbs,mbd,bokokohï,bokokohï,0
172k2sma4r,fmgb,7,4,mzs,mzd,bokokohï,bokokohï,0
172k2sma4r,fmgb,7,4,fbs,fbd,kïmy,kïmy,0
172k2sma4r,fmgb,7,4,fzs,fzd,bokokohï,bokokohï,0
172k2sma4r,fmgb,1,5,mbs,mbd,nuubö,nuubö,0
172k2sma4r,fmgb,1,5,mzs,mzd,nuubö,nuubö,0
172k2sma4r,fmgb,1,5,fbs,fbd,šaaqaude,šaaqaude,0
172k2sma4r,fmgb,1,5,fzs,fzd,šaaqaude,šaaqaude,0
172k2sma4r,fmgb,2,6,mbs,mbd,qăo,nyumuo,1
172k2sma4r,fmgb,2,6,mzs,mzd,qăo,nyumuo,1
172k2sma4r,fmgb,2,6,fbs,fbd,qăo,nyumuo,1
172k2sma4r,fmgb,2,6,fzs,fzd,qăo,nyumuo,1
172k2sma4r,fmgb,3,7,mbs,mbd,byure,byure,0
172k2sma4r,fmgb,3,7,mzs,mzd,ngcāžo,ngcāžo,0
172k2sma4r,fmgb,3,7,fbs,fbd,byure,byure,0
172k2sma4r,fmgb,3,7,fzs,fzd,byure,byure,0
